datum,bundesland_id,bundesland_name,behandlungsgruppe,behandlungsgruppe_level_2,anzahl_meldebereiche,intensivbetten_belegt,intensivbetten_frei,intensivbetten_7_tage_notfallreserve,kapazitaeten_frei_invasive_beatmung_gesamt,betriebssituation_regulaerer_betrieb,betriebssituation_teilweise_eingeschraenkt,betriebssituation_eingeschraenkt,betriebssituation_keine_angabe,einschraenkung_beatmungsgeraet,einschraenkung_material,einschraenkung_personal,einschraenkung_raum
2020-03-20,00,Deutschland,Erwachsene,ERWACHSENE,308,576,2866,NA,1842,245,42,17,4,NA,NA,NA,NA
2020-03-20,00,Deutschland,Kinder,NICU,4,0,20,NA,8,3,1,0,0,NA,NA,NA,NA
2020-03-20,00,Deutschland,Kinder,PICU,5,22,35,NA,26,3,0,2,0,NA,NA,NA,NA
2020-03-21,00,Deutschland,Erwachsene,ERWACHSENE,402,2828,3554,NA,2309,319,57,22,4,NA,NA,NA,NA
2020-03-21,00,Deutschland,Kinder,NICU,5,0,21,NA,8,4,1,0,0,NA,NA,NA,NA
2020-03-21,00,Deutschland,Kinder,PICU,10,43,52,NA,36,6,1,3,0,NA,NA,NA,NA
2020-03-22,00,Deutschland,Erwachsene,ERWACHSENE,426,3255,3712,NA,2403,335,58,26,7,NA,NA,NA,NA
2020-03-22,00,Deutschland,Kinder,NICU,5,1,21,NA,8,4,1,0,0,NA,NA,NA,NA
2020-03-22,00,Deutschland,Kinder,PICU,10,44,50,NA,34,6,1,3,0,NA,NA,NA,NA
2020-03-23,00,Deutschland,Erwachsene,ERWACHSENE,463,3778,4050,NA,2570,370,59,27,7,NA,NA,NA,NA
2020-03-23,00,Deutschland,Kinder,NICU,5,1,21,NA,8,4,1,0,0,NA,NA,NA,NA
2020-03-23,00,Deutschland,Kinder,PICU,11,53,50,NA,35,6,2,3,0,NA,NA,NA,NA
2020-03-24,00,Deutschland,Erwachsene,ERWACHSENE,533,4856,4712,NA,3005,416,80,30,7,NA,NA,NA,NA
2020-03-24,00,Deutschland,Kinder,NICU,6,23,27,NA,12,5,1,0,0,NA,NA,NA,NA
2020-03-24,00,Deutschland,Kinder,PICU,13,63,58,NA,39,8,1,4,0,NA,NA,NA,NA
2020-03-25,00,Deutschland,Erwachsene,ERWACHSENE,581,5471,5081,NA,3241,468,77,28,8,NA,NA,NA,NA
2020-03-25,00,Deutschland,Kinder,NICU,6,23,27,NA,11,5,1,0,0,NA,NA,NA,NA
2020-03-25,00,Deutschland,Kinder,PICU,15,102,65,NA,42,9,1,5,0,NA,NA,NA,NA
2020-03-26,00,Deutschland,Erwachsene,ERWACHSENE,591,5960,5159,NA,3318,476,80,26,9,NA,NA,NA,NA
2020-03-26,00,Deutschland,Kinder,NICU,5,23,24,NA,10,4,1,0,0,NA,NA,NA,NA
2020-03-26,00,Deutschland,Kinder,PICU,15,107,56,NA,33,10,1,4,0,NA,NA,NA,NA
2020-03-27,00,Deutschland,Erwachsene,ERWACHSENE,606,6274,5389,NA,3532,489,83,26,8,NA,NA,NA,NA
2020-03-27,00,Deutschland,Kinder,NICU,7,52,32,NA,13,6,1,0,0,NA,NA,NA,NA
2020-03-27,00,Deutschland,Kinder,PICU,15,100,58,NA,32,10,1,4,0,NA,NA,NA,NA
2020-03-28,00,Deutschland,Erwachsene,ERWACHSENE,616,6738,5411,NA,3574,490,91,26,9,NA,NA,NA,NA
2020-03-28,00,Deutschland,Kinder,NICU,7,52,34,NA,13,6,1,0,0,NA,NA,NA,NA
2020-03-28,00,Deutschland,Kinder,PICU,14,105,52,NA,26,8,2,4,0,NA,NA,NA,NA
2020-03-29,00,Deutschland,Erwachsene,ERWACHSENE,613,6724,5496,NA,3612,490,90,24,9,NA,NA,NA,NA
2020-03-29,00,Deutschland,Kinder,NICU,7,51,35,NA,14,6,1,0,0,NA,NA,NA,NA
2020-03-29,00,Deutschland,Kinder,PICU,14,99,58,NA,34,9,0,5,0,NA,NA,NA,NA
2020-03-30,00,Deutschland,Erwachsene,ERWACHSENE,622,7069,5626,NA,3701,500,90,23,9,NA,NA,NA,NA
2020-03-30,00,Deutschland,Kinder,NICU,7,53,33,NA,13,6,1,0,0,NA,NA,NA,NA
2020-03-30,00,Deutschland,Kinder,PICU,15,103,60,NA,34,11,0,4,0,NA,NA,NA,NA
2020-03-31,00,Deutschland,Erwachsene,ERWACHSENE,701,8392,6227,NA,4121,556,107,27,11,NA,NA,NA,NA
2020-03-31,00,Deutschland,Kinder,NICU,7,52,34,NA,13,6,1,0,0,NA,NA,NA,NA
2020-03-31,00,Deutschland,Kinder,PICU,15,106,76,NA,42,12,0,3,0,NA,NA,NA,NA
2020-04-01,00,Deutschland,Erwachsene,ERWACHSENE,789,9345,7094,NA,4710,626,121,32,10,NA,NA,NA,NA
2020-04-01,00,Deutschland,Kinder,NICU,8,52,40,NA,18,6,1,1,0,NA,NA,NA,NA
2020-04-01,00,Deutschland,Kinder,PICU,13,73,80,NA,37,10,0,3,0,NA,NA,NA,NA
2020-04-02,00,Deutschland,Erwachsene,ERWACHSENE,866,10662,8017,NA,5337,691,130,34,11,NA,NA,NA,NA
2020-04-02,00,Deutschland,Kinder,NICU,9,56,38,NA,18,8,0,1,0,NA,NA,NA,NA
2020-04-02,00,Deutschland,Kinder,PICU,13,89,72,NA,34,9,1,3,0,NA,NA,NA,NA
2020-04-03,00,Deutschland,Erwachsene,ERWACHSENE,938,11708,8429,NA,5548,744,142,37,15,NA,NA,NA,NA
2020-04-03,00,Deutschland,Kinder,NICU,11,68,52,NA,23,9,1,1,0,NA,NA,NA,NA
2020-04-03,00,Deutschland,Kinder,PICU,16,112,85,NA,54,12,1,3,0,NA,NA,NA,NA
2020-04-04,00,Deutschland,Erwachsene,ERWACHSENE,983,11904,8689,NA,5708,783,138,42,19,1,1,3,1
2020-04-04,00,Deutschland,Kinder,NICU,11,90,52,NA,23,8,1,1,0,NA,NA,NA,NA
2020-04-04,00,Deutschland,Kinder,PICU,15,105,84,NA,52,11,1,3,0,NA,NA,NA,NA
2020-04-05,00,Deutschland,Erwachsene,ERWACHSENE,982,11931,8805,NA,5816,771,139,41,28,4,4,12,2
2020-04-05,00,Deutschland,Kinder,NICU,11,90,52,NA,23,7,1,1,0,NA,NA,NA,NA
2020-04-05,00,Deutschland,Kinder,PICU,15,111,79,NA,50,11,1,3,0,NA,NA,NA,NA
2020-04-06,00,Deutschland,Erwachsene,ERWACHSENE,978,11985,8809,NA,5813,751,137,44,43,14,13,34,10
2020-04-06,00,Deutschland,Kinder,NICU,10,84,50,NA,24,8,1,1,0,NA,NA,NA,NA
2020-04-06,00,Deutschland,Kinder,PICU,16,101,91,NA,57,11,1,4,0,0,0,0,0
2020-04-07,00,Deutschland,Erwachsene,ERWACHSENE,977,11927,8806,NA,5877,719,133,55,69,24,20,56,19
2020-04-07,00,Deutschland,Kinder,NICU,9,65,47,NA,23,7,1,1,0,NA,NA,NA,NA
2020-04-07,00,Deutschland,Kinder,PICU,15,100,87,NA,54,10,1,4,0,0,0,0,0
2020-04-08,00,Deutschland,Erwachsene,ERWACHSENE,978,12515,8967,NA,6007,708,115,65,89,30,29,84,27
2020-04-08,00,Deutschland,Kinder,NICU,11,130,50,NA,23,8,2,1,0,0,0,0,1
2020-04-08,00,Deutschland,Kinder,PICU,17,128,91,NA,58,12,4,1,0,0,0,3,1
2020-04-09,00,Deutschland,Erwachsene,ERWACHSENE,977,13118,9007,NA,6038,702,111,66,98,32,32,109,35
2020-04-09,00,Deutschland,Kinder,NICU,11,128,52,NA,24,9,1,1,0,NA,NA,NA,NA
2020-04-09,00,Deutschland,Kinder,PICU,16,108,84,NA,56,13,2,1,0,0,0,3,1
2020-04-10,00,Deutschland,Erwachsene,ERWACHSENE,944,12881,8986,NA,5977,664,102,73,105,27,30,114,34
2020-04-10,00,Deutschland,Kinder,NICU,9,126,50,NA,23,9,0,0,0,NA,NA,NA,NA
2020-04-10,00,Deutschland,Kinder,PICU,16,108,84,NA,51,12,3,1,0,0,0,4,1
2020-04-11,00,Deutschland,Erwachsene,ERWACHSENE,919,12462,9019,NA,5987,638,102,69,110,32,32,116,36
2020-04-11,00,Deutschland,Kinder,NICU,8,116,37,NA,19,8,0,0,0,NA,NA,NA,NA
2020-04-11,00,Deutschland,Kinder,PICU,17,125,83,NA,50,13,3,1,0,0,0,4,1
2020-04-12,00,Deutschland,Erwachsene,ERWACHSENE,936,12541,9164,NA,6073,656,102,72,106,32,32,114,34
2020-04-12,00,Deutschland,Kinder,NICU,8,116,37,NA,19,8,0,0,0,NA,NA,NA,NA
2020-04-12,00,Deutschland,Kinder,PICU,17,121,82,NA,50,14,2,1,0,0,0,3,1
2020-04-13,00,Deutschland,Erwachsene,ERWACHSENE,946,12830,9209,NA,6125,663,95,75,113,32,33,116,31
2020-04-13,00,Deutschland,Kinder,NICU,8,117,36,NA,17,8,0,0,0,NA,NA,NA,NA
2020-04-13,00,Deutschland,Kinder,PICU,15,118,73,NA,45,12,2,1,0,0,0,3,1
2020-04-14,00,Deutschland,Erwachsene,ERWACHSENE,977,13120,9438,NA,6301,692,95,75,115,34,29,110,37
2020-04-14,00,Deutschland,Kinder,NICU,8,118,35,NA,16,8,0,0,0,NA,NA,NA,NA
2020-04-14,00,Deutschland,Kinder,PICU,15,114,88,NA,55,12,2,1,0,0,0,3,1
2020-04-15,00,Deutschland,Erwachsene,ERWACHSENE,1038,14118,9915,NA,6728,751,92,74,121,39,31,111,31
2020-04-15,00,Deutschland,Kinder,NICU,8,99,39,NA,22,7,0,0,1,NA,NA,NA,NA
2020-04-15,00,Deutschland,Kinder,PICU,17,104,101,NA,65,13,1,1,2,0,0,2,1
2020-04-16,00,Deutschland,Erwachsene,ERWACHSENE,1135,15671,11204,NA,7775,824,89,81,141,39,32,116,33
2020-04-16,00,Deutschland,Kinder,NICU,11,116,55,NA,31,10,0,0,1,NA,NA,NA,NA
2020-04-16,00,Deutschland,Kinder,PICU,19,118,119,NA,72,15,1,1,2,0,0,2,1
2020-04-17,00,Deutschland,Erwachsene,ERWACHSENE,1205,16834,11450,NA,8032,861,113,90,141,41,29,128,55
2020-04-17,00,Deutschland,Kinder,NICU,11,119,57,NA,29,10,0,0,1,NA,NA,NA,NA
2020-04-17,00,Deutschland,Kinder,PICU,22,139,125,NA,78,15,1,1,5,0,0,2,1
2020-04-18,00,Deutschland,Erwachsene,ERWACHSENE,1249,17309,11601,NA,8242,878,116,86,169,36,30,139,48
2020-04-18,00,Deutschland,Kinder,NICU,12,121,67,NA,38,11,0,0,1,NA,NA,NA,NA
2020-04-18,00,Deutschland,Kinder,PICU,24,136,136,NA,85,16,2,1,5,0,0,3,2
2020-04-19,00,Deutschland,Erwachsene,ERWACHSENE,1252,16929,12027,NA,8456,897,108,86,161,38,30,132,51
2020-04-19,00,Deutschland,Kinder,NICU,12,124,64,NA,38,10,0,0,2,NA,NA,NA,NA
2020-04-19,00,Deutschland,Kinder,PICU,24,131,140,NA,89,16,1,1,6,0,0,2,2
2020-04-20,00,Deutschland,Erwachsene,ERWACHSENE,1268,17241,11989,NA,8434,914,114,90,150,37,30,132,57
2020-04-20,00,Deutschland,Kinder,NICU,13,123,72,NA,40,11,0,0,2,NA,NA,NA,NA
2020-04-20,00,Deutschland,Kinder,PICU,26,132,144,NA,93,18,3,0,5,0,0,2,2
2020-04-21,00,Deutschland,Erwachsene,ERWACHSENE,1282,18160,11867,NA,8479,917,113,95,157,39,32,131,62
2020-04-21,00,Deutschland,Kinder,NICU,14,125,72,NA,38,13,0,0,1,NA,NA,NA,NA
2020-04-21,00,Deutschland,Kinder,PICU,26,150,136,NA,88,18,3,1,4,1,1,3,3
2020-04-22,00,Deutschland,Erwachsene,ERWACHSENE,1289,18537,11897,NA,8522,926,112,94,157,35,35,134,55
2020-04-22,00,Deutschland,Kinder,NICU,16,135,77,NA,41,15,0,0,1,NA,NA,NA,NA
2020-04-22,00,Deutschland,Kinder,PICU,27,159,124,NA,87,17,5,1,4,1,1,4,4
2020-04-23,00,Deutschland,Erwachsene,ERWACHSENE,1304,18698,11939,NA,8531,937,104,110,153,36,33,139,64
2020-04-23,00,Deutschland,Kinder,NICU,19,168,100,NA,49,17,0,0,2,NA,NA,NA,NA
2020-04-23,00,Deutschland,Kinder,PICU,29,163,134,NA,98,18,4,2,5,1,1,4,4
2020-04-24,00,Deutschland,Erwachsene,ERWACHSENE,1308,18876,11986,NA,8628,925,113,108,162,37,32,145,69
2020-04-24,00,Deutschland,Kinder,NICU,19,168,109,NA,58,17,0,0,2,NA,NA,NA,NA
2020-04-24,00,Deutschland,Kinder,PICU,30,190,152,NA,109,19,4,3,4,1,1,5,4
2020-04-25,00,Deutschland,Erwachsene,ERWACHSENE,1308,18737,12012,NA,8574,933,111,106,158,34,31,146,66
2020-04-25,00,Deutschland,Kinder,NICU,20,169,110,NA,58,19,0,0,1,NA,NA,NA,NA
2020-04-25,00,Deutschland,Kinder,PICU,31,193,163,NA,114,20,3,3,5,1,1,4,4
2020-04-26,00,Deutschland,Erwachsene,ERWACHSENE,1308,18253,12415,NA,8902,934,111,105,158,36,33,135,69
2020-04-26,00,Deutschland,Kinder,NICU,20,168,115,NA,56,19,0,0,1,NA,NA,NA,NA
2020-04-26,00,Deutschland,Kinder,PICU,31,195,159,NA,114,22,4,2,3,1,1,4,4
2020-04-27,00,Deutschland,Erwachsene,ERWACHSENE,1309,18434,12255,NA,8810,942,106,104,157,34,31,137,69
2020-04-27,00,Deutschland,Kinder,NICU,21,171,118,NA,61,18,0,0,3,NA,NA,NA,NA
2020-04-27,00,Deutschland,Kinder,PICU,31,196,160,NA,117,21,4,2,4,1,1,4,4
2020-04-28,00,Deutschland,Erwachsene,ERWACHSENE,1313,18947,11926,NA,8684,948,111,103,151,33,32,138,68
2020-04-28,00,Deutschland,Kinder,NICU,23,192,121,NA,67,20,1,0,2,0,0,1,0
2020-04-28,00,Deutschland,Kinder,PICU,33,205,155,NA,117,22,2,4,5,1,1,4,4
2020-04-29,00,Deutschland,Erwachsene,ERWACHSENE,1318,19177,11882,NA,8682,949,114,96,159,33,31,137,65
2020-04-29,00,Deutschland,Kinder,NICU,24,209,117,NA,66,21,1,0,2,0,0,1,0
2020-04-29,00,Deutschland,Kinder,PICU,34,225,141,NA,115,23,2,4,5,1,1,4,4
2020-04-30,00,Deutschland,Erwachsene,ERWACHSENE,1318,19128,11920,NA,8663,948,108,102,160,35,29,138,65
2020-04-30,00,Deutschland,Kinder,NICU,25,221,122,NA,70,21,1,0,3,0,0,1,0
2020-04-30,00,Deutschland,Kinder,PICU,34,219,148,NA,118,24,3,4,3,1,1,5,4
2020-05-01,00,Deutschland,Erwachsene,ERWACHSENE,1325,19192,11994,NA,8713,955,113,92,165,33,26,140,59
2020-05-01,00,Deutschland,Kinder,NICU,29,231,147,NA,88,24,2,0,3,0,0,2,0
2020-05-01,00,Deutschland,Kinder,PICU,35,218,149,NA,110,25,1,5,4,1,1,5,4
2020-05-02,00,Deutschland,Erwachsene,ERWACHSENE,1325,18553,12590,NA,9031,963,103,97,162,32,25,139,59
2020-05-02,00,Deutschland,Kinder,NICU,29,239,140,NA,81,25,1,1,2,0,0,2,0
2020-05-02,00,Deutschland,Kinder,PICU,35,214,176,NA,127,23,4,4,4,2,1,6,4
2020-05-03,00,Deutschland,Erwachsene,ERWACHSENE,1325,18679,12454,NA,8982,954,109,98,164,33,24,138,61
2020-05-03,00,Deutschland,Kinder,NICU,29,238,140,NA,85,23,1,1,4,0,0,2,0
2020-05-03,00,Deutschland,Kinder,PICU,35,211,176,NA,122,24,4,4,3,2,1,6,4
2020-05-04,00,Deutschland,Erwachsene,ERWACHSENE,1325,18591,12393,NA,8915,983,100,93,149,32,24,133,52
2020-05-04,00,Deutschland,Kinder,NICU,31,241,147,NA,93,25,1,2,3,0,0,2,1
2020-05-04,00,Deutschland,Kinder,PICU,35,218,174,NA,124,24,4,4,3,1,1,6,5
2020-05-05,00,Deutschland,Erwachsene,ERWACHSENE,1328,19168,11808,NA,8594,984,101,94,149,31,24,132,59
2020-05-05,00,Deutschland,Kinder,NICU,31,252,139,NA,87,23,2,2,4,0,0,2,1
2020-05-05,00,Deutschland,Kinder,PICU,38,248,190,NA,129,28,5,3,2,0,1,6,4
2020-05-06,00,Deutschland,Erwachsene,ERWACHSENE,1327,19533,11538,NA,8390,987,103,85,152,27,22,132,52
2020-05-06,00,Deutschland,Kinder,NICU,31,269,126,NA,83,25,2,1,3,0,0,2,1
2020-05-06,00,Deutschland,Kinder,PICU,38,264,175,NA,119,27,5,3,3,1,1,6,5
2020-05-07,00,Deutschland,Erwachsene,ERWACHSENE,1326,19508,11503,NA,8264,977,115,81,153,28,18,133,58
2020-05-07,00,Deutschland,Kinder,NICU,31,275,120,NA,77,24,3,1,3,0,0,2,2
2020-05-07,00,Deutschland,Kinder,PICU,38,253,180,NA,116,26,5,3,4,1,1,7,5
2020-05-08,00,Deutschland,Erwachsene,ERWACHSENE,1326,19456,11365,NA,8227,989,105,85,147,28,19,125,57
2020-05-08,00,Deutschland,Kinder,NICU,31,294,117,NA,74,27,1,1,2,0,0,1,1
2020-05-08,00,Deutschland,Kinder,PICU,38,257,169,NA,106,26,6,3,3,1,1,8,5
2020-05-09,00,Deutschland,Erwachsene,ERWACHSENE,1326,19260,11574,NA,8340,986,108,87,145,27,19,125,58
2020-05-09,00,Deutschland,Kinder,NICU,31,274,133,NA,82,28,1,1,1,0,0,1,1
2020-05-09,00,Deutschland,Kinder,PICU,38,253,172,NA,111,26,5,3,4,0,1,7,4
2020-05-10,00,Deutschland,Erwachsene,ERWACHSENE,1326,18707,11991,NA,8584,982,104,87,153,26,19,127,55
2020-05-10,00,Deutschland,Kinder,NICU,31,281,121,NA,75,24,2,2,3,0,0,2,2
2020-05-10,00,Deutschland,Kinder,PICU,38,241,187,NA,119,26,5,4,3,0,1,8,4
2020-05-11,00,Deutschland,Erwachsene,ERWACHSENE,1327,18864,11835,NA,8456,991,103,87,146,27,19,124,58
2020-05-11,00,Deutschland,Kinder,NICU,31,284,119,NA,72,26,1,1,3,0,0,1,1
2020-05-11,00,Deutschland,Kinder,PICU,38,241,166,NA,113,28,3,4,3,0,1,6,3
2020-05-12,00,Deutschland,Erwachsene,ERWACHSENE,1335,19764,11605,NA,8310,989,100,92,154,27,22,122,62
2020-05-12,00,Deutschland,Kinder,NICU,31,272,137,NA,83,26,1,1,3,0,0,1,1
2020-05-12,00,Deutschland,Kinder,PICU,38,238,176,NA,121,28,2,5,3,0,1,6,3
2020-05-13,00,Deutschland,Erwachsene,ERWACHSENE,1337,19704,11275,NA,8104,984,109,98,146,28,21,130,66
2020-05-13,00,Deutschland,Kinder,NICU,31,260,129,NA,83,26,1,1,3,0,0,1,1
2020-05-13,00,Deutschland,Kinder,PICU,38,245,166,NA,117,25,3,4,6,0,1,5,3
2020-05-14,00,Deutschland,Erwachsene,ERWACHSENE,1341,19634,11435,NA,8234,995,103,94,149,27,20,128,63
2020-05-14,00,Deutschland,Kinder,NICU,31,255,139,NA,91,27,0,1,3,0,0,0,1
2020-05-14,00,Deutschland,Kinder,PICU,38,227,169,NA,124,25,3,4,6,0,1,6,3
2020-05-15,00,Deutschland,Erwachsene,ERWACHSENE,1341,19963,11114,NA,8038,1002,99,90,150,24,20,125,61
2020-05-15,00,Deutschland,Kinder,NICU,31,262,131,NA,83,26,1,1,3,0,0,1,1
2020-05-15,00,Deutschland,Kinder,PICU,38,229,170,NA,125,26,3,4,5,0,1,7,2
2020-05-16,00,Deutschland,Erwachsene,ERWACHSENE,1341,19602,11309,NA,8118,1008,101,83,149,23,19,119,58
2020-05-16,00,Deutschland,Kinder,NICU,31,267,123,NA,77,26,1,1,3,0,0,1,1
2020-05-16,00,Deutschland,Kinder,PICU,38,226,172,NA,128,25,2,4,7,0,0,6,2
2020-05-17,00,Deutschland,Erwachsene,ERWACHSENE,1341,19083,11882,NA,8503,1005,105,80,151,21,19,121,61
2020-05-17,00,Deutschland,Kinder,NICU,31,266,122,NA,73,26,1,1,3,0,0,1,1
2020-05-17,00,Deutschland,Kinder,PICU,37,211,168,NA,117,24,2,4,7,0,0,6,1
2020-05-18,00,Deutschland,Erwachsene,ERWACHSENE,1342,19041,11838,NA,8508,1020,93,80,149,23,19,114,55
2020-05-18,00,Deutschland,Kinder,NICU,31,260,128,NA,80,26,1,1,3,0,0,1,1
2020-05-18,00,Deutschland,Kinder,PICU,38,228,169,NA,123,25,4,4,5,0,0,7,1
2020-05-19,00,Deutschland,Erwachsene,ERWACHSENE,1344,19618,11097,NA,8127,1001,101,87,155,25,19,121,67
2020-05-19,00,Deutschland,Kinder,NICU,32,270,126,NA,79,27,1,1,3,0,0,1,1
2020-05-19,00,Deutschland,Kinder,PICU,39,237,162,NA,118,27,3,5,4,0,0,8,2
2020-05-20,00,Deutschland,Erwachsene,ERWACHSENE,1344,19849,11040,NA,8036,1007,97,84,156,25,21,119,57
2020-05-20,00,Deutschland,Kinder,NICU,32,282,112,NA,68,28,0,1,3,0,0,0,1
2020-05-20,00,Deutschland,Kinder,PICU,40,252,165,NA,122,28,4,4,4,0,0,8,2
2020-05-21,00,Deutschland,Erwachsene,ERWACHSENE,1344,19822,11061,NA,7948,1009,98,85,152,26,20,122,55
2020-05-21,00,Deutschland,Kinder,NICU,33,300,124,NA,80,27,1,1,4,0,0,1,1
2020-05-21,00,Deutschland,Kinder,PICU,40,257,165,NA,116,28,4,5,3,0,0,7,2
2020-05-22,00,Deutschland,Erwachsene,ERWACHSENE,1343,19263,11604,NA,8413,1001,91,88,163,24,20,120,58
2020-05-22,00,Deutschland,Kinder,NICU,34,311,127,NA,82,27,1,2,4,1,0,1,2
2020-05-22,00,Deutschland,Kinder,PICU,40,248,171,NA,129,28,4,5,3,0,0,7,2
2020-05-23,00,Deutschland,Erwachsene,ERWACHSENE,1343,19450,11593,NA,8321,1003,95,89,156,24,17,125,62
2020-05-23,00,Deutschland,Kinder,NICU,34,315,128,NA,79,28,1,1,4,0,0,1,1
2020-05-23,00,Deutschland,Kinder,PICU,40,248,170,NA,132,29,4,4,3,0,0,7,2
2020-05-24,00,Deutschland,Erwachsene,ERWACHSENE,1343,18966,11942,NA,8535,1008,100,81,154,22,19,124,59
2020-05-24,00,Deutschland,Kinder,NICU,34,308,129,NA,87,26,1,2,5,0,0,2,1
2020-05-24,00,Deutschland,Kinder,PICU,40,250,167,NA,125,28,4,4,4,0,0,7,2
2020-05-25,00,Deutschland,Erwachsene,ERWACHSENE,1345,19021,11977,NA,8566,1012,100,86,147,25,19,123,60
2020-05-25,00,Deutschland,Kinder,NICU,35,333,151,NA,95,26,2,2,5,0,1,2,1
2020-05-25,00,Deutschland,Kinder,PICU,40,256,159,NA,121,29,3,4,4,0,0,6,1
2020-05-26,00,Deutschland,Erwachsene,ERWACHSENE,1346,19559,11319,NA,8178,1009,100,88,149,23,19,123,68
2020-05-26,00,Deutschland,Kinder,NICU,36,347,156,NA,101,27,2,2,5,0,1,2,1
2020-05-26,00,Deutschland,Kinder,PICU,40,258,158,NA,121,29,3,4,4,0,0,7,1
2020-05-27,00,Deutschland,Erwachsene,ERWACHSENE,1344,19820,10980,NA,7912,1020,95,83,146,25,18,118,62
2020-05-27,00,Deutschland,Kinder,NICU,37,357,147,NA,93,28,2,2,5,0,1,2,1
2020-05-27,00,Deutschland,Kinder,PICU,40,275,138,NA,107,29,3,4,4,0,0,6,1
2020-05-28,00,Deutschland,Erwachsene,ERWACHSENE,1344,19916,10843,NA,7897,1016,91,84,153,23,17,118,64
2020-05-28,00,Deutschland,Kinder,NICU,37,352,161,NA,100,30,1,1,5,0,1,0,1
2020-05-28,00,Deutschland,Kinder,PICU,39,266,136,NA,104,28,2,4,5,0,0,6,1
2020-05-29,00,Deutschland,Erwachsene,ERWACHSENE,1343,19844,10844,NA,7809,1012,96,82,153,23,18,117,69
2020-05-29,00,Deutschland,Kinder,NICU,37,349,162,NA,99,28,3,1,5,0,1,1,1
2020-05-29,00,Deutschland,Kinder,PICU,40,270,143,NA,111,28,4,4,4,0,0,7,2
2020-05-30,00,Deutschland,Erwachsene,ERWACHSENE,1342,19750,10957,NA,7960,1002,96,84,160,25,18,117,67
2020-05-30,00,Deutschland,Kinder,NICU,37,341,168,NA,105,29,2,1,5,0,1,0,1
2020-05-30,00,Deutschland,Kinder,PICU,40,260,154,NA,110,28,4,4,4,0,0,7,2
2020-05-31,00,Deutschland,Erwachsene,ERWACHSENE,1342,19084,11554,NA,8296,1004,91,86,161,23,16,118,68
2020-05-31,00,Deutschland,Kinder,NICU,37,339,166,NA,103,28,3,1,5,0,1,1,1
2020-05-31,00,Deutschland,Kinder,PICU,40,263,152,NA,107,28,5,3,4,0,0,7,2
2020-06-01,00,Deutschland,Erwachsene,ERWACHSENE,1342,19020,11624,NA,8320,999,97,83,163,22,16,120,64
2020-06-01,00,Deutschland,Kinder,NICU,37,337,170,NA,99,28,3,1,5,0,1,2,0
2020-06-01,00,Deutschland,Kinder,PICU,40,258,158,NA,111,27,6,3,4,0,0,8,2
2020-06-02,00,Deutschland,Erwachsene,ERWACHSENE,1339,19088,11525,NA,8324,1017,86,81,155,22,18,115,57
2020-06-02,00,Deutschland,Kinder,NICU,37,347,165,NA,93,27,3,2,5,0,1,2,2
2020-06-02,00,Deutschland,Kinder,PICU,40,256,161,NA,117,27,6,2,5,0,0,7,2
2020-06-03,00,Deutschland,Erwachsene,ERWACHSENE,1339,19788,10890,NA,7962,1006,93,85,155,22,18,114,66
2020-06-03,00,Deutschland,Kinder,NICU,37,350,150,NA,81,23,6,3,5,0,1,5,3
2020-06-03,00,Deutschland,Kinder,PICU,40,277,141,NA,103,26,5,5,4,1,0,9,3
2020-06-04,00,Deutschland,Erwachsene,ERWACHSENE,1339,20107,10546,NA,7652,1010,93,86,150,23,18,118,66
2020-06-04,00,Deutschland,Kinder,NICU,37,342,152,NA,88,24,3,4,6,0,1,4,3
2020-06-04,00,Deutschland,Kinder,PICU,40,281,136,NA,101,26,7,3,4,0,0,8,3
2020-06-05,00,Deutschland,Erwachsene,ERWACHSENE,1338,20186,10451,NA,7602,996,98,90,154,21,17,122,69
2020-06-05,00,Deutschland,Kinder,NICU,37,342,158,NA,91,27,3,1,6,0,1,3,1
2020-06-05,00,Deutschland,Kinder,PICU,39,267,133,NA,98,25,6,4,4,0,0,10,2
2020-06-06,00,Deutschland,Erwachsene,ERWACHSENE,1339,19910,10698,NA,7699,1000,100,79,160,21,17,125,60
2020-06-06,00,Deutschland,Kinder,NICU,37,350,150,NA,84,26,4,1,6,0,1,2,2
2020-06-06,00,Deutschland,Kinder,PICU,40,274,141,NA,100,25,7,4,4,0,0,10,3
2020-06-07,00,Deutschland,Erwachsene,ERWACHSENE,1339,19324,11249,NA,8043,997,94,84,164,22,16,123,60
2020-06-07,00,Deutschland,Kinder,NICU,37,352,150,NA,88,26,4,1,6,0,1,3,2
2020-06-07,00,Deutschland,Kinder,PICU,40,270,147,NA,107,25,6,5,4,0,0,10,3
2020-06-08,00,Deutschland,Erwachsene,ERWACHSENE,1339,19179,11391,NA,8213,1012,94,76,157,22,16,116,55
2020-06-08,00,Deutschland,Kinder,NICU,37,352,149,NA,89,24,4,2,7,0,1,5,2
2020-06-08,00,Deutschland,Kinder,PICU,40,278,144,NA,109,25,6,4,5,0,0,9,4
2020-06-09,00,Deutschland,Erwachsene,ERWACHSENE,1343,20016,10641,NA,7722,1009,98,77,159,22,16,114,66
2020-06-09,00,Deutschland,Kinder,NICU,37,350,157,NA,96,25,3,1,8,0,1,3,1
2020-06-09,00,Deutschland,Kinder,PICU,40,289,140,NA,109,25,6,4,5,0,0,8,2
2020-06-10,00,Deutschland,Erwachsene,ERWACHSENE,1344,20164,10526,NA,7662,994,97,86,167,26,16,117,69
2020-06-10,00,Deutschland,Kinder,NICU,38,364,154,NA,97,27,3,1,7,0,1,3,1
2020-06-10,00,Deutschland,Kinder,PICU,40,292,136,NA,106,25,7,4,4,0,0,9,2
2020-06-11,00,Deutschland,Erwachsene,ERWACHSENE,1346,20090,10569,NA,7647,988,98,89,171,26,17,120,66
2020-06-11,00,Deutschland,Kinder,NICU,38,358,162,NA,99,26,4,1,7,0,1,4,1
2020-06-11,00,Deutschland,Kinder,PICU,40,302,129,NA,103,26,5,5,4,0,0,9,2
2020-06-12,00,Deutschland,Erwachsene,ERWACHSENE,1346,19622,10992,NA,7927,991,96,85,174,23,17,116,64
2020-06-12,00,Deutschland,Kinder,NICU,38,359,156,NA,93,27,3,1,7,0,1,3,1
2020-06-12,00,Deutschland,Kinder,PICU,39,277,146,NA,113,26,5,4,4,0,0,8,2
2020-06-13,00,Deutschland,Erwachsene,ERWACHSENE,1347,19565,10967,NA,7898,984,98,87,178,21,16,122,67
2020-06-13,00,Deutschland,Kinder,NICU,39,357,160,NA,94,27,3,3,6,0,1,5,1
2020-06-13,00,Deutschland,Kinder,PICU,40,280,150,NA,112,27,4,5,4,0,0,9,2
2020-06-14,00,Deutschland,Erwachsene,ERWACHSENE,1347,19179,11325,NA,8155,986,98,87,176,22,18,125,62
2020-06-14,00,Deutschland,Kinder,NICU,39,363,157,NA,93,28,3,2,6,0,1,4,1
2020-06-14,00,Deutschland,Kinder,PICU,40,262,165,NA,121,27,4,5,4,0,0,9,2
2020-06-15,00,Deutschland,Erwachsene,ERWACHSENE,1346,19267,11343,NA,8156,996,97,81,172,21,18,118,59
2020-06-15,00,Deutschland,Kinder,NICU,39,350,173,NA,101,29,3,2,5,0,1,4,1
2020-06-15,00,Deutschland,Kinder,PICU,40,256,168,NA,124,28,4,5,3,0,0,9,2
2020-06-16,00,Deutschland,Erwachsene,ERWACHSENE,1346,19985,10665,NA,7710,1005,93,78,170,17,16,118,53
2020-06-16,00,Deutschland,Kinder,NICU,39,350,174,NA,103,31,3,1,4,0,1,3,1
2020-06-16,00,Deutschland,Kinder,PICU,40,252,169,NA,122,29,3,5,3,0,0,8,2
2020-06-17,00,Deutschland,Erwachsene,ERWACHSENE,1346,20267,10400,NA,7550,999,93,80,174,18,17,117,58
2020-06-17,00,Deutschland,Kinder,NICU,39,358,166,NA,101,31,3,1,4,0,1,3,1
2020-06-17,00,Deutschland,Kinder,PICU,40,276,145,NA,103,27,5,5,3,0,0,9,3
2020-06-18,00,Deutschland,Erwachsene,ERWACHSENE,1347,20394,10374,NA,7561,1000,91,80,176,20,16,115,56
2020-06-18,00,Deutschland,Kinder,NICU,39,362,155,NA,92,30,3,1,5,0,1,3,1
2020-06-18,00,Deutschland,Kinder,PICU,40,279,149,NA,105,26,5,6,3,0,0,9,5
2020-06-19,00,Deutschland,Erwachsene,ERWACHSENE,1347,20487,10271,NA,7490,1006,89,85,167,21,16,119,56
2020-06-19,00,Deutschland,Kinder,NICU,39,366,149,NA,91,29,4,1,5,0,1,3,2
2020-06-19,00,Deutschland,Kinder,PICU,40,271,155,NA,108,27,5,5,3,0,0,9,3
2020-06-20,00,Deutschland,Erwachsene,ERWACHSENE,1349,20174,10519,NA,7579,1007,87,87,168,18,17,121,57
2020-06-20,00,Deutschland,Kinder,NICU,40,375,155,NA,94,29,4,1,6,0,1,3,2
2020-06-20,00,Deutschland,Kinder,PICU,40,268,154,NA,108,27,5,5,3,0,0,9,3
2020-06-21,00,Deutschland,Erwachsene,ERWACHSENE,1349,19605,11077,NA,7947,1002,86,86,175,19,17,117,59
2020-06-21,00,Deutschland,Kinder,NICU,40,370,159,NA,96,29,4,1,6,0,1,3,2
2020-06-21,00,Deutschland,Kinder,PICU,40,258,168,NA,121,26,5,5,4,0,0,9,3
2020-06-22,00,Deutschland,Erwachsene,ERWACHSENE,1352,19623,11243,NA,8068,1016,88,78,170,17,16,112,58
2020-06-22,00,Deutschland,Kinder,NICU,40,371,156,NA,93,29,4,1,6,0,1,4,1
2020-06-22,00,Deutschland,Kinder,PICU,40,257,171,NA,126,27,4,6,3,0,0,9,3
2020-06-23,00,Deutschland,Erwachsene,ERWACHSENE,1353,20246,10610,NA,7696,1007,93,80,173,20,16,112,64
2020-06-23,00,Deutschland,Kinder,NICU,40,363,171,NA,103,29,5,1,5,0,1,5,2
2020-06-23,00,Deutschland,Kinder,PICU,40,274,151,NA,110,27,5,5,3,0,0,8,3
2020-06-24,00,Deutschland,Erwachsene,ERWACHSENE,1353,20328,10590,NA,7696,1014,90,76,173,20,15,110,62
2020-06-24,00,Deutschland,Kinder,NICU,40,370,168,NA,104,28,5,1,6,0,1,5,2
2020-06-24,00,Deutschland,Kinder,PICU,40,278,147,NA,108,26,4,6,4,0,0,9,4
2020-06-25,00,Deutschland,Erwachsene,ERWACHSENE,1351,20324,10546,NA,7715,1022,92,74,163,19,15,110,62
2020-06-25,00,Deutschland,Kinder,NICU,41,373,164,NA,104,29,6,1,5,0,1,6,1
2020-06-25,00,Deutschland,Kinder,PICU,40,277,152,NA,112,26,4,6,4,0,0,9,4
2020-06-26,00,Deutschland,Erwachsene,ERWACHSENE,1351,20470,10335,NA,7548,1011,94,76,170,18,15,115,61
2020-06-26,00,Deutschland,Kinder,NICU,41,366,167,NA,103,29,6,1,5,0,1,6,1
2020-06-26,00,Deutschland,Kinder,PICU,39,266,153,NA,117,25,5,5,4,0,0,8,3
2020-06-27,00,Deutschland,Erwachsene,ERWACHSENE,1352,20260,10539,NA,7593,1010,79,82,181,17,15,114,55
2020-06-27,00,Deutschland,Kinder,NICU,41,376,162,NA,103,30,5,1,5,0,1,5,2
2020-06-27,00,Deutschland,Kinder,PICU,39,268,150,NA,110,26,3,5,5,0,0,7,4
2020-06-28,00,Deutschland,Erwachsene,ERWACHSENE,1352,19759,11015,NA,7884,1009,84,76,183,15,15,116,49
2020-06-28,00,Deutschland,Kinder,NICU,41,378,156,NA,96,30,5,1,5,0,1,5,2
2020-06-28,00,Deutschland,Kinder,PICU,39,267,155,NA,109,26,4,4,5,0,0,7,3
2020-06-29,00,Deutschland,Erwachsene,ERWACHSENE,1352,19700,11152,NA,8014,1020,81,70,181,17,14,109,47
2020-06-29,00,Deutschland,Kinder,NICU,42,386,163,NA,107,30,5,1,6,0,1,5,1
2020-06-29,00,Deutschland,Kinder,PICU,39,259,158,NA,112,26,4,5,4,0,0,8,3
2020-06-30,00,Deutschland,Erwachsene,ERWACHSENE,1352,20272,10630,NA,7695,1018,85,74,175,17,15,110,55
2020-06-30,00,Deutschland,Kinder,NICU,42,375,174,NA,118,31,4,1,6,0,1,4,1
2020-06-30,00,Deutschland,Kinder,PICU,39,270,148,NA,107,26,5,4,4,0,0,8,3
2020-07-01,00,Deutschland,Erwachsene,ERWACHSENE,1351,20656,10327,NA,7537,1018,83,73,177,17,14,109,49
2020-07-01,00,Deutschland,Kinder,NICU,42,374,180,NA,121,30,4,2,6,0,1,4,1
2020-07-01,00,Deutschland,Kinder,PICU,39,279,148,NA,106,26,5,4,4,0,0,7,3
2020-07-02,00,Deutschland,Erwachsene,ERWACHSENE,1351,20753,10219,NA,7450,1014,91,75,171,16,14,118,54
2020-07-02,00,Deutschland,Kinder,NICU,42,373,176,NA,116,30,4,2,6,0,1,4,1
2020-07-02,00,Deutschland,Kinder,PICU,40,285,156,NA,112,27,5,4,4,0,0,8,3
2020-07-03,00,Deutschland,Erwachsene,ERWACHSENE,1348,20537,10146,NA,7418,998,86,79,185,15,13,116,54
2020-07-03,00,Deutschland,Kinder,NICU,42,367,181,NA,121,30,4,1,7,0,1,4,1
2020-07-03,00,Deutschland,Kinder,PICU,40,273,169,NA,122,27,5,5,3,0,0,9,3
2020-07-04,00,Deutschland,Erwachsene,ERWACHSENE,1347,20176,10621,NA,7741,990,85,85,187,17,13,123,53
2020-07-04,00,Deutschland,Kinder,NICU,42,367,170,NA,107,29,4,2,7,0,1,5,1
2020-07-04,00,Deutschland,Kinder,PICU,40,259,177,NA,129,27,4,5,4,0,0,8,3
2020-07-05,00,Deutschland,Erwachsene,ERWACHSENE,1347,19621,11115,NA,8042,987,81,80,199,18,13,114,54
2020-07-05,00,Deutschland,Kinder,NICU,42,375,173,NA,115,29,3,3,7,1,1,5,1
2020-07-05,00,Deutschland,Kinder,PICU,40,255,176,NA,133,28,2,6,4,0,0,6,3
2020-07-06,00,Deutschland,Erwachsene,ERWACHSENE,1347,19665,11178,NA,8119,1011,76,74,186,15,13,111,45
2020-07-06,00,Deutschland,Kinder,NICU,44,401,181,NA,125,31,3,2,8,1,1,4,1
2020-07-06,00,Deutschland,Kinder,PICU,40,272,166,NA,124,30,2,5,3,0,0,6,3
2020-07-07,00,Deutschland,Erwachsene,ERWACHSENE,1347,20213,10716,NA,7880,1004,81,76,186,15,13,115,52
2020-07-07,00,Deutschland,Kinder,NICU,44,398,180,NA,117,32,3,2,7,1,1,4,1
2020-07-07,00,Deutschland,Kinder,PICU,40,276,163,NA,122,30,3,5,2,0,0,6,3
2020-07-08,00,Deutschland,Erwachsene,ERWACHSENE,1348,20430,10496,NA,7754,1018,78,73,179,14,12,112,46
2020-07-08,00,Deutschland,Kinder,NICU,45,387,189,NA,129,33,3,2,7,1,1,4,1
2020-07-08,00,Deutschland,Kinder,PICU,40,291,145,NA,109,29,3,6,2,0,0,7,3
2020-07-09,00,Deutschland,Erwachsene,ERWACHSENE,1347,20495,10388,NA,7683,1004,82,79,182,15,12,116,52
2020-07-09,00,Deutschland,Kinder,NICU,44,372,178,NA,116,33,3,2,6,1,1,4,1
2020-07-09,00,Deutschland,Kinder,PICU,39,281,151,NA,114,28,4,5,2,0,0,8,3
2020-07-10,00,Deutschland,Erwachsene,ERWACHSENE,1346,20588,10276,NA,7547,994,86,82,184,16,12,122,50
2020-07-10,00,Deutschland,Kinder,NICU,44,367,186,NA,121,32,3,3,6,1,1,4,1
2020-07-10,00,Deutschland,Kinder,PICU,38,273,144,NA,108,28,3,5,2,0,0,8,2
2020-07-11,00,Deutschland,Erwachsene,ERWACHSENE,1347,20322,10499,NA,7712,999,80,85,183,15,12,124,44
2020-07-11,00,Deutschland,Kinder,NICU,44,367,185,NA,120,31,3,3,7,1,1,4,1
2020-07-11,00,Deutschland,Kinder,PICU,39,285,148,NA,109,28,4,5,2,0,0,8,3
2020-07-12,00,Deutschland,Erwachsene,ERWACHSENE,1346,19714,10949,NA,8019,993,86,88,179,16,13,131,42
2020-07-12,00,Deutschland,Kinder,NICU,44,370,178,NA,116,30,4,3,7,1,1,4,2
2020-07-12,00,Deutschland,Kinder,PICU,39,271,160,NA,113,28,4,5,2,0,0,8,3
2020-07-13,00,Deutschland,Erwachsene,ERWACHSENE,1347,19583,11156,NA,8154,1010,76,82,179,16,12,120,43
2020-07-13,00,Deutschland,Kinder,NICU,44,358,191,NA,123,30,4,4,6,1,1,6,2
2020-07-13,00,Deutschland,Kinder,PICU,38,264,158,NA,113,26,5,4,3,0,0,8,3
2020-07-14,00,Deutschland,Erwachsene,ERWACHSENE,1347,20302,10502,NA,7804,1001,82,86,178,16,11,120,52
2020-07-14,00,Deutschland,Kinder,NICU,44,363,192,NA,121,30,4,3,7,1,1,5,2
2020-07-14,00,Deutschland,Kinder,PICU,37,283,132,NA,102,28,2,5,2,0,0,5,4
2020-07-15,00,Deutschland,Erwachsene,ERWACHSENE,1348,20691,10139,NA,7557,996,87,88,177,16,12,120,57
2020-07-15,00,Deutschland,Kinder,NICU,45,373,202,NA,128,29,4,3,9,1,1,5,2
2020-07-15,00,Deutschland,Kinder,PICU,38,296,135,NA,99,29,2,5,2,0,0,5,3
2020-07-16,00,Deutschland,Erwachsene,ERWACHSENE,1350,20731,10131,NA,7506,992,86,89,183,16,11,118,59
2020-07-16,00,Deutschland,Kinder,NICU,45,382,193,NA,116,29,4,4,8,1,1,6,2
2020-07-16,00,Deutschland,Kinder,PICU,38,291,140,NA,106,29,2,5,2,0,0,5,3
2020-07-17,00,Deutschland,Erwachsene,ERWACHSENE,1350,20792,10130,NA,7504,988,89,90,183,16,11,121,60
2020-07-17,00,Deutschland,Kinder,NICU,45,389,185,NA,114,29,5,3,8,0,1,6,1
2020-07-17,00,Deutschland,Kinder,PICU,39,274,154,NA,113,27,5,4,3,0,0,8,2
2020-07-18,00,Deutschland,Erwachsene,ERWACHSENE,1348,20403,10393,NA,7663,972,91,92,193,15,12,126,62
2020-07-18,00,Deutschland,Kinder,NICU,45,386,182,NA,113,30,4,4,7,0,1,5,1
2020-07-18,00,Deutschland,Kinder,PICU,39,266,164,NA,120,27,5,4,3,0,0,8,2
2020-07-19,00,Deutschland,Erwachsene,ERWACHSENE,1348,19924,10812,NA,7970,979,96,86,187,15,12,124,64
2020-07-19,00,Deutschland,Kinder,NICU,45,383,186,NA,110,30,4,3,8,0,1,4,1
2020-07-19,00,Deutschland,Kinder,PICU,39,240,175,NA,129,27,5,3,4,0,0,7,2
2020-07-20,00,Deutschland,Erwachsene,ERWACHSENE,1351,20063,10852,NA,8006,1008,83,80,180,16,11,116,53
2020-07-20,00,Deutschland,Kinder,NICU,47,385,192,NA,113,32,4,2,9,0,1,4,0
2020-07-20,00,Deutschland,Kinder,PICU,39,253,170,NA,127,28,5,3,3,0,0,7,2
2020-07-21,00,Deutschland,Erwachsene,ERWACHSENE,1347,20397,10464,NA,7835,1001,84,86,176,16,12,117,54
2020-07-21,00,Deutschland,Kinder,NICU,55,442,231,NA,151,37,4,2,12,0,1,4,0
2020-07-21,00,Deutschland,Kinder,PICU,45,282,173,NA,131,31,5,5,4,0,0,9,2
2020-07-22,00,Deutschland,Erwachsene,ERWACHSENE,1341,20540,10230,NA,7663,997,80,84,180,14,12,121,45
2020-07-22,00,Deutschland,Kinder,NICU,75,553,303,NA,205,50,5,5,15,0,1,7,1
2020-07-22,00,Deutschland,Kinder,PICU,58,316,191,NA,138,41,5,6,6,0,0,10,2
2020-07-23,00,Deutschland,Erwachsene,ERWACHSENE,1334,20451,10246,NA,7622,984,84,89,177,10,12,123,53
2020-07-23,00,Deutschland,Kinder,NICU,90,648,358,NA,253,61,5,6,18,0,1,8,1
2020-07-23,00,Deutschland,Kinder,PICU,75,357,244,NA,167,55,4,6,10,0,0,9,2
2020-07-24,00,Deutschland,Erwachsene,ERWACHSENE,1332,20500,10109,NA,7502,983,86,90,173,13,13,125,53
2020-07-24,00,Deutschland,Kinder,NICU,102,748,356,NA,254,72,7,6,17,0,1,10,3
2020-07-24,00,Deutschland,Kinder,PICU,82,340,256,NA,177,60,6,6,10,0,0,12,2
2020-07-25,00,Deutschland,Erwachsene,ERWACHSENE,1330,20208,10275,NA,7644,982,80,91,177,11,10,131,47
2020-07-25,00,Deutschland,Kinder,NICU,107,767,359,NA,261,74,8,7,18,0,1,11,4
2020-07-25,00,Deutschland,Kinder,PICU,86,338,292,NA,204,60,6,9,11,1,0,14,3
2020-07-26,00,Deutschland,Erwachsene,ERWACHSENE,1330,19719,10737,NA,7959,983,87,86,174,11,9,134,45
2020-07-26,00,Deutschland,Kinder,NICU,108,772,372,NA,267,75,7,8,18,0,1,11,4
2020-07-26,00,Deutschland,Kinder,PICU,87,334,297,NA,216,60,7,7,13,1,0,13,3
2020-07-27,00,Deutschland,Erwachsene,ERWACHSENE,1331,19606,10850,NA,8111,994,84,82,171,11,11,127,45
2020-07-27,00,Deutschland,Kinder,NICU,110,779,382,NA,271,76,8,9,17,0,1,13,5
2020-07-27,00,Deutschland,Kinder,PICU,88,342,331,NA,216,60,6,9,13,1,0,12,4
2020-07-28,00,Deutschland,Erwachsene,ERWACHSENE,1328,20177,10326,NA,7741,987,83,86,172,10,10,125,50
2020-07-28,00,Deutschland,Kinder,NICU,115,853,412,NA,286,79,8,8,20,0,1,12,5
2020-07-28,00,Deutschland,Kinder,PICU,91,342,292,NA,201,63,7,8,13,1,0,12,5
2020-07-29,00,Deutschland,Erwachsene,ERWACHSENE,1329,20301,10119,NA,7655,995,81,86,167,12,12,124,51
2020-07-29,00,Deutschland,Kinder,NICU,130,988,459,NA,325,89,10,9,22,0,1,13,6
2020-07-29,00,Deutschland,Kinder,PICU,103,392,304,NA,203,72,6,8,17,1,0,13,4
2020-07-30,00,Deutschland,Erwachsene,ERWACHSENE,1328,20078,10230,NA,7661,987,83,93,165,11,12,129,52
2020-07-30,00,Deutschland,Kinder,NICU,141,1056,511,NA,357,94,10,11,26,0,1,16,6
2020-07-30,00,Deutschland,Kinder,PICU,113,418,325,NA,222,80,9,7,17,1,0,15,5
2020-07-31,00,Deutschland,Erwachsene,ERWACHSENE,1329,20117,10147,NA,7571,981,81,101,166,12,12,136,52
2020-07-31,00,Deutschland,Kinder,NICU,144,1057,533,NA,365,94,10,12,28,0,1,16,7
2020-07-31,00,Deutschland,Kinder,PICU,116,392,348,NA,230,81,7,9,19,1,0,15,5
2020-08-01,00,Deutschland,Erwachsene,ERWACHSENE,1331,19823,10312,NA,7622,967,84,108,172,10,13,144,52
2020-08-01,00,Deutschland,Kinder,NICU,148,1101,551,NA,378,101,9,11,27,0,1,14,6
2020-08-01,00,Deutschland,Kinder,PICU,122,395,360,NA,234,85,9,7,21,1,0,15,5
2020-08-02,00,Deutschland,Erwachsene,ERWACHSENE,1330,19344,10752,NA,7932,953,89,110,178,10,12,149,56
2020-08-02,00,Deutschland,Kinder,NICU,148,1105,547,NA,374,102,9,9,28,0,1,12,6
2020-08-02,00,Deutschland,Kinder,PICU,122,389,359,NA,230,86,9,6,21,1,0,14,6
2020-08-03,00,Deutschland,Erwachsene,ERWACHSENE,1331,19318,10852,NA,8002,985,84,96,166,12,13,133,52
2020-08-03,00,Deutschland,Kinder,NICU,149,1119,541,NA,376,103,10,10,26,0,1,13,6
2020-08-03,00,Deutschland,Kinder,PICU,123,404,353,NA,237,85,10,7,21,0,0,16,6
2020-08-04,00,Deutschland,Erwachsene,ERWACHSENE,1333,19797,8635,11758,8488,947,90,102,194,13,13,143,56
2020-08-04,00,Deutschland,Kinder,NICU,151,1177,539,329,495,104,14,7,26,1,1,15,9
2020-08-04,00,Deutschland,Kinder,PICU,125,406,368,219,296,87,10,5,23,1,0,12,7
2020-08-05,00,Deutschland,Erwachsene,ERWACHSENE,1334,20056,8233,12202,8719,968,88,99,179,13,13,141,56
2020-08-05,00,Deutschland,Kinder,NICU,152,1154,557,310,495,102,12,8,30,1,1,15,9
2020-08-05,00,Deutschland,Kinder,PICU,126,421,362,226,321,86,13,5,22,2,0,14,8
2020-08-06,00,Deutschland,Erwachsene,ERWACHSENE,1333,19979,8194,12178,8494,959,95,93,186,12,12,150,53
2020-08-06,00,Deutschland,Kinder,NICU,156,1186,563,294,515,104,14,7,31,1,1,16,9
2020-08-06,00,Deutschland,Kinder,PICU,130,446,362,218,314,91,13,3,23,1,0,14,7
2020-08-07,00,Deutschland,Erwachsene,ERWACHSENE,1332,20012,8137,12125,8432,952,103,97,180,15,12,158,55
2020-08-07,00,Deutschland,Kinder,NICU,156,1174,571,286,523,107,12,7,30,1,1,15,8
2020-08-07,00,Deutschland,Kinder,PICU,130,459,339,218,296,90,13,3,24,1,0,14,6
2020-08-08,00,Deutschland,Erwachsene,ERWACHSENE,1333,19759,8268,12137,8514,968,97,100,168,14,10,156,54
2020-08-08,00,Deutschland,Kinder,NICU,158,1177,574,293,532,113,10,7,28,1,1,14,6
2020-08-08,00,Deutschland,Kinder,PICU,133,443,350,227,306,91,11,5,26,1,0,14,7
2020-08-09,00,Deutschland,Erwachsene,ERWACHSENE,1333,19324,8680,12133,8701,956,100,104,173,15,10,162,58
2020-08-09,00,Deutschland,Kinder,NICU,158,1198,551,266,513,108,13,8,29,1,1,17,6
2020-08-09,00,Deutschland,Kinder,PICU,133,431,361,232,305,91,13,5,24,1,0,15,6
2020-08-10,00,Deutschland,Erwachsene,ERWACHSENE,1324,19354,8606,12120,8531,961,97,99,167,15,9,148,59
2020-08-10,00,Deutschland,Kinder,NICU,154,1178,513,259,486,111,11,8,24,1,1,15,5
2020-08-10,00,Deutschland,Kinder,PICU,131,422,375,230,306,93,11,4,23,1,0,12,5
2020-08-11,00,Deutschland,Erwachsene,ERWACHSENE,1324,19986,7955,12146,8325,969,99,91,165,15,9,142,56
2020-08-11,00,Deutschland,Kinder,NICU,156,1177,537,273,503,112,9,10,25,1,1,15,7
2020-08-11,00,Deutschland,Kinder,PICU,131,433,365,220,318,96,8,4,23,1,0,11,4
2020-08-12,00,Deutschland,Erwachsene,ERWACHSENE,1323,20108,7845,12083,8210,963,100,92,168,14,9,144,64
2020-08-12,00,Deutschland,Kinder,NICU,161,1223,566,306,533,114,10,9,28,1,1,16,7
2020-08-12,00,Deutschland,Kinder,PICU,134,452,355,220,309,97,12,3,22,1,0,12,6
2020-08-13,00,Deutschland,Erwachsene,ERWACHSENE,1324,20183,7659,12131,8177,954,103,99,168,17,9,150,68
2020-08-13,00,Deutschland,Kinder,NICU,162,1224,573,294,518,115,13,8,26,1,1,16,8
2020-08-13,00,Deutschland,Kinder,PICU,137,455,366,222,312,98,13,5,21,1,0,16,7
2020-08-14,00,Deutschland,Erwachsene,ERWACHSENE,1328,20267,7615,12023,8083,957,104,102,165,16,10,158,65
2020-08-14,00,Deutschland,Kinder,NICU,165,1250,560,306,521,118,13,8,26,1,1,18,6
2020-08-14,00,Deutschland,Kinder,PICU,138,469,361,232,311,103,10,4,21,1,0,13,5
2020-08-15,00,Deutschland,Erwachsene,ERWACHSENE,1328,19931,7839,12065,8159,942,109,103,174,18,11,162,66
2020-08-15,00,Deutschland,Kinder,NICU,168,1293,558,341,532,121,14,8,25,0,1,19,7
2020-08-15,00,Deutschland,Kinder,PICU,139,450,355,217,310,103,11,4,21,1,0,13,6
2020-08-16,00,Deutschland,Erwachsene,ERWACHSENE,1329,19436,8313,12047,8316,944,100,109,176,14,11,164,55
2020-08-16,00,Deutschland,Kinder,NICU,168,1309,542,317,530,124,11,11,22,1,1,19,7
2020-08-16,00,Deutschland,Kinder,PICU,139,445,359,215,310,103,11,5,20,1,0,14,6
2020-08-17,00,Deutschland,Erwachsene,ERWACHSENE,1331,19431,8402,12010,8346,965,92,101,173,12,11,145,55
2020-08-17,00,Deutschland,Kinder,NICU,170,1354,513,321,537,123,9,13,25,1,1,19,7
2020-08-17,00,Deutschland,Kinder,PICU,140,436,374,214,312,106,6,7,21,2,0,12,6
2020-08-18,00,Deutschland,Erwachsene,ERWACHSENE,1332,19954,7963,11999,8224,965,100,96,171,13,10,146,60
2020-08-18,00,Deutschland,Kinder,NICU,171,1338,535,319,546,126,11,11,23,2,1,17,5
2020-08-18,00,Deutschland,Kinder,PICU,140,448,361,215,317,103,8,7,22,1,0,13,4
2020-08-19,00,Deutschland,Erwachsene,ERWACHSENE,1332,20085,7847,11967,8161,962,96,103,171,13,10,150,65
2020-08-19,00,Deutschland,Kinder,NICU,173,1337,551,323,564,128,11,10,24,2,1,16,8
2020-08-19,00,Deutschland,Kinder,PICU,141,470,335,212,300,104,8,8,21,2,0,15,6
2020-08-20,00,Deutschland,Erwachsene,ERWACHSENE,1333,20223,7790,11981,8072,958,104,101,170,12,11,153,66
2020-08-20,00,Deutschland,Kinder,NICU,174,1340,550,349,554,128,10,11,25,3,1,17,9
2020-08-20,00,Deutschland,Kinder,PICU,142,486,325,211,287,103,9,8,22,2,0,16,7
2020-08-21,00,Deutschland,Erwachsene,ERWACHSENE,1334,20243,7758,12043,8027,956,106,106,166,11,11,162,70
2020-08-21,00,Deutschland,Kinder,NICU,175,1326,571,318,565,129,12,9,25,3,1,16,9
2020-08-21,00,Deutschland,Kinder,PICU,143,483,326,225,296,101,10,9,23,1,0,17,7
2020-08-22,00,Deutschland,Erwachsene,ERWACHSENE,1334,19795,8054,12001,8187,956,108,104,166,13,11,164,69
2020-08-22,00,Deutschland,Kinder,NICU,175,1330,567,313,556,129,11,10,25,2,1,17,9
2020-08-22,00,Deutschland,Kinder,PICU,143,478,327,229,282,103,7,10,23,1,0,16,6
2020-08-23,00,Deutschland,Erwachsene,ERWACHSENE,1334,19330,8475,12013,8396,944,108,107,175,13,12,164,69
2020-08-23,00,Deutschland,Kinder,NICU,175,1317,582,305,560,128,11,9,27,2,1,17,9
2020-08-23,00,Deutschland,Kinder,PICU,143,449,356,230,299,103,7,10,23,1,0,15,6
2020-08-24,00,Deutschland,Erwachsene,ERWACHSENE,1332,19192,8708,12021,8498,955,95,106,176,13,11,155,57
2020-08-24,00,Deutschland,Kinder,NICU,173,1296,579,306,571,127,10,9,27,2,1,16,9
2020-08-24,00,Deutschland,Kinder,PICU,143,447,361,219,309,102,7,11,23,2,0,15,7
2020-08-25,00,Deutschland,Erwachsene,ERWACHSENE,1332,19820,8179,11911,8437,954,97,106,175,12,11,150,62
2020-08-25,00,Deutschland,Kinder,NICU,174,1323,560,292,569,127,10,10,27,2,1,17,9
2020-08-25,00,Deutschland,Kinder,PICU,143,472,342,205,303,100,10,8,25,1,0,15,6
2020-08-26,00,Deutschland,Erwachsene,ERWACHSENE,1332,20017,8002,11901,8350,954,90,113,175,14,11,149,62
2020-08-26,00,Deutschland,Kinder,NICU,173,1289,582,287,549,125,9,11,28,1,1,17,9
2020-08-26,00,Deutschland,Kinder,PICU,142,480,330,200,301,96,11,8,27,2,0,17,7
2020-08-27,00,Deutschland,Erwachsene,ERWACHSENE,1331,19903,8089,11885,8370,961,97,104,169,14,11,147,58
2020-08-27,00,Deutschland,Kinder,NICU,175,1299,586,286,561,127,11,11,26,1,1,17,10
2020-08-27,00,Deutschland,Kinder,PICU,142,475,331,204,298,97,14,7,24,1,0,17,9
2020-08-28,00,Deutschland,Erwachsene,ERWACHSENE,1328,19913,8001,11880,8286,957,97,103,171,12,11,154,60
2020-08-28,00,Deutschland,Kinder,NICU,176,1283,611,293,573,127,9,13,27,2,2,17,10
2020-08-28,00,Deutschland,Kinder,PICU,142,457,350,205,299,99,11,9,23,1,0,17,6
2020-08-29,00,Deutschland,Erwachsene,ERWACHSENE,1329,19829,7994,11889,8268,946,98,108,177,15,10,155,63
2020-08-29,00,Deutschland,Kinder,NICU,175,1260,615,275,566,127,9,14,25,2,2,18,9
2020-08-29,00,Deutschland,Kinder,PICU,141,433,358,190,306,96,12,9,24,1,0,17,7
2020-08-30,00,Deutschland,Erwachsene,ERWACHSENE,1328,19325,8443,11901,8429,958,96,107,167,12,10,152,63
2020-08-30,00,Deutschland,Kinder,NICU,175,1255,618,274,564,127,9,13,26,2,2,17,9
2020-08-30,00,Deutschland,Kinder,PICU,141,429,364,190,308,97,11,9,24,1,1,17,6
2020-08-31,00,Deutschland,Erwachsene,ERWACHSENE,1327,19284,8566,11887,8451,963,101,100,163,15,10,153,60
2020-08-31,00,Deutschland,Kinder,NICU,176,1272,631,288,569,129,11,10,26,2,2,18,9
2020-08-31,00,Deutschland,Kinder,PICU,143,445,369,201,312,103,11,5,24,1,1,14,5
2020-09-01,00,Deutschland,Erwachsene,ERWACHSENE,1328,19878,8068,11841,8371,969,97,100,162,15,10,147,62
2020-09-01,00,Deutschland,Kinder,NICU,177,1290,614,287,568,128,12,10,27,2,2,19,8
2020-09-01,00,Deutschland,Kinder,PICU,143,463,349,203,313,104,11,6,22,1,1,15,6
2020-09-02,00,Deutschland,Erwachsene,ERWACHSENE,1331,20013,7963,11864,8273,981,95,95,160,13,10,140,59
2020-09-02,00,Deutschland,Kinder,NICU,179,1299,621,294,573,124,13,12,30,3,1,21,11
2020-09-02,00,Deutschland,Kinder,PICU,143,469,347,203,302,103,11,6,23,1,0,14,6
2020-09-03,00,Deutschland,Erwachsene,ERWACHSENE,1331,20023,7944,11850,8242,980,99,96,156,15,10,142,62
2020-09-03,00,Deutschland,Kinder,NICU,179,1286,629,288,582,128,10,13,28,3,1,20,11
2020-09-03,00,Deutschland,Kinder,PICU,143,478,341,200,308,102,12,6,23,1,1,14,8
2020-09-04,00,Deutschland,Erwachsene,ERWACHSENE,1332,19970,7972,11841,8243,973,103,100,156,13,9,145,71
2020-09-04,00,Deutschland,Kinder,NICU,178,1295,607,292,566,129,12,10,27,4,1,17,11
2020-09-04,00,Deutschland,Kinder,PICU,143,445,367,199,314,103,10,8,22,1,1,15,6
2020-09-05,00,Deutschland,Erwachsene,ERWACHSENE,1332,19812,7986,11976,8221,978,99,102,153,13,8,149,64
2020-09-05,00,Deutschland,Kinder,NICU,178,1291,613,291,577,132,10,8,28,4,1,17,8
2020-09-05,00,Deutschland,Kinder,PICU,143,458,353,201,319,103,9,8,23,1,0,15,4
2020-09-06,00,Deutschland,Erwachsene,ERWACHSENE,1332,19252,8515,11996,8450,985,95,103,149,12,8,148,61
2020-09-06,00,Deutschland,Kinder,NICU,178,1294,615,288,588,129,12,8,29,5,1,17,9
2020-09-06,00,Deutschland,Kinder,PICU,143,442,369,199,323,102,10,8,23,1,0,16,4
2020-09-07,00,Deutschland,Erwachsene,ERWACHSENE,1330,19335,8505,11823,8487,985,93,100,152,12,8,143,59
2020-09-07,00,Deutschland,Kinder,NICU,178,1290,620,270,579,129,10,10,29,5,1,17,8
2020-09-07,00,Deutschland,Kinder,PICU,142,427,377,187,329,101,9,8,24,2,0,16,2
2020-09-08,00,Deutschland,Erwachsene,ERWACHSENE,1329,20001,7884,11832,8139,979,91,104,155,10,8,141,60
2020-09-08,00,Deutschland,Kinder,NICU,178,1278,638,266,571,128,11,10,29,3,1,17,9
2020-09-08,00,Deutschland,Kinder,PICU,142,451,351,185,303,100,9,8,25,2,1,16,2
2020-09-09,00,Deutschland,Erwachsene,ERWACHSENE,1328,20105,7784,11819,8129,965,98,106,159,12,8,145,68
2020-09-09,00,Deutschland,Kinder,NICU,178,1272,644,263,562,131,11,8,28,3,1,15,8
2020-09-09,00,Deutschland,Kinder,PICU,141,461,342,182,293,105,7,5,24,1,1,11,2
2020-09-10,00,Deutschland,Erwachsene,ERWACHSENE,1331,20256,7706,11824,8061,951,107,112,161,15,9,153,73
2020-09-10,00,Deutschland,Kinder,NICU,178,1300,611,266,562,128,13,10,27,3,1,20,10
2020-09-10,00,Deutschland,Kinder,PICU,141,458,350,182,296,102,8,6,25,0,1,14,2
2020-09-11,00,Deutschland,Erwachsene,ERWACHSENE,1332,20339,7598,11826,7968,949,109,115,159,14,10,159,77
2020-09-11,00,Deutschland,Kinder,NICU,178,1299,616,277,582,128,10,10,30,4,1,16,10
2020-09-11,00,Deutschland,Kinder,PICU,141,440,358,192,299,107,5,6,23,0,0,11,3
2020-09-12,00,Deutschland,Erwachsene,ERWACHSENE,1330,19978,7826,11874,7975,943,108,115,164,15,10,168,71
2020-09-12,00,Deutschland,Kinder,NICU,179,1282,637,278,593,127,12,9,31,4,1,16,10
2020-09-12,00,Deutschland,Kinder,PICU,142,442,356,189,307,106,6,5,25,0,0,9,3
2020-09-13,00,Deutschland,Erwachsene,ERWACHSENE,1330,19497,8274,11826,8132,950,105,116,159,14,10,172,67
2020-09-13,00,Deutschland,Kinder,NICU,179,1299,628,285,597,128,12,8,31,3,1,17,9
2020-09-13,00,Deutschland,Kinder,PICU,142,432,361,190,303,104,8,5,25,0,0,11,3
2020-09-14,00,Deutschland,Erwachsene,ERWACHSENE,1329,19371,8490,11793,8311,961,102,111,155,14,10,156,65
2020-09-14,00,Deutschland,Kinder,NICU,178,1282,622,267,600,127,12,9,30,5,1,17,10
2020-09-14,00,Deutschland,Kinder,PICU,143,421,384,192,312,103,10,5,25,0,0,13,3
2020-09-15,00,Deutschland,Erwachsene,ERWACHSENE,1330,20082,7809,11821,8090,955,101,112,162,14,10,151,70
2020-09-15,00,Deutschland,Kinder,NICU,178,1277,627,270,603,124,11,10,33,5,1,18,11
2020-09-15,00,Deutschland,Kinder,PICU,143,436,364,191,304,100,10,7,26,1,0,16,4
2020-09-16,00,Deutschland,Erwachsene,ERWACHSENE,1330,20361,7623,11816,7973,958,106,107,159,15,10,152,74
2020-09-16,00,Deutschland,Kinder,NICU,179,1299,616,284,590,127,13,9,30,5,1,19,11
2020-09-16,00,Deutschland,Kinder,PICU,144,441,369,202,311,100,13,6,25,1,0,18,6
2020-09-17,00,Deutschland,Erwachsene,ERWACHSENE,1334,20488,7522,11765,7899,955,108,115,156,13,9,153,81
2020-09-17,00,Deutschland,Kinder,NICU,179,1307,606,284,586,130,11,10,28,3,1,18,12
2020-09-17,00,Deutschland,Kinder,PICU,144,475,336,201,303,101,14,6,23,1,0,19,7
2020-09-18,00,Deutschland,Erwachsene,ERWACHSENE,1334,20299,7630,11787,7918,944,116,115,159,12,9,164,83
2020-09-18,00,Deutschland,Kinder,NICU,179,1300,613,281,560,127,11,12,29,4,1,20,12
2020-09-18,00,Deutschland,Kinder,PICU,144,460,354,201,307,99,14,5,26,1,0,17,6
2020-09-19,00,Deutschland,Erwachsene,ERWACHSENE,1334,19859,7951,11807,8005,953,105,117,159,12,9,163,72
2020-09-19,00,Deutschland,Kinder,NICU,179,1280,634,283,561,127,12,10,30,3,1,19,11
2020-09-19,00,Deutschland,Kinder,PICU,144,456,349,205,302,100,13,6,25,1,0,18,5
2020-09-20,00,Deutschland,Erwachsene,ERWACHSENE,1334,19427,8345,11828,8208,956,105,115,158,13,8,162,74
2020-09-20,00,Deutschland,Kinder,NICU,179,1288,626,293,559,128,10,11,30,3,1,19,9
2020-09-20,00,Deutschland,Kinder,PICU,144,440,366,204,306,99,13,8,24,1,0,19,6
2020-09-21,00,Deutschland,Erwachsene,ERWACHSENE,1333,19382,8474,11801,8372,970,101,116,146,11,8,157,75
2020-09-21,00,Deutschland,Kinder,NICU,179,1312,595,295,562,126,11,10,32,4,1,19,10
2020-09-21,00,Deutschland,Kinder,PICU,144,421,386,204,305,98,12,9,25,0,0,19,8
2020-09-22,00,Deutschland,Erwachsene,ERWACHSENE,1331,19979,7898,11740,8127,955,101,125,150,12,8,158,83
2020-09-22,00,Deutschland,Kinder,NICU,179,1300,589,301,549,128,12,12,27,5,1,21,13
2020-09-22,00,Deutschland,Kinder,PICU,144,449,357,206,311,97,13,9,25,1,0,20,10
2020-09-23,00,Deutschland,Erwachsene,ERWACHSENE,1332,20115,7737,11759,8026,950,104,122,156,12,8,156,84
2020-09-23,00,Deutschland,Kinder,NICU,178,1305,578,297,543,128,12,11,27,4,1,20,11
2020-09-23,00,Deutschland,Kinder,PICU,144,437,373,209,320,99,11,9,25,1,0,17,9
2020-09-24,00,Deutschland,Erwachsene,ERWACHSENE,1331,20107,7736,11739,8034,959,98,119,155,11,8,153,76
2020-09-24,00,Deutschland,Kinder,NICU,179,1326,566,295,539,128,12,12,27,4,1,20,12
2020-09-24,00,Deutschland,Kinder,PICU,144,457,350,206,301,100,11,8,25,0,0,16,8
2020-09-25,00,Deutschland,Erwachsene,ERWACHSENE,1333,20183,7653,11776,7911,953,109,118,153,11,8,162,77
2020-09-25,00,Deutschland,Kinder,NICU,179,1334,555,289,527,131,10,13,25,4,1,17,12
2020-09-25,00,Deutschland,Kinder,PICU,144,446,357,201,315,97,11,11,25,0,0,19,9
2020-09-26,00,Deutschland,Erwachsene,ERWACHSENE,1332,19945,7765,11747,7980,943,114,119,156,11,8,164,80
2020-09-26,00,Deutschland,Kinder,NICU,183,1343,587,288,548,132,14,11,26,4,1,20,12
2020-09-26,00,Deutschland,Kinder,PICU,146,433,374,209,314,95,12,13,26,0,0,21,11
2020-09-27,00,Deutschland,Erwachsene,ERWACHSENE,1332,19336,8334,11734,8226,945,114,119,154,12,8,167,76
2020-09-27,00,Deutschland,Kinder,NICU,183,1332,593,283,540,129,15,13,26,3,1,22,13
2020-09-27,00,Deutschland,Kinder,PICU,146,408,401,201,328,95,12,13,26,0,0,22,8
2020-09-28,00,Deutschland,Erwachsene,ERWACHSENE,1333,19325,8526,11657,8438,963,106,111,153,11,7,150,74
2020-09-28,00,Deutschland,Kinder,NICU,183,1326,593,284,555,129,17,10,27,4,1,22,12
2020-09-28,00,Deutschland,Kinder,PICU,146,408,405,205,332,95,15,9,27,1,0,21,8
2020-09-29,00,Deutschland,Erwachsene,ERWACHSENE,1334,20040,7917,11614,8233,964,100,119,151,9,7,152,81
2020-09-29,00,Deutschland,Kinder,NICU,183,1326,598,281,566,128,19,9,27,4,1,22,12
2020-09-29,00,Deutschland,Kinder,PICU,146,441,372,205,321,93,17,10,26,0,0,24,8
2020-09-30,00,Deutschland,Erwachsene,ERWACHSENE,1334,20199,7717,11708,8028,962,100,126,146,12,7,153,81
2020-09-30,00,Deutschland,Kinder,NICU,183,1303,610,291,562,132,15,10,26,4,1,20,12
2020-09-30,00,Deutschland,Kinder,PICU,146,445,371,209,318,97,13,11,25,0,0,22,9
2020-10-01,00,Deutschland,Erwachsene,ERWACHSENE,1333,20054,7702,11685,8100,961,105,123,144,10,7,154,75
2020-10-01,00,Deutschland,Kinder,NICU,185,1322,607,289,571,129,16,10,30,4,1,21,13
2020-10-01,00,Deutschland,Kinder,PICU,147,432,390,206,348,99,14,9,25,0,0,21,9
2020-10-02,00,Deutschland,Erwachsene,ERWACHSENE,1333,20017,7676,11674,8051,950,110,123,150,12,7,159,80
2020-10-02,00,Deutschland,Kinder,NICU,185,1315,619,278,576,132,15,10,28,3,1,21,11
2020-10-02,00,Deutschland,Kinder,PICU,147,445,376,207,334,98,16,9,24,0,0,22,8
2020-10-03,00,Deutschland,Erwachsene,ERWACHSENE,1332,19741,7804,11729,8079,938,116,124,154,15,7,163,83
2020-10-03,00,Deutschland,Kinder,NICU,185,1309,627,281,565,130,15,12,28,4,1,21,13
2020-10-03,00,Deutschland,Kinder,PICU,147,447,370,205,315,101,13,9,24,0,0,19,9
2020-10-04,00,Deutschland,Erwachsene,ERWACHSENE,1331,19232,8249,11724,8257,940,115,123,153,15,7,166,76
2020-10-04,00,Deutschland,Kinder,NICU,185,1305,632,279,560,130,16,11,28,4,1,22,12
2020-10-04,00,Deutschland,Kinder,PICU,147,425,395,204,332,101,14,8,24,0,0,19,9
2020-10-05,00,Deutschland,Erwachsene,ERWACHSENE,1331,19138,8421,11690,8342,952,114,117,148,12,7,154,85
2020-10-05,00,Deutschland,Kinder,NICU,185,1301,641,272,578,130,15,11,29,4,1,22,12
2020-10-05,00,Deutschland,Kinder,PICU,147,448,370,198,319,101,13,9,24,0,0,20,9
2020-10-06,00,Deutschland,Erwachsene,ERWACHSENE,1331,19730,7854,11663,8117,937,118,121,155,13,7,164,87
2020-10-06,00,Deutschland,Kinder,NICU,184,1304,624,263,565,125,20,10,29,5,1,24,12
2020-10-06,00,Deutschland,Kinder,PICU,146,443,365,185,310,98,14,9,25,0,0,20,9
2020-10-07,00,Deutschland,Erwachsene,ERWACHSENE,1329,20057,7482,11681,7964,937,112,124,156,12,6,165,80
2020-10-07,00,Deutschland,Kinder,NICU,184,1295,633,267,563,124,18,12,30,5,1,25,13
2020-10-07,00,Deutschland,Kinder,PICU,146,455,355,188,310,99,12,9,26,0,0,19,9
2020-10-08,00,Deutschland,Erwachsene,ERWACHSENE,1328,20025,7482,11740,7899,942,119,122,145,14,6,162,87
2020-10-08,00,Deutschland,Kinder,NICU,183,1296,623,262,554,127,14,12,30,4,1,20,13
2020-10-08,00,Deutschland,Kinder,PICU,146,444,365,191,311,100,11,9,26,0,0,17,8
2020-10-09,00,Deutschland,Erwachsene,ERWACHSENE,1329,19971,7537,11743,7917,926,127,127,149,14,6,175,90
2020-10-09,00,Deutschland,Kinder,NICU,183,1300,618,266,546,128,12,12,31,4,1,19,12
2020-10-09,00,Deutschland,Kinder,PICU,146,455,354,190,317,102,7,10,27,0,0,15,7
2020-10-10,00,Deutschland,Erwachsene,ERWACHSENE,1331,19678,7814,11718,7994,926,115,133,157,14,7,185,77
2020-10-10,00,Deutschland,Kinder,NICU,184,1311,621,280,553,127,14,12,31,4,1,22,13
2020-10-10,00,Deutschland,Kinder,PICU,147,460,359,198,320,102,10,9,26,0,0,18,7
2020-10-11,00,Deutschland,Erwachsene,ERWACHSENE,1331,19132,8297,11728,8267,919,116,137,159,12,7,183,79
2020-10-11,00,Deutschland,Kinder,NICU,184,1305,628,279,567,130,12,11,31,3,1,19,12
2020-10-11,00,Deutschland,Kinder,PICU,147,436,382,197,322,101,9,11,26,1,0,17,9
2020-10-12,00,Deutschland,Erwachsene,ERWACHSENE,1328,19161,8292,11748,8337,935,117,121,155,12,7,167,78
2020-10-12,00,Deutschland,Kinder,NICU,185,1308,634,278,576,136,10,8,31,3,1,16,8
2020-10-12,00,Deutschland,Kinder,PICU,147,425,399,197,328,100,9,10,28,0,0,17,7
2020-10-13,00,Deutschland,Erwachsene,ERWACHSENE,1329,19574,7919,11742,8029,952,118,112,147,12,7,163,74
2020-10-13,00,Deutschland,Kinder,NICU,185,1296,643,279,581,131,13,8,33,3,2,19,10
2020-10-13,00,Deutschland,Kinder,PICU,147,447,374,200,316,99,12,8,28,1,1,18,9
2020-10-14,00,Deutschland,Erwachsene,ERWACHSENE,1328,19733,7692,11844,7901,939,130,111,148,12,7,174,82
2020-10-14,00,Deutschland,Kinder,NICU,185,1303,636,278,588,133,13,9,30,4,2,20,9
2020-10-14,00,Deutschland,Kinder,PICU,147,449,372,200,315,96,16,8,27,1,1,22,10
2020-10-15,00,Deutschland,Erwachsene,ERWACHSENE,1331,19756,7679,11905,7894,932,129,124,146,14,7,179,86
2020-10-15,00,Deutschland,Kinder,NICU,186,1297,656,285,600,131,12,9,34,3,1,19,8
2020-10-15,00,Deutschland,Kinder,PICU,147,448,374,203,307,96,16,9,26,0,0,22,10
2020-10-16,00,Deutschland,Erwachsene,ERWACHSENE,1331,19797,7626,11894,7812,932,134,123,142,17,7,182,89
2020-10-16,00,Deutschland,Kinder,NICU,186,1291,661,286,594,128,14,10,34,4,1,21,9
2020-10-16,00,Deutschland,Kinder,PICU,147,455,367,203,312,95,15,11,26,0,0,23,11
2020-10-17,00,Deutschland,Erwachsene,ERWACHSENE,1333,19515,7768,11878,7798,921,133,132,147,14,7,204,84
2020-10-17,00,Deutschland,Kinder,NICU,185,1297,653,278,576,132,13,11,29,4,1,22,9
2020-10-17,00,Deutschland,Kinder,PICU,146,429,386,205,318,98,13,10,25,0,0,22,8
2020-10-18,00,Deutschland,Erwachsene,ERWACHSENE,1333,18967,8287,11871,8009,919,128,137,149,11,7,204,82
2020-10-18,00,Deutschland,Kinder,NICU,184,1285,659,274,579,133,13,11,27,4,1,23,9
2020-10-18,00,Deutschland,Kinder,PICU,146,411,405,197,330,100,11,11,24,0,0,22,7
2020-10-19,00,Deutschland,Erwachsene,ERWACHSENE,1335,19028,8365,11921,8161,928,125,138,144,13,7,199,81
2020-10-19,00,Deutschland,Kinder,NICU,185,1271,668,278,595,132,16,9,28,4,2,24,10
2020-10-19,00,Deutschland,Kinder,PICU,146,411,404,200,342,99,13,9,25,2,1,22,7
2020-10-20,00,Deutschland,Erwachsene,ERWACHSENE,1335,19563,7856,11884,7922,933,130,133,139,14,7,197,81
2020-10-20,00,Deutschland,Kinder,NICU,184,1287,645,276,582,130,16,8,30,4,2,24,10
2020-10-20,00,Deutschland,Kinder,PICU,146,450,366,200,330,99,14,7,26,1,1,21,7
2020-10-21,00,Deutschland,Erwachsene,ERWACHSENE,1333,19696,7468,12065,7550,912,144,138,139,18,7,221,80
2020-10-21,00,Deutschland,Kinder,NICU,184,1274,637,270,585,132,15,7,30,3,1,22,9
2020-10-21,00,Deutschland,Kinder,PICU,146,443,369,192,312,101,13,6,26,0,0,19,6
2020-10-22,00,Deutschland,Erwachsene,ERWACHSENE,1332,19743,7185,12209,7250,900,142,148,142,14,7,222,91
2020-10-22,00,Deutschland,Kinder,NICU,185,1290,632,271,573,132,15,8,30,2,1,22,8
2020-10-22,00,Deutschland,Kinder,PICU,146,437,364,199,310,102,12,7,25,0,0,19,7
2020-10-23,00,Deutschland,Erwachsene,ERWACHSENE,1333,19996,6765,12226,7008,877,161,150,145,13,8,236,97
2020-10-23,00,Deutschland,Kinder,NICU,187,1300,645,293,578,129,18,10,30,3,1,25,10
2020-10-23,00,Deutschland,Kinder,PICU,147,437,371,209,299,99,15,9,24,0,0,23,7
2020-10-24,00,Deutschland,Erwachsene,ERWACHSENE,1333,19698,6899,12271,6910,847,167,164,155,15,8,258,109
2020-10-24,00,Deutschland,Kinder,NICU,187,1283,662,285,591,127,19,9,32,3,1,26,11
2020-10-24,00,Deutschland,Kinder,PICU,147,438,372,207,303,98,15,9,25,0,0,23,7
2020-10-25,00,Deutschland,Erwachsene,ERWACHSENE,1333,19194,7350,12237,7017,843,175,167,148,13,8,275,108
2020-10-25,00,Deutschland,Kinder,NICU,186,1284,651,281,578,127,20,10,29,3,1,28,12
2020-10-25,00,Deutschland,Kinder,PICU,147,428,381,207,300,102,12,9,24,1,0,20,8
2020-10-26,00,Deutschland,Erwachsene,ERWACHSENE,1333,19311,7366,12213,7026,873,159,161,140,14,9,259,98
2020-10-26,00,Deutschland,Kinder,NICU,186,1291,645,279,578,127,20,10,29,3,1,29,12
2020-10-26,00,Deutschland,Kinder,PICU,147,421,388,202,287,102,14,9,22,1,0,23,8
2020-10-27,00,Deutschland,Erwachsene,ERWACHSENE,1333,19968,6681,12265,6666,870,157,169,137,13,9,261,111
2020-10-27,00,Deutschland,Kinder,NICU,188,1304,631,303,568,129,18,12,29,3,1,29,11
2020-10-27,00,Deutschland,Kinder,PICU,147,445,364,209,288,102,13,9,23,1,0,21,7
2020-10-28,00,Deutschland,Erwachsene,ERWACHSENE,1334,20054,6529,12267,6538,859,159,176,140,15,10,266,114
2020-10-28,00,Deutschland,Kinder,NICU,188,1295,643,275,564,131,18,11,28,2,1,28,11
2020-10-28,00,Deutschland,Kinder,PICU,147,439,370,207,291,101,15,8,23,2,0,22,9
2020-10-29,00,Deutschland,Erwachsene,ERWACHSENE,1334,20082,6541,12274,6521,846,176,173,139,14,9,280,109
2020-10-29,00,Deutschland,Kinder,NICU,187,1301,629,265,551,130,18,11,28,2,1,28,12
2020-10-29,00,Deutschland,Kinder,PICU,147,430,383,204,303,102,14,9,22,2,0,23,8
2020-10-30,00,Deutschland,Erwachsene,ERWACHSENE,1332,19919,6564,12264,6502,834,191,173,134,18,10,293,117
2020-10-30,00,Deutschland,Kinder,NICU,187,1322,609,261,541,128,20,11,28,3,1,29,12
2020-10-30,00,Deutschland,Kinder,PICU,147,437,364,204,295,99,16,10,22,3,0,24,8
2020-10-31,00,Deutschland,Erwachsene,ERWACHSENE,1331,19557,6761,12313,6464,807,202,183,139,15,9,308,115
2020-10-31,00,Deutschland,Kinder,NICU,187,1308,607,270,541,132,19,11,25,3,1,28,11
2020-10-31,00,Deutschland,Kinder,PICU,147,439,354,200,286,96,17,12,22,3,0,27,10
2020-11-01,00,Deutschland,Erwachsene,ERWACHSENE,1331,19203,7017,12321,6519,795,207,193,136,15,8,321,113
2020-11-01,00,Deutschland,Kinder,NICU,187,1314,602,268,547,132,18,12,25,3,1,28,10
2020-11-01,00,Deutschland,Kinder,PICU,146,433,345,204,285,96,19,10,21,3,0,27,10
2020-11-02,00,Deutschland,Erwachsene,ERWACHSENE,1332,19190,6906,12397,6452,796,204,193,139,14,8,320,125
2020-11-02,00,Deutschland,Kinder,NICU,187,1308,610,267,547,128,22,12,25,3,1,31,10
2020-11-02,00,Deutschland,Kinder,PICU,147,421,373,206,293,93,21,12,21,3,0,31,11
2020-11-03,00,Deutschland,Erwachsene,ERWACHSENE,1332,19759,6265,12279,6051,793,211,192,136,14,9,333,121
2020-11-03,00,Deutschland,Kinder,NICU,186,1279,612,237,521,129,19,13,25,3,1,30,10
2020-11-03,00,Deutschland,Kinder,PICU,147,442,357,203,275,91,20,11,25,3,0,29,12
2020-11-04,00,Deutschland,Erwachsene,ERWACHSENE,1335,19949,6094,12281,5828,799,211,195,130,14,9,321,127
2020-11-04,00,Deutschland,Kinder,NICU,187,1290,612,237,550,131,17,12,27,3,1,28,12
2020-11-04,00,Deutschland,Kinder,PICU,148,451,353,204,271,92,19,12,25,3,0,30,13
2020-11-05,00,Deutschland,Erwachsene,ERWACHSENE,1335,19986,5918,12271,5687,792,222,189,132,18,9,329,125
2020-11-05,00,Deutschland,Kinder,NICU,187,1286,615,224,539,127,20,13,27,3,1,32,12
2020-11-05,00,Deutschland,Kinder,PICU,147,443,349,186,266,91,22,10,24,3,0,30,13
2020-11-06,00,Deutschland,Erwachsene,ERWACHSENE,1335,19784,6040,12145,5663,779,216,206,134,19,8,340,134
2020-11-06,00,Deutschland,Kinder,NICU,188,1299,623,254,546,129,20,13,26,3,1,31,11
2020-11-06,00,Deutschland,Kinder,PICU,148,455,339,184,287,92,20,12,24,3,0,30,13
2020-11-07,00,Deutschland,Erwachsene,ERWACHSENE,1336,19546,6056,12113,5569,770,208,212,146,21,7,344,128
2020-11-07,00,Deutschland,Kinder,NICU,188,1279,648,224,543,128,20,12,28,3,1,29,11
2020-11-07,00,Deutschland,Kinder,PICU,148,429,356,191,278,91,21,12,24,3,0,31,12
2020-11-08,00,Deutschland,Erwachsene,ERWACHSENE,1336,19045,6476,12083,5819,747,227,217,145,21,6,360,144
2020-11-08,00,Deutschland,Kinder,NICU,188,1284,642,223,540,129,18,13,28,5,1,29,12
2020-11-08,00,Deutschland,Kinder,PICU,148,419,365,191,290,90,22,11,25,3,0,30,12
2020-11-09,00,Deutschland,Erwachsene,ERWACHSENE,1336,19272,6428,11997,5822,746,233,211,146,24,7,359,141
2020-11-09,00,Deutschland,Kinder,NICU,188,1278,649,225,556,130,18,12,28,5,1,28,12
2020-11-09,00,Deutschland,Kinder,PICU,148,417,367,189,284,91,23,10,24,3,0,29,11
2020-11-10,00,Deutschland,Erwachsene,ERWACHSENE,1336,19828,5823,12065,5533,738,236,221,141,23,7,363,142
2020-11-10,00,Deutschland,Kinder,NICU,188,1306,623,226,549,129,19,12,28,5,1,30,12
2020-11-10,00,Deutschland,Kinder,PICU,148,442,351,196,286,88,22,14,24,3,0,33,11
2020-11-11,00,Deutschland,Erwachsene,ERWACHSENE,1336,20052,5600,11975,5366,740,234,214,148,22,6,370,141
2020-11-11,00,Deutschland,Kinder,NICU,189,1297,648,227,556,130,17,13,29,4,1,29,12
2020-11-11,00,Deutschland,Kinder,PICU,148,434,355,190,277,88,22,13,25,3,0,33,12
2020-11-12,00,Deutschland,Erwachsene,ERWACHSENE,1338,20191,5467,11956,5307,735,241,216,146,27,7,377,143
2020-11-12,00,Deutschland,Kinder,NICU,188,1299,644,229,566,129,19,13,27,3,1,29,11
2020-11-12,00,Deutschland,Kinder,PICU,148,438,352,192,276,89,23,12,24,3,0,32,11
2020-11-13,00,Deutschland,Erwachsene,ERWACHSENE,1337,20239,5264,11939,5272,720,233,241,143,25,8,395,145
2020-11-13,00,Deutschland,Kinder,NICU,189,1285,624,230,549,125,22,14,28,3,1,32,12
2020-11-13,00,Deutschland,Kinder,PICU,148,421,375,195,280,89,21,13,25,3,0,32,11
2020-11-14,00,Deutschland,Erwachsene,ERWACHSENE,1336,19946,5397,11917,5170,692,254,240,150,25,7,409,153
2020-11-14,00,Deutschland,Kinder,NICU,189,1247,657,233,553,130,21,14,24,2,1,30,13
2020-11-14,00,Deutschland,Kinder,PICU,148,433,361,197,279,90,19,13,26,2,0,29,12
2020-11-15,00,Deutschland,Erwachsene,ERWACHSENE,1337,19574,5713,11860,5248,683,254,245,155,22,6,410,156
2020-11-15,00,Deutschland,Kinder,NICU,189,1238,666,233,563,127,24,14,24,3,1,33,15
2020-11-15,00,Deutschland,Kinder,PICU,148,414,379,195,286,90,20,13,25,2,0,30,12
2020-11-16,00,Deutschland,Erwachsene,ERWACHSENE,1337,19663,5791,11794,5343,694,250,240,153,19,6,401,152
2020-11-16,00,Deutschland,Kinder,NICU,189,1269,647,232,570,126,23,14,26,3,1,34,17
2020-11-16,00,Deutschland,Kinder,PICU,148,420,371,192,284,92,21,12,23,2,0,30,14
2020-11-17,00,Deutschland,Erwachsene,ERWACHSENE,1337,20148,5358,11737,5162,704,236,249,148,21,7,395,147
2020-11-17,00,Deutschland,Kinder,NICU,189,1242,665,232,563,127,22,14,26,3,1,33,16
2020-11-17,00,Deutschland,Kinder,PICU,148,425,364,195,292,89,20,15,24,2,0,30,14
2020-11-18,00,Deutschland,Erwachsene,ERWACHSENE,1337,20335,5118,11712,5127,695,248,243,151,23,6,405,149
2020-11-18,00,Deutschland,Kinder,NICU,190,1287,635,232,541,130,22,14,24,3,1,32,18
2020-11-18,00,Deutschland,Kinder,PICU,149,432,336,199,285,92,20,15,22,2,0,28,14
2020-11-19,00,Deutschland,Erwachsene,ERWACHSENE,1337,20211,5167,11630,4928,694,246,249,148,24,7,410,150
2020-11-19,00,Deutschland,Kinder,NICU,190,1303,629,229,539,127,22,16,25,3,1,33,17
2020-11-19,00,Deutschland,Kinder,PICU,149,421,342,193,287,93,18,15,23,2,0,27,12
2020-11-20,00,Deutschland,Erwachsene,ERWACHSENE,1336,20298,5028,11676,4868,678,254,255,149,28,7,417,147
2020-11-20,00,Deutschland,Kinder,NICU,191,1328,604,239,538,129,22,16,24,3,1,34,17
2020-11-20,00,Deutschland,Kinder,PICU,150,439,326,194,278,94,19,15,22,2,0,29,11
2020-11-21,00,Deutschland,Erwachsene,ERWACHSENE,1336,19999,5114,11716,4833,669,258,262,147,31,6,434,145
2020-11-21,00,Deutschland,Kinder,NICU,191,1309,622,237,542,131,22,13,25,3,1,31,15
2020-11-21,00,Deutschland,Kinder,PICU,150,435,318,188,279,91,20,14,25,2,0,30,10
2020-11-22,00,Deutschland,Erwachsene,ERWACHSENE,1336,19564,5526,11734,5009,666,250,278,142,31,7,450,149
2020-11-22,00,Deutschland,Kinder,NICU,191,1307,618,235,544,129,22,13,27,3,1,31,15
2020-11-22,00,Deutschland,Kinder,PICU,150,420,340,194,283,91,20,14,25,2,0,30,9
2020-11-23,00,Deutschland,Erwachsene,ERWACHSENE,1337,19589,5524,11655,5030,673,244,274,146,31,8,429,161
2020-11-23,00,Deutschland,Kinder,NICU,192,1321,618,233,541,128,24,15,25,3,1,36,15
2020-11-23,00,Deutschland,Kinder,PICU,150,419,350,192,304,93,22,12,23,2,0,30,9
2020-11-24,00,Deutschland,Erwachsene,ERWACHSENE,1337,20193,4916,11582,4748,656,259,275,147,27,7,434,174
2020-11-24,00,Deutschland,Kinder,NICU,192,1293,647,225,547,126,28,13,25,2,1,36,16
2020-11-24,00,Deutschland,Kinder,PICU,150,434,331,191,282,92,25,11,22,2,0,30,10
2020-11-25,00,Deutschland,Erwachsene,ERWACHSENE,1337,20310,4749,11594,4566,646,261,282,148,27,8,441,166
2020-11-25,00,Deutschland,Kinder,NICU,192,1286,660,227,559,125,27,15,25,2,1,37,15
2020-11-25,00,Deutschland,Kinder,PICU,150,443,304,188,287,91,22,15,22,3,0,31,10
2020-11-26,00,Deutschland,Erwachsene,ERWACHSENE,1337,20385,4600,11566,4501,642,256,293,146,27,7,458,166
2020-11-26,00,Deutschland,Kinder,NICU,191,1296,640,223,559,126,26,15,24,3,1,35,16
2020-11-26,00,Deutschland,Kinder,PICU,150,448,304,187,276,89,23,17,21,2,0,33,12
2020-11-27,00,Deutschland,Erwachsene,ERWACHSENE,1337,20547,4361,11572,4305,611,274,303,149,36,9,471,188
2020-11-27,00,Deutschland,Kinder,NICU,192,1308,629,235,562,129,26,14,23,3,1,33,17
2020-11-27,00,Deutschland,Kinder,PICU,150,445,305,188,273,93,22,13,22,2,0,31,9
2020-11-28,00,Deutschland,Erwachsene,ERWACHSENE,1337,20173,4570,11575,4343,605,287,302,143,30,10,497,179
2020-11-28,00,Deutschland,Kinder,NICU,192,1297,631,237,550,131,23,15,23,3,1,31,16
2020-11-28,00,Deutschland,Kinder,PICU,150,447,302,185,267,92,22,14,22,3,0,31,9
2020-11-29,00,Deutschland,Erwachsene,ERWACHSENE,1337,19789,4905,11572,4498,588,286,312,151,29,10,496,182
2020-11-29,00,Deutschland,Kinder,NICU,193,1315,626,239,565,132,21,15,25,3,1,31,15
2020-11-29,00,Deutschland,Kinder,PICU,151,431,326,189,273,90,22,15,24,3,0,32,11
2020-11-30,00,Deutschland,Erwachsene,ERWACHSENE,1336,19877,4940,11520,4570,596,279,313,148,29,9,492,183
2020-11-30,00,Deutschland,Kinder,NICU,194,1340,608,240,568,131,21,15,27,3,1,31,13
2020-11-30,00,Deutschland,Kinder,PICU,151,411,341,188,280,86,23,17,25,4,0,35,12
2020-12-01,00,Deutschland,Erwachsene,ERWACHSENE,1336,20415,4460,11364,4318,605,277,310,144,27,8,490,185
2020-12-01,00,Deutschland,Kinder,NICU,194,1327,629,240,572,127,25,14,28,2,1,34,14
2020-12-01,00,Deutschland,Kinder,PICU,152,423,341,189,286,89,23,17,23,4,0,34,13
2020-12-02,00,Deutschland,Erwachsene,ERWACHSENE,1336,20504,4319,11358,4242,591,274,323,148,28,10,497,195
2020-12-02,00,Deutschland,Kinder,NICU,193,1325,607,234,571,129,23,16,25,2,1,35,16
2020-12-02,00,Deutschland,Kinder,PICU,152,443,318,192,283,91,21,16,24,4,0,31,13
2020-12-03,00,Deutschland,Erwachsene,ERWACHSENE,1336,20511,4288,11338,4218,600,272,320,144,33,9,490,194
2020-12-03,00,Deutschland,Kinder,NICU,193,1333,595,241,543,129,22,16,26,2,1,34,15
2020-12-03,00,Deutschland,Kinder,PICU,152,442,312,190,277,93,19,16,24,4,0,29,12
2020-12-04,00,Deutschland,Erwachsene,ERWACHSENE,1336,20611,4108,11305,4099,591,276,325,144,34,9,501,197
2020-12-04,00,Deutschland,Kinder,NICU,195,1358,585,245,533,125,27,16,27,3,1,37,17
2020-12-04,00,Deutschland,Kinder,PICU,153,454,301,188,272,86,27,16,24,4,0,34,14
2020-12-05,00,Deutschland,Erwachsene,ERWACHSENE,1336,20322,4165,11332,4026,573,279,335,149,34,7,519,196
2020-12-05,00,Deutschland,Kinder,NICU,195,1345,594,244,526,126,23,16,30,3,1,34,15
2020-12-05,00,Deutschland,Kinder,PICU,153,432,327,185,282,88,24,16,25,3,0,33,14
2020-12-06,00,Deutschland,Erwachsene,ERWACHSENE,1336,19888,4569,11338,4174,570,273,346,147,35,7,512,209
2020-12-06,00,Deutschland,Kinder,NICU,195,1331,611,246,540,126,25,15,29,4,1,36,15
2020-12-06,00,Deutschland,Kinder,PICU,153,438,320,190,280,89,22,16,26,3,0,33,13
2020-12-07,00,Deutschland,Erwachsene,ERWACHSENE,1337,20070,4488,11288,4207,568,284,336,149,30,8,509,208
2020-12-07,00,Deutschland,Kinder,NICU,196,1331,619,248,556,127,26,17,26,4,1,37,17
2020-12-07,00,Deutschland,Kinder,PICU,153,439,317,190,272,91,24,13,25,3,0,33,12
2020-12-08,00,Deutschland,Erwachsene,ERWACHSENE,1338,20526,3986,11174,4009,548,293,348,149,33,10,529,209
2020-12-08,00,Deutschland,Kinder,NICU,196,1326,622,252,570,126,27,16,27,3,1,37,16
2020-12-08,00,Deutschland,Kinder,PICU,153,452,308,189,273,90,24,14,25,3,0,34,12
2020-12-09,00,Deutschland,Erwachsene,ERWACHSENE,1340,20676,3894,11127,3874,538,295,354,153,28,12,530,215
2020-12-09,00,Deutschland,Kinder,NICU,197,1335,632,243,583,132,24,15,26,2,1,33,14
2020-12-09,00,Deutschland,Kinder,PICU,154,462,302,193,273,92,23,15,24,4,0,34,12
2020-12-10,00,Deutschland,Erwachsene,ERWACHSENE,1339,20725,3797,11115,3813,531,282,374,152,26,13,549,218
2020-12-10,00,Deutschland,Kinder,NICU,197,1347,619,246,569,130,26,15,26,1,1,35,17
2020-12-10,00,Deutschland,Kinder,PICU,154,459,308,196,274,94,23,15,22,4,0,34,11
2020-12-11,00,Deutschland,Erwachsene,ERWACHSENE,1339,20659,3724,11032,3764,517,276,396,150,27,11,564,209
2020-12-11,00,Deutschland,Kinder,NICU,197,1365,601,248,573,124,30,17,26,1,1,38,17
2020-12-11,00,Deutschland,Kinder,PICU,154,462,290,196,267,91,26,15,22,3,0,36,12
2020-12-12,00,Deutschland,Erwachsene,ERWACHSENE,1340,20333,3947,11066,3857,518,276,391,155,27,12,576,196
2020-12-12,00,Deutschland,Kinder,NICU,197,1364,609,251,565,118,33,18,28,1,1,39,20
2020-12-12,00,Deutschland,Kinder,PICU,154,444,309,197,275,90,24,17,23,3,0,35,12
2020-12-13,00,Deutschland,Erwachsene,ERWACHSENE,1340,19986,4239,11089,3975,519,285,383,153,27,12,573,197
2020-12-13,00,Deutschland,Kinder,NICU,197,1356,614,253,554,119,29,20,29,2,1,39,20
2020-12-13,00,Deutschland,Kinder,PICU,154,436,318,197,282,89,25,16,24,3,0,34,12
2020-12-14,00,Deutschland,Erwachsene,ERWACHSENE,1340,20238,4106,11065,3815,519,296,377,148,38,12,562,215
2020-12-14,00,Deutschland,Kinder,NICU,196,1335,632,249,580,122,27,18,29,2,1,36,17
2020-12-14,00,Deutschland,Kinder,PICU,154,443,307,197,268,90,25,15,24,3,0,32,12
2020-12-15,00,Deutschland,Erwachsene,ERWACHSENE,1340,20656,3730,10990,3659,511,296,388,145,34,10,583,208
2020-12-15,00,Deutschland,Kinder,NICU,196,1342,628,250,584,122,28,17,29,3,1,38,17
2020-12-15,00,Deutschland,Kinder,PICU,154,457,293,196,262,88,24,18,24,3,0,37,13
2020-12-16,00,Deutschland,Erwachsene,ERWACHSENE,1340,20720,3588,10809,3491,487,297,412,144,35,9,603,221
2020-12-16,00,Deutschland,Kinder,NICU,196,1329,647,254,597,124,28,16,28,3,1,38,15
2020-12-16,00,Deutschland,Kinder,PICU,154,470,279,195,253,84,27,19,24,4,1,39,15
2020-12-17,00,Deutschland,Erwachsene,ERWACHSENE,1340,20652,3684,10775,3524,484,291,424,141,33,10,609,230
2020-12-17,00,Deutschland,Kinder,NICU,196,1332,638,250,586,128,25,16,27,2,1,33,15
2020-12-17,00,Deutschland,Kinder,PICU,154,460,295,196,256,85,27,19,23,4,1,39,16
2020-12-18,00,Deutschland,Erwachsene,ERWACHSENE,1341,20659,3634,10713,3530,452,297,446,146,32,9,640,246
2020-12-18,00,Deutschland,Kinder,NICU,196,1307,652,250,587,125,21,22,28,3,1,35,17
2020-12-18,00,Deutschland,Kinder,PICU,153,457,295,195,268,85,23,21,24,3,0,38,14
2020-12-19,00,Deutschland,Erwachsene,ERWACHSENE,1339,20242,3828,10694,3522,440,304,454,141,35,9,655,245
2020-12-19,00,Deutschland,Kinder,NICU,197,1361,630,258,554,126,25,20,26,2,0,34,17
2020-12-19,00,Deutschland,Kinder,PICU,153,461,293,200,280,82,27,20,24,4,0,40,14
2020-12-20,00,Deutschland,Erwachsene,ERWACHSENE,1338,19854,4094,10719,3635,440,308,446,144,32,10,659,248
2020-12-20,00,Deutschland,Kinder,NICU,197,1362,634,259,572,126,24,19,28,1,0,35,15
2020-12-20,00,Deutschland,Kinder,PICU,153,440,314,199,295,81,26,20,26,4,0,40,13
2020-12-21,00,Deutschland,Erwachsene,ERWACHSENE,1339,20154,3910,10669,3553,446,297,451,145,37,11,652,244
2020-12-21,00,Deutschland,Kinder,NICU,197,1373,624,257,540,126,27,18,26,1,0,35,14
2020-12-21,00,Deutschland,Kinder,PICU,153,444,311,199,298,82,25,20,26,4,0,39,13
2020-12-22,00,Deutschland,Erwachsene,ERWACHSENE,1336,20239,3811,10641,3416,432,312,454,138,33,11,660,248
2020-12-22,00,Deutschland,Kinder,NICU,197,1349,647,258,564,123,29,19,26,2,0,37,18
2020-12-22,00,Deutschland,Kinder,PICU,153,448,300,196,283,81,21,22,29,3,0,38,14
2020-12-23,00,Deutschland,Erwachsene,ERWACHSENE,1335,20089,3887,10620,3536,434,309,455,137,35,10,660,244
2020-12-23,00,Deutschland,Kinder,NICU,198,1382,615,255,541,126,26,19,27,3,0,37,18
2020-12-23,00,Deutschland,Kinder,PICU,154,449,309,191,279,82,23,22,27,3,0,39,16
2020-12-24,00,Deutschland,Erwachsene,ERWACHSENE,1335,19744,4057,10570,3634,423,306,457,149,37,11,656,241
2020-12-24,00,Deutschland,Kinder,NICU,197,1375,616,252,544,124,25,22,26,6,0,39,19
2020-12-24,00,Deutschland,Kinder,PICU,153,423,329,191,287,78,27,22,26,4,0,43,17
2020-12-25,00,Deutschland,Erwachsene,ERWACHSENE,1335,19454,4284,10597,3666,434,310,447,144,37,12,648,243
2020-12-25,00,Deutschland,Kinder,NICU,197,1342,659,253,556,124,26,20,27,6,0,39,18
2020-12-25,00,Deutschland,Kinder,PICU,153,401,353,191,301,82,29,22,20,4,0,43,17
2020-12-26,00,Deutschland,Erwachsene,ERWACHSENE,1335,19521,4233,10588,3578,438,291,456,150,35,10,634,242
2020-12-26,00,Deutschland,Kinder,NICU,197,1348,658,255,575,127,27,18,25,5,0,38,18
2020-12-26,00,Deutschland,Kinder,PICU,153,399,358,192,308,83,29,21,20,4,0,42,16
2020-12-27,00,Deutschland,Erwachsene,ERWACHSENE,1335,19607,4150,10584,3521,432,297,460,146,38,11,651,242
2020-12-27,00,Deutschland,Kinder,NICU,197,1373,628,251,564,124,27,18,28,5,0,40,17
2020-12-27,00,Deutschland,Kinder,PICU,153,404,351,196,316,84,26,21,22,4,0,42,14
2020-12-28,00,Deutschland,Erwachsene,ERWACHSENE,1336,19863,4028,10547,3459,426,316,450,144,37,12,656,251
2020-12-28,00,Deutschland,Kinder,NICU,196,1371,625,244,557,122,27,19,28,6,0,42,17
2020-12-28,00,Deutschland,Kinder,PICU,154,416,364,203,322,81,26,23,24,4,0,44,14
2020-12-29,00,Deutschland,Erwachsene,ERWACHSENE,1337,20217,3743,10516,3251,417,308,471,141,40,11,672,261
2020-12-29,00,Deutschland,Kinder,NICU,197,1394,622,243,542,122,29,19,27,5,0,43,19
2020-12-29,00,Deutschland,Kinder,PICU,154,409,355,194,306,82,26,23,23,5,0,42,13
2020-12-30,00,Deutschland,Erwachsene,ERWACHSENE,1337,20145,3757,10484,3174,415,310,470,142,40,11,669,261
2020-12-30,00,Deutschland,Kinder,NICU,197,1397,618,243,554,120,29,19,29,4,0,44,20
2020-12-30,00,Deutschland,Kinder,PICU,154,430,328,194,284,81,27,22,24,5,0,43,14
2020-12-31,00,Deutschland,Erwachsene,ERWACHSENE,1337,20008,3789,10465,3232,400,311,481,145,45,14,679,275
2020-12-31,00,Deutschland,Kinder,NICU,197,1393,615,239,540,121,30,16,30,5,0,41,15
2020-12-31,00,Deutschland,Kinder,PICU,154,424,331,195,284,82,24,24,24,5,0,42,14
2021-01-01,00,Deutschland,Erwachsene,ERWACHSENE,1337,19835,3869,10481,3294,401,306,484,146,46,15,685,266
2021-01-01,00,Deutschland,Kinder,NICU,197,1398,609,238,544,118,30,17,32,4,0,42,17
2021-01-01,00,Deutschland,Kinder,PICU,154,407,346,195,292,82,26,23,23,6,0,43,13
2021-01-02,00,Deutschland,Erwachsene,ERWACHSENE,1338,19938,3814,10452,3240,397,315,480,146,45,15,690,274
2021-01-02,00,Deutschland,Kinder,NICU,197,1423,592,243,530,119,32,19,27,6,0,46,20
2021-01-02,00,Deutschland,Kinder,PICU,154,413,341,200,292,79,28,24,23,7,0,44,14
2021-01-03,00,Deutschland,Erwachsene,ERWACHSENE,1338,20057,3719,10434,3129,387,306,504,141,41,15,709,278
2021-01-03,00,Deutschland,Kinder,NICU,197,1413,597,246,535,118,31,19,29,5,0,44,20
2021-01-03,00,Deutschland,Kinder,PICU,154,421,331,200,288,79,27,26,22,6,0,46,15
2021-01-04,00,Deutschland,Erwachsene,ERWACHSENE,1336,20181,3753,10372,3188,402,295,501,138,44,14,689,275
2021-01-04,00,Deutschland,Kinder,NICU,197,1391,604,245,546,120,31,21,25,4,0,44,20
2021-01-04,00,Deutschland,Kinder,PICU,154,425,329,199,291,81,25,25,23,6,0,44,14
2021-01-05,00,Deutschland,Erwachsene,ERWACHSENE,1337,20516,3581,10335,3080,405,303,490,139,50,14,680,272
2021-01-05,00,Deutschland,Kinder,NICU,197,1386,619,242,541,119,32,20,26,3,0,47,23
2021-01-05,00,Deutschland,Kinder,PICU,155,461,299,201,280,84,26,23,22,6,0,43,15
2021-01-06,00,Deutschland,Erwachsene,ERWACHSENE,1337,20639,3504,10308,3029,405,305,488,139,46,13,682,281
2021-01-06,00,Deutschland,Kinder,NICU,197,1378,638,240,543,124,27,21,25,3,0,44,22
2021-01-06,00,Deutschland,Kinder,PICU,155,460,298,201,272,83,24,25,23,6,0,44,14
2021-01-07,00,Deutschland,Erwachsene,ERWACHSENE,1336,20610,3547,10325,3070,405,325,463,143,40,14,677,283
2021-01-07,00,Deutschland,Kinder,NICU,197,1394,621,243,540,124,30,19,24,4,0,45,23
2021-01-07,00,Deutschland,Kinder,PICU,155,453,299,202,275,86,23,24,22,6,0,43,15
2021-01-08,00,Deutschland,Erwachsene,ERWACHSENE,1335,20699,3447,10313,3029,406,302,487,140,44,13,685,282
2021-01-08,00,Deutschland,Kinder,NICU,198,1403,608,243,535,123,31,20,24,3,0,46,27
2021-01-08,00,Deutschland,Kinder,PICU,155,463,295,199,273,85,24,24,22,5,0,45,16
2021-01-09,00,Deutschland,Erwachsene,ERWACHSENE,1335,20441,3599,10330,3089,393,309,495,138,45,12,690,291
2021-01-09,00,Deutschland,Kinder,NICU,198,1399,608,250,536,126,29,20,23,3,0,43,25
2021-01-09,00,Deutschland,Kinder,PICU,155,432,324,201,293,84,23,26,22,5,0,45,17
2021-01-10,00,Deutschland,Erwachsene,ERWACHSENE,1334,19948,3993,10380,3303,392,325,478,139,49,12,687,283
2021-01-10,00,Deutschland,Kinder,NICU,198,1423,589,247,513,125,28,22,23,6,0,46,25
2021-01-10,00,Deutschland,Kinder,PICU,155,417,331,209,290,83,21,29,22,7,0,44,17
2021-01-11,00,Deutschland,Erwachsene,ERWACHSENE,1333,20148,3873,10329,3305,416,314,465,138,47,12,657,268
2021-01-11,00,Deutschland,Kinder,NICU,198,1434,579,246,517,121,29,23,25,7,0,46,27
2021-01-11,00,Deutschland,Kinder,PICU,155,433,322,203,287,83,20,28,24,6,0,43,18
2021-01-12,00,Deutschland,Erwachsene,ERWACHSENE,1333,20575,3629,10289,3210,440,288,459,146,49,12,637,253
2021-01-12,00,Deutschland,Kinder,NICU,198,1415,603,244,549,122,28,23,25,6,0,46,25
2021-01-12,00,Deutschland,Kinder,PICU,155,443,318,199,290,83,18,30,24,6,0,43,18
2021-01-13,00,Deutschland,Erwachsene,ERWACHSENE,1332,20685,3526,10255,3085,419,296,474,143,51,12,645,264
2021-01-13,00,Deutschland,Kinder,NICU,197,1435,576,249,519,119,27,26,25,8,0,47,25
2021-01-13,00,Deutschland,Kinder,PICU,154,448,296,194,271,81,18,31,24,6,0,44,19
2021-01-14,00,Deutschland,Erwachsene,ERWACHSENE,1331,20723,3458,10273,3070,428,284,473,146,51,11,640,260
2021-01-14,00,Deutschland,Kinder,NICU,198,1418,608,249,543,123,25,24,26,6,0,43,27
2021-01-14,00,Deutschland,Kinder,PICU,156,479,289,201,254,83,18,31,24,6,0,44,19
2021-01-15,00,Deutschland,Erwachsene,ERWACHSENE,1330,20700,3471,10250,3076,417,287,481,145,46,10,650,271
2021-01-15,00,Deutschland,Kinder,NICU,198,1409,602,244,559,122,27,22,27,6,0,43,24
2021-01-15,00,Deutschland,Kinder,PICU,156,465,297,200,271,75,22,33,26,6,0,50,21
2021-01-16,00,Deutschland,Erwachsene,ERWACHSENE,1332,20494,3589,10327,3161,412,288,487,145,45,11,656,279
2021-01-16,00,Deutschland,Kinder,NICU,198,1402,618,243,567,122,27,21,28,9,0,44,23
2021-01-16,00,Deutschland,Kinder,PICU,156,454,300,202,261,78,22,32,24,7,0,50,20
2021-01-17,00,Deutschland,Erwachsene,ERWACHSENE,1332,20033,4004,10320,3391,423,283,473,153,37,11,645,263
2021-01-17,00,Deutschland,Kinder,NICU,198,1415,612,247,558,120,31,21,26,7,0,46,27
2021-01-17,00,Deutschland,Kinder,PICU,156,442,312,202,266,79,19,34,24,6,0,48,20
2021-01-18,00,Deutschland,Erwachsene,ERWACHSENE,1332,20242,3914,10282,3340,423,300,459,150,36,11,634,257
2021-01-18,00,Deutschland,Kinder,NICU,199,1416,617,246,556,120,31,20,28,6,0,46,25
2021-01-18,00,Deutschland,Kinder,PICU,156,458,308,203,281,78,22,30,26,5,0,48,23
2021-01-19,00,Deutschland,Erwachsene,ERWACHSENE,1332,20685,3523,10229,3135,426,304,462,140,39,12,640,260
2021-01-19,00,Deutschland,Kinder,NICU,198,1431,604,243,552,120,29,23,26,6,0,46,29
2021-01-19,00,Deutschland,Kinder,PICU,155,491,280,202,255,81,18,33,23,5,0,47,22
2021-01-20,00,Deutschland,Erwachsene,ERWACHSENE,1332,20833,3424,10214,3066,428,297,461,146,36,10,627,258
2021-01-20,00,Deutschland,Kinder,NICU,198,1414,615,245,544,125,26,22,25,4,0,43,26
2021-01-20,00,Deutschland,Kinder,PICU,155,501,272,200,255,79,20,34,22,4,0,48,25
2021-01-21,00,Deutschland,Erwachsene,ERWACHSENE,1332,20896,3358,10231,3070,424,299,459,150,32,10,629,260
2021-01-21,00,Deutschland,Kinder,NICU,198,1442,585,245,530,125,26,21,26,4,0,42,25
2021-01-21,00,Deutschland,Kinder,PICU,155,506,274,198,259,78,20,32,25,4,0,46,23
2021-01-22,00,Deutschland,Erwachsene,ERWACHSENE,1332,20941,3288,10243,2970,429,285,464,154,32,11,628,267
2021-01-22,00,Deutschland,Kinder,NICU,198,1448,578,248,522,122,27,24,25,4,0,43,28
2021-01-22,00,Deutschland,Kinder,PICU,155,513,264,199,250,76,23,34,22,4,0,49,26
2021-01-23,00,Deutschland,Erwachsene,ERWACHSENE,1332,20547,3522,10311,3064,432,291,453,156,36,9,623,265
2021-01-23,00,Deutschland,Kinder,NICU,198,1448,584,239,522,120,29,23,26,4,0,44,27
2021-01-23,00,Deutschland,Kinder,PICU,155,509,269,199,253,77,25,30,23,4,0,48,22
2021-01-24,00,Deutschland,Erwachsene,ERWACHSENE,1332,20158,3853,10350,3259,450,273,456,153,37,8,619,248
2021-01-24,00,Deutschland,Kinder,NICU,198,1439,589,243,517,121,29,21,27,4,0,43,25
2021-01-24,00,Deutschland,Kinder,PICU,155,465,304,201,281,75,29,27,24,4,0,48,22
2021-01-25,00,Deutschland,Erwachsene,ERWACHSENE,1332,20246,3880,10350,3295,462,278,444,148,35,8,607,249
2021-01-25,00,Deutschland,Kinder,NICU,198,1437,593,245,527,120,28,22,28,3,0,42,27
2021-01-25,00,Deutschland,Kinder,PICU,155,456,308,202,281,77,28,27,23,4,0,47,22
2021-01-26,00,Deutschland,Erwachsene,ERWACHSENE,1332,20671,3534,10321,3172,453,294,438,147,29,9,618,257
2021-01-26,00,Deutschland,Kinder,NICU,199,1435,591,246,543,120,26,21,32,3,0,38,25
2021-01-26,00,Deutschland,Kinder,PICU,155,463,288,202,265,75,28,26,26,4,0,46,22
2021-01-27,00,Deutschland,Erwachsene,ERWACHSENE,1329,20857,3313,10311,3050,442,287,450,150,27,9,611,268
2021-01-27,00,Deutschland,Kinder,NICU,199,1427,597,247,549,123,26,19,31,3,0,38,23
2021-01-27,00,Deutschland,Kinder,PICU,156,485,286,203,267,75,30,26,25,4,0,47,23
2021-01-28,00,Deutschland,Erwachsene,ERWACHSENE,1331,20708,3448,10335,3128,444,292,449,146,27,9,612,266
2021-01-28,00,Deutschland,Kinder,NICU,199,1415,611,249,557,121,25,21,32,4,1,39,23
2021-01-28,00,Deutschland,Kinder,PICU,156,491,279,203,260,74,30,28,24,5,0,45,23
2021-01-29,00,Deutschland,Erwachsene,ERWACHSENE,1331,20723,3423,10332,3083,443,298,444,146,24,9,618,270
2021-01-29,00,Deutschland,Kinder,NICU,199,1439,592,246,549,124,26,20,29,5,1,40,22
2021-01-29,00,Deutschland,Kinder,PICU,156,481,291,203,267,74,28,28,26,5,0,47,23
2021-01-30,00,Deutschland,Erwachsene,ERWACHSENE,1331,20403,3631,10397,3131,432,289,456,154,24,8,618,266
2021-01-30,00,Deutschland,Kinder,NICU,199,1454,581,246,527,123,25,22,29,5,1,40,24
2021-01-30,00,Deutschland,Kinder,PICU,156,491,280,205,264,73,29,27,27,4,0,45,24
2021-01-31,00,Deutschland,Erwachsene,ERWACHSENE,1331,20055,3933,10410,3272,430,285,457,159,28,8,614,259
2021-01-31,00,Deutschland,Kinder,NICU,199,1458,578,250,542,121,25,22,31,5,1,40,25
2021-01-31,00,Deutschland,Kinder,PICU,156,477,290,198,270,72,29,27,28,4,0,46,23
2021-02-01,00,Deutschland,Erwachsene,ERWACHSENE,1332,20275,3822,10400,3253,440,294,442,156,28,8,607,264
2021-02-01,00,Deutschland,Kinder,NICU,199,1460,575,246,540,125,25,21,28,5,1,39,24
2021-02-01,00,Deutschland,Kinder,PICU,156,465,305,200,270,77,27,28,24,4,0,45,23
2021-02-02,00,Deutschland,Erwachsene,ERWACHSENE,1332,20623,3575,10375,3126,450,288,441,153,27,9,599,257
2021-02-02,00,Deutschland,Kinder,NICU,199,1452,584,245,562,127,24,21,27,6,1,38,23
2021-02-02,00,Deutschland,Kinder,PICU,156,473,298,202,282,81,26,26,23,4,0,41,22
2021-02-03,00,Deutschland,Erwachsene,ERWACHSENE,1332,20897,3379,10339,3011,441,292,449,150,30,9,595,267
2021-02-03,00,Deutschland,Kinder,NICU,199,1455,589,240,562,126,27,20,26,5,1,40,26
2021-02-03,00,Deutschland,Kinder,PICU,156,489,282,204,279,83,25,26,22,5,0,40,20
2021-02-04,00,Deutschland,Erwachsene,ERWACHSENE,1332,20812,3434,10326,3084,441,299,448,144,31,10,608,269
2021-02-04,00,Deutschland,Kinder,NICU,199,1448,601,240,570,127,27,19,26,5,1,41,22
2021-02-04,00,Deutschland,Kinder,PICU,156,478,297,201,283,81,29,23,23,4,0,44,18
2021-02-05,00,Deutschland,Erwachsene,ERWACHSENE,1332,20743,3452,10333,3187,443,304,438,147,29,10,604,270
2021-02-05,00,Deutschland,Kinder,NICU,199,1457,591,238,557,127,24,20,28,6,1,39,22
2021-02-05,00,Deutschland,Kinder,PICU,156,470,296,199,284,81,27,23,25,4,0,43,17
2021-02-06,00,Deutschland,Erwachsene,ERWACHSENE,1332,20366,3695,10365,3280,434,308,438,152,25,10,619,264
2021-02-06,00,Deutschland,Kinder,NICU,199,1453,595,240,544,126,24,22,27,6,1,41,22
2021-02-06,00,Deutschland,Kinder,PICU,156,450,319,201,293,80,27,25,24,4,0,46,18
2021-02-07,00,Deutschland,Erwachsene,ERWACHSENE,1332,19866,4124,10396,3543,458,293,427,154,23,10,598,252
2021-02-07,00,Deutschland,Kinder,NICU,199,1427,613,238,546,126,23,21,29,6,1,39,20
2021-02-07,00,Deutschland,Kinder,PICU,156,446,323,198,289,81,27,24,24,4,0,44,16
2021-02-08,00,Deutschland,Erwachsene,ERWACHSENE,1331,20114,3934,10378,3371,463,286,430,152,23,10,592,253
2021-02-08,00,Deutschland,Kinder,NICU,199,1414,626,243,555,124,27,20,28,6,1,41,20
2021-02-08,00,Deutschland,Kinder,PICU,156,441,332,196,300,83,27,23,23,5,0,42,17
2021-02-09,00,Deutschland,Erwachsene,ERWACHSENE,1331,20482,3680,10361,3281,465,294,424,148,29,10,584,255
2021-02-09,00,Deutschland,Kinder,NICU,199,1431,610,244,544,122,27,19,31,4,1,40,20
2021-02-09,00,Deutschland,Kinder,PICU,156,457,317,195,294,81,27,24,24,5,0,42,16
2021-02-10,00,Deutschland,Erwachsene,ERWACHSENE,1332,20563,3618,10333,3241,469,291,422,150,27,9,573,262
2021-02-10,00,Deutschland,Kinder,NICU,199,1442,590,243,539,123,26,19,31,4,1,39,20
2021-02-10,00,Deutschland,Kinder,PICU,156,461,313,198,282,82,27,23,24,5,0,43,16
2021-02-11,00,Deutschland,Erwachsene,ERWACHSENE,1333,20493,3668,10349,3258,461,299,423,150,28,9,575,261
2021-02-11,00,Deutschland,Kinder,NICU,199,1424,611,243,533,121,25,21,32,5,1,39,20
2021-02-11,00,Deutschland,Kinder,PICU,156,482,293,198,282,81,28,23,24,5,0,44,18
2021-02-12,00,Deutschland,Erwachsene,ERWACHSENE,1333,20420,3737,10318,3318,466,292,426,149,27,9,576,256
2021-02-12,00,Deutschland,Kinder,NICU,200,1449,597,238,532,125,22,23,30,6,1,38,18
2021-02-12,00,Deutschland,Kinder,PICU,156,486,284,200,283,84,26,23,23,5,0,42,16
2021-02-13,00,Deutschland,Erwachsene,ERWACHSENE,1333,20143,3835,10352,3363,463,286,430,154,27,9,585,263
2021-02-13,00,Deutschland,Kinder,NICU,200,1444,611,239,544,124,23,24,29,7,1,40,20
2021-02-13,00,Deutschland,Kinder,PICU,156,482,292,202,276,84,26,21,25,6,0,41,15
2021-02-14,00,Deutschland,Erwachsene,ERWACHSENE,1331,19687,4173,10387,3518,474,276,427,154,25,9,579,255
2021-02-14,00,Deutschland,Kinder,NICU,200,1441,601,237,551,126,24,23,27,7,1,41,20
2021-02-14,00,Deutschland,Kinder,PICU,156,452,314,201,295,82,25,26,23,6,0,46,17
2021-02-15,00,Deutschland,Erwachsene,ERWACHSENE,1331,19919,4054,10358,3506,496,260,424,151,27,9,556,243
2021-02-15,00,Deutschland,Kinder,NICU,200,1417,624,238,549,123,24,24,29,6,1,41,21
2021-02-15,00,Deutschland,Kinder,PICU,156,459,305,200,295,79,29,25,23,5,0,48,19
2021-02-16,00,Deutschland,Erwachsene,ERWACHSENE,1331,20408,3689,10375,3296,497,266,419,149,26,9,554,248
2021-02-16,00,Deutschland,Kinder,NICU,200,1425,614,239,554,124,24,23,29,6,1,40,20
2021-02-16,00,Deutschland,Kinder,PICU,156,454,309,203,288,80,29,23,24,5,0,47,17
2021-02-17,00,Deutschland,Erwachsene,ERWACHSENE,1330,20462,3633,10342,3234,488,270,423,149,23,9,563,261
2021-02-17,00,Deutschland,Kinder,NICU,200,1435,605,243,556,122,26,24,28,7,1,42,24
2021-02-17,00,Deutschland,Kinder,PICU,155,451,302,198,285,82,27,23,23,6,0,44,21
2021-02-18,00,Deutschland,Erwachsene,ERWACHSENE,1330,20426,3672,10344,3267,500,257,424,149,22,9,552,250
2021-02-18,00,Deutschland,Kinder,NICU,200,1446,599,244,543,120,29,23,28,6,1,44,25
2021-02-18,00,Deutschland,Kinder,PICU,155,453,305,198,281,84,24,24,23,7,0,40,20
2021-02-19,00,Deutschland,Erwachsene,ERWACHSENE,1330,20409,3601,10378,3231,501,259,421,149,23,8,540,257
2021-02-19,00,Deutschland,Kinder,NICU,200,1458,585,242,528,120,25,26,29,6,1,44,21
2021-02-19,00,Deutschland,Kinder,PICU,155,447,310,202,280,86,22,24,23,6,0,40,18
2021-02-20,00,Deutschland,Erwachsene,ERWACHSENE,1330,20168,3716,10384,3270,505,257,415,153,22,7,543,239
2021-02-20,00,Deutschland,Kinder,NICU,200,1421,619,244,547,125,22,25,28,6,1,40,20
2021-02-20,00,Deutschland,Kinder,PICU,155,446,315,200,280,86,23,24,22,6,0,41,19
2021-02-21,00,Deutschland,Erwachsene,ERWACHSENE,1330,19744,4051,10389,3471,510,253,408,159,24,7,540,232
2021-02-21,00,Deutschland,Kinder,NICU,200,1425,618,243,556,124,22,26,28,6,1,41,22
2021-02-21,00,Deutschland,Kinder,PICU,155,451,310,200,278,86,24,23,22,6,0,41,17
2021-02-22,00,Deutschland,Erwachsene,ERWACHSENE,1330,19960,4012,10393,3463,523,269,386,152,22,7,532,229
2021-02-22,00,Deutschland,Kinder,NICU,200,1425,619,245,545,123,23,28,26,6,1,44,25
2021-02-22,00,Deutschland,Kinder,PICU,155,443,313,200,285,88,22,22,23,5,0,40,17
2021-02-23,00,Deutschland,Erwachsene,ERWACHSENE,1331,20405,3678,10382,3305,523,274,384,150,22,8,534,234
2021-02-23,00,Deutschland,Kinder,NICU,200,1432,604,243,544,124,22,28,26,6,1,43,25
2021-02-23,00,Deutschland,Kinder,PICU,155,465,290,200,274,85,23,25,22,5,0,41,21
2021-02-24,00,Deutschland,Erwachsene,ERWACHSENE,1331,20550,3545,10378,3251,517,279,389,146,20,8,530,243
2021-02-24,00,Deutschland,Kinder,NICU,200,1440,603,241,530,123,21,30,26,5,1,45,24
2021-02-24,00,Deutschland,Kinder,PICU,156,493,275,210,264,87,19,27,23,5,0,41,19
2021-02-25,00,Deutschland,Erwachsene,ERWACHSENE,1332,20543,3566,10375,3251,523,284,379,146,24,8,529,234
2021-02-25,00,Deutschland,Kinder,NICU,200,1417,633,243,547,123,22,30,25,5,1,46,24
2021-02-25,00,Deutschland,Kinder,PICU,156,470,298,205,276,89,19,26,22,5,0,40,19
2021-02-26,00,Deutschland,Erwachsene,ERWACHSENE,1332,20432,3620,10368,3243,525,280,377,150,23,8,522,245
2021-02-26,00,Deutschland,Kinder,NICU,200,1408,639,242,547,123,22,29,26,5,1,43,24
2021-02-26,00,Deutschland,Kinder,PICU,156,483,285,204,270,87,20,27,22,5,0,40,22
2021-02-27,00,Deutschland,Erwachsene,ERWACHSENE,1330,20058,3836,10380,3321,515,283,380,152,26,8,541,231
2021-02-27,00,Deutschland,Kinder,NICU,200,1392,649,244,534,120,23,29,28,5,1,42,25
2021-02-27,00,Deutschland,Kinder,PICU,156,464,308,203,286,87,19,28,22,6,0,39,21
2021-02-28,00,Deutschland,Erwachsene,ERWACHSENE,1330,19603,4206,10467,3582,538,257,381,154,24,7,522,218
2021-02-28,00,Deutschland,Kinder,NICU,200,1395,642,244,549,121,24,27,28,4,1,42,24
2021-02-28,00,Deutschland,Kinder,PICU,156,450,318,205,293,89,17,28,22,5,0,37,19
2021-03-01,00,Deutschland,Erwachsene,ERWACHSENE,1331,19828,4154,10451,3573,545,253,386,147,22,7,511,220
2021-03-01,00,Deutschland,Kinder,NICU,200,1436,613,236,543,122,25,26,27,4,1,41,26
2021-03-01,00,Deutschland,Kinder,PICU,156,446,322,204,300,89,16,29,22,5,0,38,19
2021-03-02,00,Deutschland,Erwachsene,ERWACHSENE,1333,20434,3696,10416,3362,531,258,391,153,20,6,513,244
2021-03-02,00,Deutschland,Kinder,NICU,200,1426,621,242,557,121,25,26,28,4,1,43,25
2021-03-02,00,Deutschland,Kinder,PICU,156,456,309,202,295,86,18,30,22,5,0,40,21
2021-03-03,00,Deutschland,Erwachsene,ERWACHSENE,1331,20417,3729,10412,3387,543,252,388,148,20,6,510,240
2021-03-03,00,Deutschland,Kinder,NICU,200,1421,626,241,559,120,27,25,28,5,1,43,25
2021-03-03,00,Deutschland,Kinder,PICU,156,464,302,201,284,87,17,30,22,4,0,38,19
2021-03-04,00,Deutschland,Erwachsene,ERWACHSENE,1331,20395,3720,10438,3344,537,260,385,149,23,6,515,239
2021-03-04,00,Deutschland,Kinder,NICU,200,1415,623,240,544,124,22,26,28,3,1,43,23
2021-03-04,00,Deutschland,Kinder,PICU,156,482,286,204,269,84,18,30,24,4,0,39,19
2021-03-05,00,Deutschland,Erwachsene,ERWACHSENE,1330,20403,3675,10446,3295,534,257,391,148,22,6,515,249
2021-03-05,00,Deutschland,Kinder,NICU,200,1423,617,242,534,124,19,30,27,3,1,42,25
2021-03-05,00,Deutschland,Kinder,PICU,156,485,284,204,276,86,16,32,22,4,0,37,19
2021-03-06,00,Deutschland,Erwachsene,ERWACHSENE,1329,20019,3946,10493,3438,530,264,377,158,23,6,510,243
2021-03-06,00,Deutschland,Kinder,NICU,200,1417,630,241,545,122,20,30,28,3,1,43,24
2021-03-06,00,Deutschland,Kinder,PICU,156,483,291,200,274,85,17,32,22,4,0,40,17
2021-03-07,00,Deutschland,Erwachsene,ERWACHSENE,1330,19625,4273,10520,3597,541,254,379,156,24,7,511,229
2021-03-07,00,Deutschland,Kinder,NICU,200,1392,648,242,542,125,19,29,27,2,1,41,23
2021-03-07,00,Deutschland,Kinder,PICU,156,468,308,203,283,87,16,31,22,4,0,38,17
2021-03-08,00,Deutschland,Erwachsene,ERWACHSENE,1329,19853,4176,10440,3548,545,264,367,153,22,7,498,228
2021-03-08,00,Deutschland,Kinder,NICU,200,1392,660,241,542,124,19,30,27,2,1,41,24
2021-03-08,00,Deutschland,Kinder,PICU,156,451,324,204,294,86,17,30,23,4,0,38,17
2021-03-09,00,Deutschland,Erwachsene,ERWACHSENE,1330,20287,3885,10426,3437,535,274,363,158,22,7,505,228
2021-03-09,00,Deutschland,Kinder,NICU,200,1375,668,240,549,124,21,27,28,2,1,40,23
2021-03-09,00,Deutschland,Kinder,PICU,156,446,330,205,295,82,20,30,24,4,0,41,18
2021-03-10,00,Deutschland,Erwachsene,ERWACHSENE,1331,20510,3668,10415,3349,540,267,372,152,24,7,511,232
2021-03-10,00,Deutschland,Kinder,NICU,200,1381,655,243,558,128,22,23,27,2,1,39,21
2021-03-10,00,Deutschland,Kinder,PICU,156,467,316,200,290,86,19,27,24,4,0,37,17
2021-03-11,00,Deutschland,Erwachsene,ERWACHSENE,1331,20536,3637,10425,3247,527,275,380,149,22,6,516,242
2021-03-11,00,Deutschland,Kinder,NICU,200,1404,632,242,541,127,20,25,28,2,1,39,21
2021-03-11,00,Deutschland,Kinder,PICU,156,483,291,200,275,84,21,27,24,4,0,39,17
2021-03-12,00,Deutschland,Erwachsene,ERWACHSENE,1331,20543,3591,10408,3277,522,266,395,148,22,6,519,253
2021-03-12,00,Deutschland,Kinder,NICU,200,1435,606,243,515,129,20,24,27,2,1,38,20
2021-03-12,00,Deutschland,Kinder,PICU,156,484,290,198,270,84,22,26,24,4,0,40,18
2021-03-13,00,Deutschland,Erwachsene,ERWACHSENE,1331,20144,3822,10442,3320,526,254,402,149,22,5,529,244
2021-03-13,00,Deutschland,Kinder,NICU,200,1418,623,241,525,130,19,25,26,3,1,37,22
2021-03-13,00,Deutschland,Kinder,PICU,156,469,300,201,280,85,23,25,23,4,0,40,18
2021-03-14,00,Deutschland,Erwachsene,ERWACHSENE,1331,19714,4141,10467,3476,520,273,393,145,23,6,540,237
2021-03-14,00,Deutschland,Kinder,NICU,200,1409,627,241,535,130,21,23,26,3,1,37,22
2021-03-14,00,Deutschland,Kinder,PICU,156,458,311,203,292,85,24,24,23,4,0,40,19
2021-03-15,00,Deutschland,Erwachsene,ERWACHSENE,1331,19879,4118,10432,3495,537,256,393,145,24,6,521,233
2021-03-15,00,Deutschland,Kinder,NICU,200,1438,601,239,534,129,20,24,27,4,1,38,22
2021-03-15,00,Deutschland,Kinder,PICU,156,454,316,203,300,85,22,25,24,4,0,39,20
2021-03-16,00,Deutschland,Erwachsene,ERWACHSENE,1331,20423,3672,10429,3297,535,267,382,147,23,6,513,237
2021-03-16,00,Deutschland,Kinder,NICU,200,1414,624,239,533,129,19,25,27,4,1,40,19
2021-03-16,00,Deutschland,Kinder,PICU,156,458,309,204,289,83,24,25,24,4,0,40,21
2021-03-17,00,Deutschland,Erwachsene,ERWACHSENE,1331,20542,3566,10414,3233,523,277,382,149,18,6,513,240
2021-03-17,00,Deutschland,Kinder,NICU,200,1397,638,244,537,128,19,26,27,4,1,41,20
2021-03-17,00,Deutschland,Kinder,PICU,156,470,290,204,263,81,25,26,24,4,0,41,22
2021-03-18,00,Deutschland,Erwachsene,ERWACHSENE,1331,20564,3506,10420,3207,524,270,393,144,22,5,516,250
2021-03-18,00,Deutschland,Kinder,NICU,200,1408,626,242,525,128,21,25,26,4,1,42,21
2021-03-18,00,Deutschland,Kinder,PICU,156,495,266,202,256,80,28,25,23,4,0,44,21
2021-03-19,00,Deutschland,Erwachsene,ERWACHSENE,1331,20535,3465,10425,3188,509,277,399,146,23,5,525,252
2021-03-19,00,Deutschland,Kinder,NICU,200,1417,616,243,541,128,21,25,26,5,1,41,23
2021-03-19,00,Deutschland,Kinder,PICU,156,490,281,201,279,80,28,27,21,4,0,45,22
2021-03-20,00,Deutschland,Erwachsene,ERWACHSENE,1331,20119,3710,10477,3282,511,271,395,154,23,5,529,239
2021-03-20,00,Deutschland,Kinder,NICU,200,1430,610,244,539,126,23,23,28,3,1,40,23
2021-03-20,00,Deutschland,Kinder,PICU,156,471,293,203,282,82,25,28,21,4,0,43,22
2021-03-21,00,Deutschland,Erwachsene,ERWACHSENE,1331,19665,4110,10495,3475,522,270,385,154,22,5,521,231
2021-03-21,00,Deutschland,Kinder,NICU,200,1433,609,245,551,128,19,25,28,5,1,39,21
2021-03-21,00,Deutschland,Kinder,PICU,156,452,309,201,294,82,25,28,21,5,0,44,21
2021-03-22,00,Deutschland,Erwachsene,ERWACHSENE,1331,20007,3954,10467,3400,524,264,397,146,23,5,522,240
2021-03-22,00,Deutschland,Kinder,NICU,200,1437,605,243,557,130,24,20,26,3,1,38,22
2021-03-22,00,Deutschland,Kinder,PICU,156,448,318,200,314,84,26,25,21,4,0,42,21
2021-03-23,00,Deutschland,Erwachsene,ERWACHSENE,1331,20546,3499,10426,3183,516,266,402,147,27,6,528,249
2021-03-23,00,Deutschland,Kinder,NICU,200,1439,604,243,550,128,24,20,28,5,1,37,22
2021-03-23,00,Deutschland,Kinder,PICU,156,461,307,199,306,83,27,26,20,4,0,44,23
2021-03-24,00,Deutschland,Erwachsene,ERWACHSENE,1331,20700,3394,10428,3125,502,272,412,145,25,6,536,258
2021-03-24,00,Deutschland,Kinder,NICU,200,1430,606,243,557,128,24,21,27,4,1,38,24
2021-03-24,00,Deutschland,Kinder,PICU,156,480,298,197,295,83,27,26,20,4,0,47,23
2021-03-25,00,Deutschland,Erwachsene,ERWACHSENE,1330,20696,3375,10399,3089,486,285,409,150,25,6,536,267
2021-03-25,00,Deutschland,Kinder,NICU,200,1427,610,242,552,127,26,21,26,4,1,36,25
2021-03-25,00,Deutschland,Kinder,PICU,156,485,290,195,278,83,27,25,21,4,0,45,22
2021-03-26,00,Deutschland,Erwachsene,ERWACHSENE,1331,20726,3277,10437,2958,491,272,421,147,27,6,540,273
2021-03-26,00,Deutschland,Kinder,NICU,200,1455,575,240,535,127,23,25,25,4,1,39,25
2021-03-26,00,Deutschland,Kinder,PICU,156,481,287,203,268,84,26,25,21,3,0,45,20
2021-03-27,00,Deutschland,Erwachsene,ERWACHSENE,1331,20457,3392,10455,3044,477,274,426,154,26,6,553,274
2021-03-27,00,Deutschland,Kinder,NICU,200,1432,597,239,546,129,22,24,25,5,1,38,23
2021-03-27,00,Deutschland,Kinder,PICU,156,487,285,199,281,84,24,25,23,5,0,43,17
2021-03-28,00,Deutschland,Erwachsene,ERWACHSENE,1330,19900,3848,10461,3218,489,268,422,151,28,7,545,263
2021-03-28,00,Deutschland,Kinder,NICU,200,1438,599,240,537,128,22,25,25,3,1,40,22
2021-03-28,00,Deutschland,Kinder,PICU,156,463,303,201,272,83,24,27,22,4,0,44,17
2021-03-29,00,Deutschland,Erwachsene,ERWACHSENE,1331,20075,3844,10447,3223,486,278,416,151,29,8,541,274
2021-03-29,00,Deutschland,Kinder,NICU,199,1468,564,237,540,123,22,27,27,2,1,42,25
2021-03-29,00,Deutschland,Kinder,PICU,156,443,315,202,293,84,23,26,23,4,0,42,16
2021-03-30,00,Deutschland,Erwachsene,ERWACHSENE,1331,20523,3495,10431,3089,490,272,413,156,28,8,539,264
2021-03-30,00,Deutschland,Kinder,NICU,200,1473,570,236,546,125,23,26,26,2,1,40,25
2021-03-30,00,Deutschland,Kinder,PICU,156,444,320,206,290,86,24,25,21,4,0,40,17
2021-03-31,00,Deutschland,Erwachsene,ERWACHSENE,1331,20689,3295,10418,2900,471,286,422,152,28,8,553,276
2021-03-31,00,Deutschland,Kinder,NICU,200,1485,560,229,542,122,23,30,25,5,1,44,25
2021-03-31,00,Deutschland,Kinder,PICU,156,465,306,205,285,82,25,27,22,4,0,41,20
2021-04-01,00,Deutschland,Erwachsene,ERWACHSENE,1331,20571,3316,10425,2859,460,302,420,149,30,7,569,277
2021-04-01,00,Deutschland,Kinder,NICU,200,1476,565,231,551,124,23,28,25,5,1,42,26
2021-04-01,00,Deutschland,Kinder,PICU,156,462,294,203,275,82,25,27,22,4,0,41,20
2021-04-02,00,Deutschland,Erwachsene,ERWACHSENE,1328,20261,3526,10461,2956,451,317,418,142,31,9,583,277
2021-04-02,00,Deutschland,Kinder,NICU,200,1476,568,228,537,123,24,27,26,5,1,41,26
2021-04-02,00,Deutschland,Kinder,PICU,156,462,301,203,279,82,25,28,21,4,0,42,21
2021-04-03,00,Deutschland,Erwachsene,ERWACHSENE,1328,19822,3866,10494,3086,456,311,418,143,33,9,576,269
2021-04-03,00,Deutschland,Kinder,NICU,200,1458,589,228,553,123,24,25,28,5,1,40,23
2021-04-03,00,Deutschland,Kinder,PICU,156,443,315,202,293,83,29,24,20,4,0,42,18
2021-04-04,00,Deutschland,Erwachsene,ERWACHSENE,1328,19770,3897,10485,3063,443,312,427,146,32,10,585,277
2021-04-04,00,Deutschland,Kinder,NICU,200,1472,577,230,539,123,24,26,27,5,1,41,24
2021-04-04,00,Deutschland,Kinder,PICU,156,442,318,203,285,84,27,23,22,4,0,39,18
2021-04-05,00,Deutschland,Erwachsene,ERWACHSENE,1326,19853,3767,10449,3006,430,318,423,155,32,10,588,278
2021-04-05,00,Deutschland,Kinder,NICU,198,1448,564,237,556,120,27,24,27,6,1,40,21
2021-04-05,00,Deutschland,Kinder,PICU,155,425,322,201,295,82,27,24,22,5,0,41,16
2021-04-06,00,Deutschland,Erwachsene,ERWACHSENE,1330,20336,3413,10414,2879,433,316,429,152,30,10,586,284
2021-04-06,00,Deutschland,Kinder,NICU,200,1454,579,239,556,122,28,22,28,4,1,40,19
2021-04-06,00,Deutschland,Kinder,PICU,155,433,334,201,314,83,25,25,22,4,0,41,16
2021-04-07,00,Deutschland,Erwachsene,ERWACHSENE,1330,20767,3100,10430,2724,431,299,454,146,31,9,600,289
2021-04-07,00,Deutschland,Kinder,NICU,200,1446,585,238,564,123,27,22,28,6,1,39,19
2021-04-07,00,Deutschland,Kinder,PICU,155,427,338,202,318,84,24,24,23,3,0,39,17
2021-04-08,00,Deutschland,Erwachsene,ERWACHSENE,1331,20874,2981,10384,2630,419,301,462,149,32,9,603,300
2021-04-08,00,Deutschland,Kinder,NICU,199,1436,586,232,559,121,29,21,28,5,1,38,20
2021-04-08,00,Deutschland,Kinder,PICU,154,442,315,196,292,80,27,24,23,4,0,40,18
2021-04-09,00,Deutschland,Erwachsene,ERWACHSENE,1331,20887,2911,10392,2652,410,292,484,145,35,9,615,311
2021-04-09,00,Deutschland,Kinder,NICU,199,1429,604,229,571,123,28,20,28,5,1,36,21
2021-04-09,00,Deutschland,Kinder,PICU,154,454,301,197,293,82,25,24,23,4,0,37,18
2021-04-10,00,Deutschland,Erwachsene,ERWACHSENE,1331,20591,3107,10400,2730,385,308,486,152,30,9,639,303
2021-04-10,00,Deutschland,Kinder,NICU,199,1418,611,227,579,120,30,19,30,5,1,39,19
2021-04-10,00,Deutschland,Kinder,PICU,154,431,327,196,298,79,28,24,23,4,0,38,18
2021-04-11,00,Deutschland,Erwachsene,ERWACHSENE,1331,20209,3421,10407,2848,397,301,482,151,32,11,642,294
2021-04-11,00,Deutschland,Kinder,NICU,199,1407,615,231,564,119,30,19,31,5,1,39,21
2021-04-11,00,Deutschland,Kinder,PICU,154,452,320,196,290,78,27,25,24,4,0,38,20
2021-04-12,00,Deutschland,Erwachsene,ERWACHSENE,1330,20502,3264,10358,2779,421,293,474,142,31,12,625,286
2021-04-12,00,Deutschland,Kinder,NICU,201,1416,634,235,585,121,28,22,30,5,1,38,23
2021-04-12,00,Deutschland,Kinder,PICU,156,451,324,201,300,81,25,26,24,4,0,40,18
2021-04-13,00,Deutschland,Erwachsene,ERWACHSENE,1330,21005,2895,10318,2621,403,308,478,141,34,12,636,302
2021-04-13,00,Deutschland,Kinder,NICU,201,1428,620,233,576,120,28,23,30,5,1,38,25
2021-04-13,00,Deutschland,Kinder,PICU,156,479,293,200,276,81,25,26,24,4,0,42,18
2021-04-14,00,Deutschland,Erwachsene,ERWACHSENE,1330,21049,2862,10299,2613,402,303,478,147,39,13,627,301
2021-04-14,00,Deutschland,Kinder,NICU,201,1426,616,234,571,118,26,25,32,5,1,36,26
2021-04-14,00,Deutschland,Kinder,PICU,156,487,290,201,279,78,25,28,25,4,0,42,22
2021-04-15,00,Deutschland,Erwachsene,ERWACHSENE,1329,20945,2959,10273,2646,409,298,478,144,38,13,625,303
2021-04-15,00,Deutschland,Kinder,NICU,201,1436,607,235,566,119,24,27,31,4,1,37,26
2021-04-15,00,Deutschland,Kinder,PICU,156,495,287,201,277,80,23,29,24,4,0,42,21
2021-04-16,00,Deutschland,Erwachsene,ERWACHSENE,1328,20985,2897,10227,2605,410,295,479,144,34,12,631,305
2021-04-16,00,Deutschland,Kinder,NICU,201,1436,614,228,572,117,26,26,32,3,1,37,27
2021-04-16,00,Deutschland,Kinder,PICU,156,479,292,204,264,80,23,30,23,4,0,41,22
2021-04-17,00,Deutschland,Erwachsene,ERWACHSENE,1328,20623,3109,10247,2686,390,296,492,150,34,11,645,311
2021-04-17,00,Deutschland,Kinder,NICU,201,1429,618,230,539,113,28,27,33,4,1,38,27
2021-04-17,00,Deutschland,Kinder,PICU,156,486,288,204,257,79,24,29,24,3,0,41,23
2021-04-18,00,Deutschland,Erwachsene,ERWACHSENE,1328,20212,3386,10254,2826,392,294,499,143,39,10,644,319
2021-04-18,00,Deutschland,Kinder,NICU,201,1438,608,230,539,119,26,25,31,2,1,38,26
2021-04-18,00,Deutschland,Kinder,PICU,156,469,301,204,273,81,22,29,24,3,0,39,23
2021-04-19,00,Deutschland,Erwachsene,ERWACHSENE,1328,20460,3342,10214,2855,399,286,502,141,39,12,635,322
2021-04-19,00,Deutschland,Kinder,NICU,201,1439,610,229,535,119,29,23,30,2,1,39,24
2021-04-19,00,Deutschland,Kinder,PICU,156,460,309,202,281,86,19,27,24,3,0,36,20
2021-04-20,00,Deutschland,Erwachsene,ERWACHSENE,1329,20970,2952,10162,2689,396,287,510,136,49,12,640,330
2021-04-20,00,Deutschland,Kinder,NICU,201,1443,611,231,542,121,27,24,29,2,1,38,22
2021-04-20,00,Deutschland,Kinder,PICU,156,469,288,208,269,86,20,28,22,3,0,36,21
2021-04-21,00,Deutschland,Erwachsene,ERWACHSENE,1330,21088,2817,10189,2549,411,279,508,132,47,11,638,327
2021-04-21,00,Deutschland,Kinder,NICU,201,1441,618,230,547,123,26,25,27,3,1,37,24
2021-04-21,00,Deutschland,Kinder,PICU,156,474,293,208,281,87,19,26,24,3,0,36,18
2021-04-22,00,Deutschland,Erwachsene,ERWACHSENE,1330,21106,2831,10147,2554,404,276,514,136,41,12,641,329
2021-04-22,00,Deutschland,Kinder,NICU,201,1427,623,229,536,121,25,28,27,4,1,41,27
2021-04-22,00,Deutschland,Kinder,PICU,156,486,279,207,270,85,18,26,27,4,0,37,18
2021-04-23,00,Deutschland,Erwachsene,ERWACHSENE,1330,21070,2827,10135,2600,402,278,509,141,40,10,639,326
2021-04-23,00,Deutschland,Kinder,NICU,201,1445,608,229,533,121,24,28,28,4,1,41,28
2021-04-23,00,Deutschland,Kinder,PICU,156,484,277,207,266,84,20,25,27,4,0,37,18
2021-04-24,00,Deutschland,Erwachsene,ERWACHSENE,1330,20787,2976,10151,2655,407,264,517,142,40,12,646,318
2021-04-24,00,Deutschland,Kinder,NICU,201,1451,591,232,511,120,20,32,29,4,1,41,30
2021-04-24,00,Deutschland,Kinder,PICU,156,479,278,204,276,82,18,30,26,4,0,41,20
2021-04-25,00,Deutschland,Erwachsene,ERWACHSENE,1330,20492,3217,10144,2750,396,274,519,141,35,11,662,316
2021-04-25,00,Deutschland,Kinder,NICU,202,1465,582,231,510,121,20,32,29,4,1,43,29
2021-04-25,00,Deutschland,Kinder,PICU,156,459,296,205,279,83,18,30,25,4,0,41,20
2021-04-26,00,Deutschland,Erwachsene,ERWACHSENE,1330,20713,3148,10084,2736,405,287,502,136,38,11,646,315
2021-04-26,00,Deutschland,Kinder,NICU,202,1463,586,230,518,123,19,31,29,4,1,42,27
2021-04-26,00,Deutschland,Kinder,PICU,156,458,298,208,283,83,17,30,26,5,0,39,18
2021-04-27,00,Deutschland,Erwachsene,ERWACHSENE,1329,21073,2834,9987,2582,390,289,515,135,40,11,652,318
2021-04-27,00,Deutschland,Kinder,NICU,202,1435,610,234,539,122,22,30,28,3,1,44,28
2021-04-27,00,Deutschland,Kinder,PICU,156,447,316,210,294,85,18,29,24,4,0,39,18
2021-04-28,00,Deutschland,Erwachsene,ERWACHSENE,1329,21196,2724,9971,2459,395,282,519,133,45,12,654,324
2021-04-28,00,Deutschland,Kinder,NICU,202,1436,614,228,546,124,19,30,29,4,1,41,25
2021-04-28,00,Deutschland,Kinder,PICU,156,489,274,210,256,87,18,28,23,5,0,37,16
2021-04-29,00,Deutschland,Erwachsene,ERWACHSENE,1329,21205,2749,10011,2489,382,281,531,135,42,9,675,339
2021-04-29,00,Deutschland,Kinder,NICU,202,1443,617,229,524,124,19,30,29,4,1,40,25
2021-04-29,00,Deutschland,Kinder,PICU,156,481,289,208,256,86,20,27,23,6,1,39,17
2021-04-30,00,Deutschland,Erwachsene,ERWACHSENE,1331,21262,2692,10046,2456,390,299,509,133,41,7,670,335
2021-04-30,00,Deutschland,Kinder,NICU,202,1448,616,232,519,124,17,31,30,4,1,39,23
2021-04-30,00,Deutschland,Kinder,PICU,156,480,285,211,261,84,21,27,24,6,1,40,16
2021-05-01,00,Deutschland,Erwachsene,ERWACHSENE,1331,20839,2883,10035,2477,380,294,524,133,41,7,682,329
2021-05-01,00,Deutschland,Kinder,NICU,202,1452,611,233,511,121,19,32,30,5,1,44,25
2021-05-01,00,Deutschland,Kinder,PICU,156,471,289,214,253,81,23,28,24,6,1,44,16
2021-05-02,00,Deutschland,Erwachsene,ERWACHSENE,1330,20525,3117,10076,2548,378,297,523,132,39,8,671,330
2021-05-02,00,Deutschland,Kinder,NICU,201,1442,612,233,509,118,20,32,31,5,1,44,27
2021-05-02,00,Deutschland,Kinder,PICU,156,462,302,212,251,83,21,29,23,6,1,43,18
2021-05-03,00,Deutschland,Erwachsene,ERWACHSENE,1330,20664,3142,10044,2587,397,290,516,127,36,9,665,329
2021-05-03,00,Deutschland,Kinder,NICU,201,1415,631,233,542,116,24,30,31,8,1,45,28
2021-05-03,00,Deutschland,Kinder,PICU,156,452,307,212,259,86,17,30,23,6,1,41,17
2021-05-04,00,Deutschland,Erwachsene,ERWACHSENE,1330,20998,2833,10065,2472,395,288,519,128,36,9,661,329
2021-05-04,00,Deutschland,Kinder,NICU,201,1425,621,230,545,115,24,28,34,8,1,43,27
2021-05-04,00,Deutschland,Kinder,PICU,155,448,308,210,276,85,17,29,24,6,1,40,17
2021-05-05,00,Deutschland,Erwachsene,ERWACHSENE,1331,21122,2706,10074,2442,388,289,524,130,39,9,676,327
2021-05-05,00,Deutschland,Kinder,NICU,201,1432,619,230,528,119,22,29,31,6,1,43,25
2021-05-05,00,Deutschland,Kinder,PICU,155,461,298,208,257,85,17,30,23,6,1,41,18
2021-05-06,00,Deutschland,Erwachsene,ERWACHSENE,1331,20945,2837,10069,2520,388,296,519,128,36,9,675,338
2021-05-06,00,Deutschland,Kinder,NICU,201,1431,616,231,526,119,22,28,32,6,1,41,25
2021-05-06,00,Deutschland,Kinder,PICU,156,486,279,214,262,85,17,32,22,6,1,41,19
2021-05-07,00,Deutschland,Erwachsene,ERWACHSENE,1331,20949,2754,10079,2474,381,288,527,135,33,8,672,322
2021-05-07,00,Deutschland,Kinder,NICU,201,1458,592,231,523,117,24,28,32,6,1,43,25
2021-05-07,00,Deutschland,Kinder,PICU,156,470,286,214,255,86,17,31,22,6,1,41,18
2021-05-08,00,Deutschland,Erwachsene,ERWACHSENE,1331,20506,3028,10158,2597,392,275,523,141,32,6,662,314
2021-05-08,00,Deutschland,Kinder,NICU,201,1434,622,234,538,114,26,28,33,6,1,46,23
2021-05-08,00,Deutschland,Kinder,PICU,156,461,291,211,254,84,19,30,23,6,1,42,18
2021-05-09,00,Deutschland,Erwachsene,ERWACHSENE,1331,20145,3296,10157,2737,398,273,525,135,34,6,666,297
2021-05-09,00,Deutschland,Kinder,NICU,201,1456,602,233,525,113,26,28,34,6,1,46,24
2021-05-09,00,Deutschland,Kinder,PICU,156,463,291,210,257,87,16,29,24,5,0,38,18
2021-05-10,00,Deutschland,Erwachsene,ERWACHSENE,1331,20508,3056,10136,2617,400,280,516,135,31,7,666,304
2021-05-10,00,Deutschland,Kinder,NICU,201,1440,616,234,531,113,28,27,33,5,1,47,25
2021-05-10,00,Deutschland,Kinder,PICU,156,457,304,208,275,85,21,26,24,5,0,39,18
2021-05-11,00,Deutschland,Erwachsene,ERWACHSENE,1331,20817,2812,10114,2495,383,279,534,135,31,7,680,320
2021-05-11,00,Deutschland,Kinder,NICU,201,1437,612,232,529,116,29,25,31,5,1,46,24
2021-05-11,00,Deutschland,Kinder,PICU,156,479,284,209,260,84,19,29,24,5,0,40,19
2021-05-12,00,Deutschland,Erwachsene,ERWACHSENE,1331,20904,2768,10090,2484,402,281,515,133,31,7,668,307
2021-05-12,00,Deutschland,Kinder,NICU,201,1427,619,233,539,117,26,26,32,5,1,44,23
2021-05-12,00,Deutschland,Kinder,PICU,156,484,283,204,265,85,20,27,24,5,0,39,19
2021-05-13,00,Deutschland,Erwachsene,ERWACHSENE,1330,20511,2994,10110,2614,392,284,521,133,34,7,673,307
2021-05-13,00,Deutschland,Kinder,NICU,201,1443,604,232,542,118,26,25,32,5,1,44,22
2021-05-13,00,Deutschland,Kinder,PICU,156,476,285,203,254,85,21,27,23,5,0,41,19
2021-05-14,00,Deutschland,Erwachsene,ERWACHSENE,1330,20082,3356,10108,2849,418,275,504,133,32,7,661,291
2021-05-14,00,Deutschland,Kinder,NICU,201,1451,599,236,534,114,30,25,32,6,1,43,25
2021-05-14,00,Deutschland,Kinder,PICU,155,441,308,202,250,84,21,27,23,6,0,40,18
2021-05-15,00,Deutschland,Erwachsene,ERWACHSENE,1330,20045,3303,10148,2796,410,283,502,135,32,7,663,291
2021-05-15,00,Deutschland,Kinder,NICU,201,1449,601,235,522,114,31,25,31,7,1,46,25
2021-05-15,00,Deutschland,Kinder,PICU,155,440,302,207,259,83,24,25,23,6,0,42,19
2021-05-16,00,Deutschland,Erwachsene,ERWACHSENE,1330,19774,3495,10180,2886,425,273,498,134,32,7,662,281
2021-05-16,00,Deutschland,Kinder,NICU,201,1440,614,236,521,113,30,27,31,6,1,46,26
2021-05-16,00,Deutschland,Kinder,PICU,156,452,307,210,261,86,22,25,23,5,0,41,16
2021-05-17,00,Deutschland,Erwachsene,ERWACHSENE,1330,20008,3430,10148,2904,425,271,501,133,34,7,663,285
2021-05-17,00,Deutschland,Kinder,NICU,201,1479,569,235,500,118,26,27,30,4,1,44,25
2021-05-17,00,Deutschland,Kinder,PICU,156,453,310,211,267,85,22,26,23,5,0,41,17
2021-05-18,00,Deutschland,Erwachsene,ERWACHSENE,1331,20447,3055,10139,2650,413,286,497,135,34,7,665,290
2021-05-18,00,Deutschland,Kinder,NICU,201,1447,599,233,503,117,29,25,30,4,1,45,25
2021-05-18,00,Deutschland,Kinder,PICU,156,455,310,208,268,85,23,25,23,4,0,41,17
2021-05-19,00,Deutschland,Erwachsene,ERWACHSENE,1328,20526,2954,10098,2681,429,278,487,134,35,7,646,281
2021-05-19,00,Deutschland,Kinder,NICU,201,1471,582,231,486,117,28,26,30,5,1,46,24
2021-05-19,00,Deutschland,Kinder,PICU,156,478,285,208,255,84,22,25,25,4,0,41,16
2021-05-20,00,Deutschland,Erwachsene,ERWACHSENE,1329,20460,2999,10143,2714,427,275,494,133,32,7,653,278
2021-05-20,00,Deutschland,Kinder,NICU,201,1471,588,229,487,116,28,28,29,7,1,47,25
2021-05-20,00,Deutschland,Kinder,PICU,156,484,279,207,247,83,22,26,25,5,0,43,17
2021-05-21,00,Deutschland,Erwachsene,ERWACHSENE,1328,20357,3031,10117,2818,435,274,485,134,33,6,647,274
2021-05-21,00,Deutschland,Kinder,NICU,201,1469,587,231,494,115,29,28,29,7,1,47,26
2021-05-21,00,Deutschland,Kinder,PICU,156,490,276,207,251,82,22,27,25,5,0,43,17
2021-05-22,00,Deutschland,Erwachsene,ERWACHSENE,1329,20010,3250,10159,2898,438,278,479,134,34,6,644,270
2021-05-22,00,Deutschland,Kinder,NICU,201,1483,569,233,496,114,28,30,29,5,1,48,26
2021-05-22,00,Deutschland,Kinder,PICU,156,473,290,207,257,83,19,30,24,4,0,44,17
2021-05-23,00,Deutschland,Erwachsene,ERWACHSENE,1329,19484,3685,10183,3120,455,270,471,133,29,6,633,250
2021-05-23,00,Deutschland,Kinder,NICU,201,1472,574,226,491,114,29,27,31,4,1,45,25
2021-05-23,00,Deutschland,Kinder,PICU,156,456,309,211,284,84,19,28,25,4,0,42,15
2021-05-24,00,Deutschland,Erwachsene,ERWACHSENE,1329,19346,3807,10209,3214,466,261,465,137,29,6,617,239
2021-05-24,00,Deutschland,Kinder,NICU,200,1459,583,228,504,115,26,27,32,4,1,45,24
2021-05-24,00,Deutschland,Kinder,PICU,156,448,319,209,295,83,19,28,26,4,0,42,15
2021-05-25,00,Deutschland,Erwachsene,ERWACHSENE,1328,19591,3697,10186,3202,493,249,455,131,29,6,601,240
2021-05-25,00,Deutschland,Kinder,NICU,200,1439,603,230,527,116,26,25,33,4,1,42,23
2021-05-25,00,Deutschland,Kinder,PICU,156,450,318,209,283,81,23,26,26,4,0,43,17
2021-05-26,00,Deutschland,Erwachsene,ERWACHSENE,1328,20040,3312,10169,3050,490,253,456,129,32,6,604,245
2021-05-26,00,Deutschland,Kinder,NICU,201,1453,605,230,501,117,26,26,32,4,1,42,25
2021-05-26,00,Deutschland,Kinder,PICU,156,464,308,207,275,80,23,27,26,4,0,45,17
2021-05-27,00,Deutschland,Erwachsene,ERWACHSENE,1327,19998,3326,10180,3065,483,267,452,125,28,5,605,260
2021-05-27,00,Deutschland,Kinder,NICU,201,1450,608,231,501,119,26,24,32,4,1,41,23
2021-05-27,00,Deutschland,Kinder,PICU,156,458,312,208,274,81,23,26,26,4,0,44,16
2021-05-28,00,Deutschland,Erwachsene,ERWACHSENE,1328,19824,3433,10167,3119,482,267,447,132,2,0,32,9
2021-05-28,00,Deutschland,Kinder,NICU,201,1461,592,232,506,116,30,23,32,0,0,1,1
2021-05-28,00,Deutschland,Kinder,PICU,155,462,292,207,256,81,22,27,25,1,0,5,2
2021-05-29,00,Deutschland,Erwachsene,ERWACHSENE,1328,19480,3630,10207,3191,481,273,441,133,1,0,9,1
2021-05-29,00,Deutschland,Kinder,NICU,201,1420,634,232,524,119,31,22,29,NA,NA,NA,NA
2021-05-29,00,Deutschland,Kinder,PICU,155,456,295,207,255,83,21,26,25,0,0,1,0
2021-05-30,00,Deutschland,Erwachsene,ERWACHSENE,1326,19133,3890,10203,3319,494,261,433,138,1,0,5,1
2021-05-30,00,Deutschland,Kinder,NICU,201,1430,619,234,522,120,30,21,30,NA,NA,NA,NA
2021-05-30,00,Deutschland,Kinder,PICU,155,454,296,207,252,83,21,27,24,0,0,1,0
2021-05-31,00,Deutschland,Erwachsene,ERWACHSENE,1328,19369,3815,10197,3366,519,259,412,138,1,0,3,1
2021-05-31,00,Deutschland,Kinder,NICU,201,1451,601,231,514,117,31,24,29,NA,NA,NA,NA
2021-05-31,00,Deutschland,Kinder,PICU,155,461,290,211,260,83,21,26,25,0,0,1,0
2021-06-01,00,Deutschland,Erwachsene,ERWACHSENE,1328,19896,3528,10155,3117,534,266,391,137,1,0,3,0
2021-06-01,00,Deutschland,Kinder,NICU,201,1444,618,230,522,120,29,23,29,0,0,0,0
2021-06-01,00,Deutschland,Kinder,PICU,155,468,285,205,260,85,21,25,24,0,0,1,0
2021-06-02,00,Deutschland,Erwachsene,ERWACHSENE,1327,19907,3379,10166,3086,534,265,395,133,4,1,175,76
2021-06-02,00,Deutschland,Kinder,NICU,201,1432,636,223,531,118,31,23,29,2,0,8,7
2021-06-02,00,Deutschland,Kinder,PICU,155,465,285,200,258,84,19,29,23,1,0,10,5
2021-06-03,00,Deutschland,Erwachsene,ERWACHSENE,1327,19734,3501,10169,3151,541,270,389,127,7,1,258,103
2021-06-03,00,Deutschland,Kinder,NICU,201,1457,613,230,523,119,29,22,31,1,0,9,6
2021-06-03,00,Deutschland,Kinder,PICU,154,450,297,201,265,83,20,27,24,1,0,13,5
2021-06-04,00,Deutschland,Erwachsene,ERWACHSENE,1325,19514,3678,10165,3191,548,259,393,125,7,1,300,117
2021-06-04,00,Deutschland,Kinder,NICU,201,1472,599,225,509,117,29,23,32,0,0,9,8
2021-06-04,00,Deutschland,Kinder,PICU,154,452,291,201,271,80,22,28,24,1,0,16,7
2021-06-05,00,Deutschland,Erwachsene,ERWACHSENE,1325,19360,3727,10233,3217,537,270,390,128,9,2,341,127
2021-06-05,00,Deutschland,Kinder,NICU,201,1468,608,228,521,119,29,21,32,0,0,9,8
2021-06-05,00,Deutschland,Kinder,PICU,154,454,293,202,262,81,20,28,25,1,0,16,6
2021-06-06,00,Deutschland,Erwachsene,ERWACHSENE,1325,19040,3968,10229,3403,537,262,389,137,9,2,364,132
2021-06-06,00,Deutschland,Kinder,NICU,201,1460,599,226,513,120,30,20,31,0,0,12,8
2021-06-06,00,Deutschland,Kinder,PICU,154,453,296,203,266,83,20,27,24,1,0,19,7
2021-06-07,00,Deutschland,Erwachsene,ERWACHSENE,1324,19178,3984,10170,3494,564,265,364,131,10,2,358,142
2021-06-07,00,Deutschland,Kinder,NICU,200,1452,596,227,510,121,29,19,31,0,0,14,8
2021-06-07,00,Deutschland,Kinder,PICU,154,467,290,203,258,83,23,25,23,1,0,21,7
2021-06-08,00,Deutschland,Erwachsene,ERWACHSENE,1323,19718,3535,10127,3236,576,247,368,132,13,3,365,145
2021-06-08,00,Deutschland,Kinder,NICU,200,1464,591,227,514,118,29,21,32,1,0,17,10
2021-06-08,00,Deutschland,Kinder,PICU,155,470,293,203,268,84,22,26,23,2,0,20,10
2021-06-09,00,Deutschland,Erwachsene,ERWACHSENE,1323,19875,3447,10089,3138,580,248,362,133,13,3,376,143
2021-06-09,00,Deutschland,Kinder,NICU,200,1457,601,228,513,119,30,20,31,4,0,18,10
2021-06-09,00,Deutschland,Kinder,PICU,156,480,297,204,265,87,21,25,23,2,0,21,9
2021-06-10,00,Deutschland,Erwachsene,ERWACHSENE,1324,19817,3478,10134,3241,578,238,376,132,12,3,396,145
2021-06-10,00,Deutschland,Kinder,NICU,201,1467,607,227,513,122,29,19,31,4,0,18,9
2021-06-10,00,Deutschland,Kinder,PICU,156,524,258,203,250,87,19,27,23,2,0,22,10
2021-06-11,00,Deutschland,Erwachsene,ERWACHSENE,1324,19725,3508,10168,3208,603,229,359,133,12,4,449,150
2021-06-11,00,Deutschland,Kinder,NICU,201,1454,616,230,512,122,28,19,32,5,1,29,13
2021-06-11,00,Deutschland,Kinder,PICU,156,509,261,203,250,90,17,25,24,2,0,30,9
2021-06-12,00,Deutschland,Erwachsene,ERWACHSENE,1324,19498,3620,10222,3284,602,227,354,141,10,4,465,154
2021-06-12,00,Deutschland,Kinder,NICU,201,1462,596,230,509,124,27,16,34,3,1,34,14
2021-06-12,00,Deutschland,Kinder,PICU,156,497,276,204,252,87,19,26,24,3,0,35,11
2021-06-13,00,Deutschland,Erwachsene,ERWACHSENE,1323,19043,3925,10254,3463,612,214,352,145,9,4,460,147
2021-06-13,00,Deutschland,Kinder,NICU,201,1468,598,225,507,122,28,17,34,3,2,36,18
2021-06-13,00,Deutschland,Kinder,PICU,156,495,273,201,266,88,19,26,23,2,0,38,14
2021-06-14,00,Deutschland,Erwachsene,ERWACHSENE,1324,19288,3890,10233,3490,618,215,340,151,9,4,457,145
2021-06-14,00,Deutschland,Kinder,NICU,201,1480,587,225,525,124,28,18,31,4,2,38,19
2021-06-14,00,Deutschland,Kinder,PICU,156,508,259,204,259,89,19,25,23,2,0,38,13
2021-06-15,00,Deutschland,Erwachsene,ERWACHSENE,1324,19676,3605,10215,3352,621,226,329,148,8,4,456,151
2021-06-15,00,Deutschland,Kinder,NICU,200,1455,598,231,525,126,26,18,30,4,2,34,17
2021-06-15,00,Deutschland,Kinder,PICU,156,507,266,207,267,91,20,22,23,1,0,36,10
2021-06-16,00,Deutschland,Erwachsene,ERWACHSENE,1324,19734,3535,10215,3386,634,216,331,143,7,3,452,147
2021-06-16,00,Deutschland,Kinder,NICU,201,1461,599,226,524,126,26,19,30,4,2,36,18
2021-06-16,00,Deutschland,Kinder,PICU,156,518,262,201,270,86,23,24,23,1,0,39,12
2021-06-17,00,Deutschland,Erwachsene,ERWACHSENE,1324,19679,3565,10237,3340,641,210,330,143,7,3,446,141
2021-06-17,00,Deutschland,Kinder,NICU,199,1442,604,219,506,123,25,21,30,5,2,37,18
2021-06-17,00,Deutschland,Kinder,PICU,155,513,259,196,254,84,23,25,23,1,0,39,13
2021-06-18,00,Deutschland,Erwachsene,ERWACHSENE,1323,19735,3479,10218,3239,632,219,327,145,5,2,451,141
2021-06-18,00,Deutschland,Kinder,NICU,199,1436,608,222,510,123,27,19,30,4,2,37,18
2021-06-18,00,Deutschland,Kinder,PICU,155,523,242,198,234,87,20,25,23,1,0,37,12
2021-06-19,00,Deutschland,Erwachsene,ERWACHSENE,1323,19404,3685,10206,3330,612,229,337,145,8,2,479,148
2021-06-19,00,Deutschland,Kinder,NICU,199,1441,600,218,518,125,26,18,30,4,2,40,16
2021-06-19,00,Deutschland,Kinder,PICU,155,515,249,198,237,87,20,26,22,1,0,39,14
2021-06-20,00,Deutschland,Erwachsene,ERWACHSENE,1323,18967,3999,10249,3448,615,229,331,148,8,4,473,143
2021-06-20,00,Deutschland,Kinder,NICU,199,1431,617,219,525,126,24,18,31,5,2,40,14
2021-06-20,00,Deutschland,Kinder,PICU,155,519,243,197,232,88,19,25,23,2,0,38,11
2021-06-21,00,Deutschland,Erwachsene,ERWACHSENE,1321,19268,3830,10230,3454,632,215,333,141,7,3,465,143
2021-06-21,00,Deutschland,Kinder,NICU,199,1449,611,220,516,126,25,18,30,4,2,40,15
2021-06-21,00,Deutschland,Kinder,PICU,155,496,267,203,247,90,21,21,23,2,0,37,9
2021-06-22,00,Deutschland,Erwachsene,ERWACHSENE,1321,19734,3438,10203,3187,623,221,333,144,6,3,465,152
2021-06-22,00,Deutschland,Kinder,NICU,199,1469,588,220,511,126,23,20,30,4,2,40,16
2021-06-22,00,Deutschland,Kinder,PICU,155,511,255,204,242,91,19,22,23,2,0,37,9
2021-06-23,00,Deutschland,Erwachsene,ERWACHSENE,1321,19845,3362,10245,3188,633,221,319,148,6,3,447,143
2021-06-23,00,Deutschland,Kinder,NICU,199,1490,571,216,514,129,22,18,30,3,2,37,14
2021-06-23,00,Deutschland,Kinder,PICU,155,507,263,204,254,90,19,23,23,3,0,38,11
2021-06-24,00,Deutschland,Erwachsene,ERWACHSENE,1321,19735,3458,10273,3175,615,232,323,151,6,2,454,157
2021-06-24,00,Deutschland,Kinder,NICU,199,1470,585,218,520,131,21,18,29,3,2,36,14
2021-06-24,00,Deutschland,Kinder,PICU,155,527,245,206,247,90,19,22,24,3,0,38,10
2021-06-25,00,Deutschland,Erwachsene,ERWACHSENE,1321,19687,3456,10286,3225,623,228,322,148,5,2,454,147
2021-06-25,00,Deutschland,Kinder,NICU,198,1470,583,214,531,131,21,17,29,3,2,35,14
2021-06-25,00,Deutschland,Kinder,PICU,155,512,252,206,246,89,20,22,24,4,0,38,11
2021-06-26,00,Deutschland,Erwachsene,ERWACHSENE,1321,19238,3689,10337,3337,618,234,320,149,7,2,470,142
2021-06-26,00,Deutschland,Kinder,NICU,198,1459,581,214,518,127,23,18,30,3,2,38,16
2021-06-26,00,Deutschland,Kinder,PICU,155,503,257,202,243,88,20,23,24,4,0,40,11
2021-06-27,00,Deutschland,Erwachsene,ERWACHSENE,1321,18893,3965,10368,3491,621,239,312,149,8,2,468,146
2021-06-27,00,Deutschland,Kinder,NICU,199,1473,586,219,517,125,25,17,32,3,2,39,17
2021-06-27,00,Deutschland,Kinder,PICU,155,477,274,202,241,87,21,23,24,4,0,41,10
2021-06-28,00,Deutschland,Erwachsene,ERWACHSENE,1322,19075,3982,10334,3537,646,227,299,150,7,2,456,128
2021-06-28,00,Deutschland,Kinder,NICU,199,1480,577,223,500,125,29,14,31,4,2,38,17
2021-06-28,00,Deutschland,Kinder,PICU,155,462,294,203,252,87,22,23,23,4,0,41,11
2021-06-29,00,Deutschland,Erwachsene,ERWACHSENE,1322,19542,3618,10309,3297,652,221,305,144,7,2,451,139
2021-06-29,00,Deutschland,Kinder,NICU,199,1481,578,219,507,126,26,16,31,4,2,39,18
2021-06-29,00,Deutschland,Kinder,PICU,155,467,293,200,258,87,21,24,23,4,0,41,11
2021-06-30,00,Deutschland,Erwachsene,ERWACHSENE,1322,19588,3563,10309,3259,645,225,304,148,8,2,449,147
2021-06-30,00,Deutschland,Kinder,NICU,199,1447,600,223,509,127,24,16,32,5,2,36,17
2021-06-30,00,Deutschland,Kinder,PICU,155,497,276,199,263,88,19,25,23,3,0,41,11
2021-07-01,00,Deutschland,Erwachsene,ERWACHSENE,1323,19405,3704,10343,3268,643,230,302,148,8,2,456,142
2021-07-01,00,Deutschland,Kinder,NICU,199,1475,580,220,504,127,23,18,31,3,2,38,15
2021-07-01,00,Deutschland,Kinder,PICU,155,525,257,197,255,86,19,27,23,3,0,41,12
2021-07-02,00,Deutschland,Erwachsene,ERWACHSENE,1322,19282,3617,10306,3278,643,229,300,150,8,2,453,137
2021-07-02,00,Deutschland,Kinder,NICU,198,1448,597,215,497,127,20,20,31,3,2,37,14
2021-07-02,00,Deutschland,Kinder,PICU,154,508,252,198,247,86,18,26,24,3,0,40,10
2021-07-03,00,Deutschland,Erwachsene,ERWACHSENE,1322,18878,3851,10331,3405,635,235,302,150,7,2,467,132
2021-07-03,00,Deutschland,Kinder,NICU,198,1449,597,220,472,127,20,22,29,3,2,38,15
2021-07-03,00,Deutschland,Kinder,PICU,154,492,261,197,237,86,20,25,23,3,0,41,11
2021-07-04,00,Deutschland,Erwachsene,ERWACHSENE,1322,18570,4078,10354,3516,641,238,296,147,6,2,465,126
2021-07-04,00,Deutschland,Kinder,NICU,198,1434,612,219,488,126,21,21,30,3,2,38,14
2021-07-04,00,Deutschland,Kinder,PICU,154,469,280,200,254,85,21,24,24,3,0,40,11
2021-07-05,00,Deutschland,Erwachsene,ERWACHSENE,1322,18750,4133,10348,3574,647,235,293,147,6,3,457,133
2021-07-05,00,Deutschland,Kinder,NICU,198,1413,636,218,508,128,17,21,32,3,2,35,13
2021-07-05,00,Deutschland,Kinder,PICU,154,462,284,197,252,86,19,24,25,3,0,39,10
2021-07-06,00,Deutschland,Erwachsene,ERWACHSENE,1322,19242,3750,10311,3424,651,224,305,142,8,3,453,133
2021-07-06,00,Deutschland,Kinder,NICU,198,1427,612,216,513,126,21,22,29,3,2,39,17
2021-07-06,00,Deutschland,Kinder,PICU,154,476,277,198,253,84,19,26,25,3,0,41,11
2021-07-07,00,Deutschland,Erwachsene,ERWACHSENE,1322,19365,3635,10305,3363,645,234,300,143,8,3,449,144
2021-07-07,00,Deutschland,Kinder,NICU,198,1422,618,213,516,127,20,21,30,3,2,38,15
2021-07-07,00,Deutschland,Kinder,PICU,154,484,272,198,247,84,20,25,25,3,0,41,11
2021-07-08,00,Deutschland,Erwachsene,ERWACHSENE,1321,19282,3724,10311,3454,647,228,309,137,7,2,454,136
2021-07-08,00,Deutschland,Kinder,NICU,198,1409,623,216,507,127,19,21,31,3,2,36,14
2021-07-08,00,Deutschland,Kinder,PICU,154,486,271,198,255,84,20,25,25,3,0,40,11
2021-07-09,00,Deutschland,Erwachsene,ERWACHSENE,1320,19266,3610,10314,3329,640,230,310,140,5,2,461,136
2021-07-09,00,Deutschland,Kinder,NICU,198,1433,596,211,509,125,22,21,30,5,2,38,17
2021-07-09,00,Deutschland,Kinder,PICU,154,479,280,200,261,85,21,23,25,3,0,39,11
2021-07-10,00,Deutschland,Erwachsene,ERWACHSENE,1318,18814,3859,10328,3401,631,224,320,143,6,2,465,141
2021-07-10,00,Deutschland,Kinder,NICU,198,1415,612,211,522,124,23,22,29,4,2,41,16
2021-07-10,00,Deutschland,Kinder,PICU,154,466,285,194,255,83,22,24,25,3,0,41,12
2021-07-11,00,Deutschland,Erwachsene,ERWACHSENE,1316,18405,4140,10347,3521,625,233,315,143,9,2,478,137
2021-07-11,00,Deutschland,Kinder,NICU,198,1405,617,209,521,124,24,19,31,3,2,38,16
2021-07-11,00,Deutschland,Kinder,PICU,154,458,296,201,256,85,22,22,25,2,0,40,12
2021-07-12,00,Deutschland,Erwachsene,ERWACHSENE,1319,18599,4201,10307,3676,645,228,306,140,9,2,461,133
2021-07-12,00,Deutschland,Kinder,NICU,198,1417,611,209,520,131,19,18,30,4,2,35,14
2021-07-12,00,Deutschland,Kinder,PICU,154,450,296,203,264,88,19,22,25,1,0,38,10
2021-07-13,00,Deutschland,Erwachsene,ERWACHSENE,1315,19153,3666,10284,3318,633,228,311,143,10,2,465,137
2021-07-13,00,Deutschland,Kinder,NICU,198,1406,622,207,525,130,20,18,30,4,2,34,15
2021-07-13,00,Deutschland,Kinder,PICU,154,466,284,203,254,86,19,24,25,1,0,38,12
2021-07-14,00,Deutschland,Erwachsene,ERWACHSENE,1317,19257,3585,10282,3274,642,221,308,146,9,2,451,139
2021-07-14,00,Deutschland,Kinder,NICU,198,1430,604,208,523,126,24,18,30,4,2,38,18
2021-07-14,00,Deutschland,Kinder,PICU,154,474,270,202,242,84,20,24,26,1,0,40,13
2021-07-15,00,Deutschland,Erwachsene,ERWACHSENE,1317,19250,3557,10256,3247,621,223,326,147,9,2,470,148
2021-07-15,00,Deutschland,Kinder,NICU,198,1442,586,204,511,128,23,17,30,3,2,36,17
2021-07-15,00,Deutschland,Kinder,PICU,154,473,278,200,241,84,19,25,26,1,0,40,13
2021-07-16,00,Deutschland,Erwachsene,ERWACHSENE,1315,19088,3530,10278,3180,618,219,330,148,7,3,467,143
2021-07-16,00,Deutschland,Kinder,NICU,198,1438,585,204,495,122,23,22,31,5,2,39,19
2021-07-16,00,Deutschland,Kinder,PICU,154,501,244,202,236,81,19,28,26,1,0,42,14
2021-07-17,00,Deutschland,Erwachsene,ERWACHSENE,1317,18775,3714,10336,3258,612,226,332,147,8,3,470,141
2021-07-17,00,Deutschland,Kinder,NICU,198,1423,610,211,485,122,24,20,32,4,2,38,17
2021-07-17,00,Deutschland,Kinder,PICU,154,491,253,199,239,79,20,29,26,2,1,42,17
2021-07-18,00,Deutschland,Erwachsene,ERWACHSENE,1317,18370,4052,10352,3478,632,219,321,145,7,3,459,127
2021-07-18,00,Deutschland,Kinder,NICU,198,1425,609,208,482,121,22,23,32,5,2,39,19
2021-07-18,00,Deutschland,Kinder,PICU,154,488,253,199,243,78,22,28,26,2,1,45,16
2021-07-19,00,Deutschland,Erwachsene,ERWACHSENE,1316,18575,4095,10322,3524,647,216,306,147,9,3,444,125
2021-07-19,00,Deutschland,Kinder,NICU,198,1453,578,208,477,123,23,23,29,5,2,40,18
2021-07-19,00,Deutschland,Kinder,PICU,154,464,276,204,250,79,23,27,25,2,1,46,15
2021-07-20,00,Deutschland,Erwachsene,ERWACHSENE,1316,19097,3627,10280,3279,640,209,315,152,10,3,442,131
2021-07-20,00,Deutschland,Kinder,NICU,198,1439,591,212,479,122,22,25,29,5,2,41,18
2021-07-20,00,Deutschland,Kinder,PICU,154,471,279,203,257,81,24,24,25,2,1,45,16
2021-07-21,00,Deutschland,Erwachsene,ERWACHSENE,1313,19136,3548,10229,3253,641,213,310,149,10,3,444,137
2021-07-21,00,Deutschland,Kinder,NICU,197,1435,587,210,491,122,22,24,29,5,2,39,19
2021-07-21,00,Deutschland,Kinder,PICU,153,496,252,199,244,80,24,24,25,2,1,45,16
2021-07-22,00,Deutschland,Erwachsene,ERWACHSENE,1311,19018,3654,10206,3276,647,211,304,149,9,3,440,126
2021-07-22,00,Deutschland,Kinder,NICU,198,1450,571,210,470,123,24,22,29,4,2,39,18
2021-07-22,00,Deutschland,Kinder,PICU,154,499,249,197,230,81,24,25,24,2,1,46,17
2021-07-23,00,Deutschland,Erwachsene,ERWACHSENE,1307,19028,3552,10199,3219,637,209,313,148,10,3,442,135
2021-07-23,00,Deutschland,Kinder,NICU,198,1452,561,208,467,123,22,23,30,4,2,40,18
2021-07-23,00,Deutschland,Kinder,PICU,154,490,260,195,231,81,22,25,26,2,1,43,17
2021-07-24,00,Deutschland,Erwachsene,ERWACHSENE,1309,18749,3729,10256,3337,619,218,327,145,9,2,464,136
2021-07-24,00,Deutschland,Kinder,NICU,199,1454,563,211,453,118,24,25,32,4,2,43,19
2021-07-24,00,Deutschland,Kinder,PICU,154,478,270,197,232,79,23,27,25,2,1,44,19
2021-07-25,00,Deutschland,Erwachsene,ERWACHSENE,1307,18361,4005,10268,3457,630,214,320,143,9,2,452,132
2021-07-25,00,Deutschland,Kinder,NICU,199,1428,587,208,469,118,25,25,31,4,2,44,20
2021-07-25,00,Deutschland,Kinder,PICU,154,480,268,201,236,79,21,29,25,1,0,44,18
2021-07-26,00,Deutschland,Erwachsene,ERWACHSENE,1309,18582,3999,10269,3516,650,207,312,140,9,2,443,129
2021-07-26,00,Deutschland,Kinder,NICU,199,1444,575,207,466,122,24,21,32,3,2,39,18
2021-07-26,00,Deutschland,Kinder,PICU,154,459,288,201,248,78,24,27,25,1,0,46,18
2021-07-27,00,Deutschland,Erwachsene,ERWACHSENE,1308,19006,3668,10227,3336,653,206,306,143,10,2,431,132
2021-07-27,00,Deutschland,Kinder,NICU,199,1446,570,211,464,121,26,20,32,3,2,41,18
2021-07-27,00,Deutschland,Kinder,PICU,154,475,285,201,254,80,21,28,25,1,0,44,18
2021-07-28,00,Deutschland,Erwachsene,ERWACHSENE,1308,19215,3432,10225,3195,652,216,301,139,11,2,438,131
2021-07-28,00,Deutschland,Kinder,NICU,199,1464,554,210,462,120,27,20,32,3,2,42,18
2021-07-28,00,Deutschland,Kinder,PICU,154,511,252,198,232,82,20,27,25,1,0,43,16
2021-07-29,00,Deutschland,Erwachsene,ERWACHSENE,1309,19173,3520,10250,3260,649,210,309,141,10,2,444,127
2021-07-29,00,Deutschland,Kinder,NICU,199,1468,555,208,469,120,26,21,32,4,2,41,19
2021-07-29,00,Deutschland,Kinder,PICU,154,493,264,199,231,79,19,31,25,0,0,46,17
2021-07-30,00,Deutschland,Erwachsene,ERWACHSENE,1308,19023,3512,10274,3267,644,219,306,139,10,3,442,141
2021-07-30,00,Deutschland,Kinder,NICU,199,1467,549,208,469,118,28,22,31,3,2,44,20
2021-07-30,00,Deutschland,Kinder,PICU,154,490,269,201,239,78,20,31,25,1,0,47,18
2021-07-31,00,Deutschland,Erwachsene,ERWACHSENE,1309,18722,3663,10298,3274,635,230,310,134,10,3,461,139
2021-07-31,00,Deutschland,Kinder,NICU,199,1452,564,208,467,120,27,21,31,3,2,42,19
2021-07-31,00,Deutschland,Kinder,PICU,154,487,273,202,237,79,22,29,24,1,0,46,19
2021-08-01,00,Deutschland,Erwachsene,ERWACHSENE,1308,18342,3877,10330,3404,628,232,314,134,10,4,458,136
2021-08-01,00,Deutschland,Kinder,NICU,199,1454,562,211,468,120,27,21,31,3,2,43,18
2021-08-01,00,Deutschland,Kinder,PICU,154,481,274,205,242,81,17,32,24,2,0,45,22
2021-08-02,00,Deutschland,Erwachsene,ERWACHSENE,1312,18427,4039,10331,3553,641,227,311,133,10,4,458,138
2021-08-02,00,Deutschland,Kinder,NICU,198,1448,571,211,478,120,27,22,29,3,2,44,18
2021-08-02,00,Deutschland,Kinder,PICU,153,461,276,205,235,81,18,31,23,3,0,46,18
2021-08-03,00,Deutschland,Erwachsene,ERWACHSENE,1314,18904,3689,10305,3382,651,217,309,137,8,4,450,127
2021-08-03,00,Deutschland,Kinder,NICU,199,1440,577,211,474,123,25,23,28,3,2,44,18
2021-08-03,00,Deutschland,Kinder,PICU,155,497,271,210,230,83,18,30,24,2,0,46,20
2021-08-04,00,Deutschland,Erwachsene,ERWACHSENE,1314,18988,3654,10302,3319,654,218,301,141,8,2,434,130
2021-08-04,00,Deutschland,Kinder,NICU,199,1435,586,211,474,124,25,23,27,4,3,45,19
2021-08-04,00,Deutschland,Kinder,PICU,155,491,278,210,236,85,22,24,24,2,0,44,17
2021-08-05,00,Deutschland,Erwachsene,ERWACHSENE,1312,18937,3674,10245,3378,654,215,305,138,9,2,440,132
2021-08-05,00,Deutschland,Kinder,NICU,199,1447,574,213,472,126,25,21,27,4,3,43,18
2021-08-05,00,Deutschland,Kinder,PICU,154,484,281,205,239,86,19,25,24,2,0,41,15
2021-08-06,00,Deutschland,Erwachsene,ERWACHSENE,1311,19022,3506,10246,3189,638,223,311,139,8,2,455,139
2021-08-06,00,Deutschland,Kinder,NICU,199,1439,577,208,486,125,26,20,28,5,3,42,15
2021-08-06,00,Deutschland,Kinder,PICU,154,488,271,200,232,85,19,25,25,2,0,41,13
2021-08-07,00,Deutschland,Erwachsene,ERWACHSENE,1310,18772,3567,10275,3219,618,228,321,143,10,2,463,148
2021-08-07,00,Deutschland,Kinder,NICU,199,1443,573,209,483,121,29,20,29,4,3,44,16
2021-08-07,00,Deutschland,Kinder,PICU,154,464,290,204,243,82,19,27,26,2,0,43,13
2021-08-08,00,Deutschland,Erwachsene,ERWACHSENE,1311,18463,3798,10308,3350,611,229,325,146,10,2,471,147
2021-08-08,00,Deutschland,Kinder,NICU,199,1431,589,207,474,120,29,20,30,4,3,44,15
2021-08-08,00,Deutschland,Kinder,PICU,154,462,292,206,245,82,17,29,26,2,0,43,12
2021-08-09,00,Deutschland,Erwachsene,ERWACHSENE,1311,18535,3950,10243,3448,626,222,318,145,10,2,453,151
2021-08-09,00,Deutschland,Kinder,NICU,199,1466,565,211,468,117,30,22,30,3,2,46,16
2021-08-09,00,Deutschland,Kinder,PICU,154,488,259,203,228,80,18,29,27,2,0,44,13
2021-08-10,00,Deutschland,Erwachsene,ERWACHSENE,1311,18858,3760,10236,3366,630,228,315,138,10,2,454,154
2021-08-10,00,Deutschland,Kinder,NICU,198,1468,555,207,466,118,31,20,29,4,2,46,15
2021-08-10,00,Deutschland,Kinder,PICU,153,487,261,197,235,79,18,29,27,3,0,43,13
2021-08-11,00,Deutschland,Erwachsene,ERWACHSENE,1311,19012,3624,10215,3364,634,219,317,141,10,2,445,148
2021-08-11,00,Deutschland,Kinder,NICU,197,1473,546,208,466,117,29,21,30,5,2,46,14
2021-08-11,00,Deutschland,Kinder,PICU,152,470,266,192,223,82,15,29,26,3,0,40,13
2021-08-12,00,Deutschland,Erwachsene,ERWACHSENE,1309,18928,3695,10213,3330,633,216,321,139,10,2,456,141
2021-08-12,00,Deutschland,Kinder,NICU,197,1494,530,210,450,116,28,24,29,5,2,47,18
2021-08-12,00,Deutschland,Kinder,PICU,152,478,254,188,220,79,17,29,27,4,0,41,15
2021-08-13,00,Deutschland,Erwachsene,ERWACHSENE,1310,18980,3605,10181,3231,628,217,324,141,9,2,458,146
2021-08-13,00,Deutschland,Kinder,NICU,197,1452,565,211,459,116,26,26,29,5,2,47,17
2021-08-13,00,Deutschland,Kinder,PICU,152,475,260,190,225,79,16,30,27,3,0,41,14
2021-08-14,00,Deutschland,Erwachsene,ERWACHSENE,1311,18683,3759,10232,3313,625,221,325,140,10,2,463,139
2021-08-14,00,Deutschland,Kinder,NICU,197,1448,575,211,460,118,26,24,29,5,2,45,16
2021-08-14,00,Deutschland,Kinder,PICU,152,466,262,190,223,79,17,29,27,3,0,41,15
2021-08-15,00,Deutschland,Erwachsene,ERWACHSENE,1310,18373,3986,10247,3433,636,210,322,142,11,2,459,132
2021-08-15,00,Deutschland,Kinder,NICU,198,1453,584,215,458,115,29,25,29,7,2,47,20
2021-08-15,00,Deutschland,Kinder,PICU,153,469,265,197,229,77,20,30,26,3,0,46,16
2021-08-16,00,Deutschland,Erwachsene,ERWACHSENE,1309,18591,3922,10242,3395,629,209,332,139,13,2,458,143
2021-08-16,00,Deutschland,Kinder,NICU,198,1453,584,212,458,116,28,24,30,7,2,47,19
2021-08-16,00,Deutschland,Kinder,PICU,154,469,273,202,231,79,21,28,26,3,0,44,15
2021-08-17,00,Deutschland,Erwachsene,ERWACHSENE,1308,18805,3724,10190,3311,636,204,324,144,10,1,445,141
2021-08-17,00,Deutschland,Kinder,NICU,199,1455,584,214,446,117,30,21,31,6,2,47,19
2021-08-17,00,Deutschland,Kinder,PICU,154,478,271,202,233,81,20,28,25,3,0,43,16
2021-08-18,00,Deutschland,Erwachsene,ERWACHSENE,1309,18921,3642,10212,3259,637,205,325,142,10,1,438,148
2021-08-18,00,Deutschland,Kinder,NICU,199,1467,575,213,443,115,31,21,32,7,2,49,18
2021-08-18,00,Deutschland,Kinder,PICU,154,468,285,199,242,79,22,28,25,4,0,45,16
2021-08-19,00,Deutschland,Erwachsene,ERWACHSENE,1308,18940,3599,10200,3239,629,212,327,140,11,1,441,153
2021-08-19,00,Deutschland,Kinder,NICU,199,1437,604,216,464,115,31,22,31,7,2,49,17
2021-08-19,00,Deutschland,Kinder,PICU,154,469,285,199,243,78,22,29,25,5,0,44,17
2021-08-20,00,Deutschland,Erwachsene,ERWACHSENE,1307,18963,3499,10230,3122,624,208,338,137,11,1,455,154
2021-08-20,00,Deutschland,Kinder,NICU,199,1441,598,214,467,118,28,22,31,8,2,46,14
2021-08-20,00,Deutschland,Kinder,PICU,154,478,266,196,224,79,23,28,24,4,0,44,15
2021-08-21,00,Deutschland,Erwachsene,ERWACHSENE,1308,18550,3689,10289,3295,594,211,361,142,13,1,474,163
2021-08-21,00,Deutschland,Kinder,NICU,199,1426,601,215,470,114,30,25,30,7,2,49,16
2021-08-21,00,Deutschland,Kinder,PICU,154,482,264,197,222,78,21,32,23,4,0,46,18
2021-08-22,00,Deutschland,Erwachsene,ERWACHSENE,1307,18218,3921,10303,3364,592,211,362,142,12,1,483,161
2021-08-22,00,Deutschland,Kinder,NICU,198,1443,577,214,464,111,31,26,30,7,2,51,18
2021-08-22,00,Deutschland,Kinder,PICU,153,476,261,192,222,75,23,32,23,4,0,49,17
2021-08-23,00,Deutschland,Erwachsene,ERWACHSENE,1307,18468,3930,10287,3411,609,206,349,143,10,1,461,163
2021-08-23,00,Deutschland,Kinder,NICU,198,1455,574,214,454,108,30,30,30,8,2,53,19
2021-08-23,00,Deutschland,Kinder,PICU,154,482,258,197,214,76,24,30,24,4,0,49,16
2021-08-24,00,Deutschland,Erwachsene,ERWACHSENE,1307,18905,3523,10284,3122,596,214,355,142,11,2,469,179
2021-08-24,00,Deutschland,Kinder,NICU,198,1461,574,210,444,109,29,30,30,9,2,51,19
2021-08-24,00,Deutschland,Kinder,PICU,154,474,267,196,221,79,23,29,23,4,0,46,15
2021-08-25,00,Deutschland,Erwachsene,ERWACHSENE,1308,18888,3584,10296,3173,595,222,347,144,10,1,473,181
2021-08-25,00,Deutschland,Kinder,NICU,198,1476,562,210,449,109,29,30,30,8,2,52,19
2021-08-25,00,Deutschland,Kinder,PICU,154,487,264,195,234,79,22,30,23,4,0,45,16
2021-08-26,00,Deutschland,Erwachsene,ERWACHSENE,1308,18992,3478,10278,3101,589,208,368,143,10,2,481,188
2021-08-26,00,Deutschland,Kinder,NICU,198,1478,560,211,443,105,30,32,31,8,2,54,24
2021-08-26,00,Deutschland,Kinder,PICU,154,501,251,194,220,77,23,31,23,4,0,48,17
2021-08-27,00,Deutschland,Erwachsene,ERWACHSENE,1308,18929,3471,10304,3104,580,220,364,144,11,2,486,186
2021-08-27,00,Deutschland,Kinder,NICU,198,1457,571,205,467,107,28,31,32,6,2,53,21
2021-08-27,00,Deutschland,Kinder,PICU,154,486,260,193,221,76,24,30,24,4,0,49,17
2021-08-28,00,Deutschland,Erwachsene,ERWACHSENE,1308,18573,3581,10371,3164,566,228,365,149,12,2,498,182
2021-08-28,00,Deutschland,Kinder,NICU,198,1455,568,207,464,105,30,31,32,6,2,54,19
2021-08-28,00,Deutschland,Kinder,PICU,154,472,267,192,220,74,24,31,25,4,0,50,16
2021-08-29,00,Deutschland,Erwachsene,ERWACHSENE,1308,18298,3763,10403,3268,572,219,370,147,10,2,500,179
2021-08-29,00,Deutschland,Kinder,NICU,198,1468,556,206,459,104,31,33,30,6,2,56,22
2021-08-29,00,Deutschland,Kinder,PICU,154,454,283,198,230,73,24,30,27,4,0,49,16
2021-08-30,00,Deutschland,Erwachsene,ERWACHSENE,1309,18493,3833,10341,3346,572,241,351,145,11,2,490,186
2021-08-30,00,Deutschland,Kinder,NICU,199,1483,547,214,451,106,29,30,34,5,2,50,21
2021-08-30,00,Deutschland,Kinder,PICU,154,465,276,200,224,77,21,30,26,4,0,46,18
2021-08-31,00,Deutschland,Erwachsene,ERWACHSENE,1309,18891,3543,10274,3199,572,241,351,145,10,3,483,195
2021-08-31,00,Deutschland,Kinder,NICU,199,1473,562,213,480,109,27,29,34,6,2,47,21
2021-08-31,00,Deutschland,Kinder,PICU,154,478,269,199,223,77,18,32,27,4,0,45,19
2021-09-01,00,Deutschland,Erwachsene,ERWACHSENE,1311,19138,3400,10260,3112,580,235,352,144,10,3,491,182
2021-09-01,00,Deutschland,Kinder,NICU,199,1483,548,212,466,111,27,28,33,5,2,47,21
2021-09-01,00,Deutschland,Kinder,PICU,154,498,246,202,210,78,19,31,26,5,0,45,18
2021-09-02,00,Deutschland,Erwachsene,ERWACHSENE,1313,19244,3424,10361,3061,577,229,359,148,8,3,483,186
2021-09-02,00,Deutschland,Kinder,NICU,199,1477,560,219,478,114,25,27,33,4,2,45,19
2021-09-02,00,Deutschland,Kinder,PICU,155,513,245,204,216,75,22,31,27,4,0,46,18
2021-09-03,00,Deutschland,Erwachsene,ERWACHSENE,1314,19276,3353,10670,3029,577,213,379,145,8,2,498,182
2021-09-03,00,Deutschland,Kinder,NICU,199,1501,542,220,468,117,23,26,33,5,2,43,16
2021-09-03,00,Deutschland,Kinder,PICU,155,512,250,199,213,79,20,29,27,4,0,44,16
2021-09-04,00,Deutschland,Erwachsene,ERWACHSENE,1312,18978,3364,10400,2986,555,234,378,145,10,2,517,183
2021-09-04,00,Deutschland,Kinder,NICU,199,1466,572,224,482,117,23,26,33,5,2,42,19
2021-09-04,00,Deutschland,Kinder,PICU,155,506,255,201,215,78,19,31,27,4,0,44,18
2021-09-05,00,Deutschland,Erwachsene,ERWACHSENE,1313,18738,3560,10443,3106,551,226,388,148,10,2,520,183
2021-09-05,00,Deutschland,Kinder,NICU,199,1468,570,218,483,114,25,26,34,6,3,43,19
2021-09-05,00,Deutschland,Kinder,PICU,155,495,258,200,212,75,19,33,28,3,0,45,21
2021-09-06,00,Deutschland,Erwachsene,ERWACHSENE,1313,18919,3636,10383,3147,552,244,372,145,10,2,518,186
2021-09-06,00,Deutschland,Kinder,NICU,198,1477,559,216,483,112,25,27,34,6,3,45,19
2021-09-06,00,Deutschland,Kinder,PICU,155,501,252,200,207,74,19,34,28,3,0,45,22
2021-09-07,00,Deutschland,Erwachsene,ERWACHSENE,1313,19340,3288,10345,2907,550,239,380,144,10,2,513,199
2021-09-07,00,Deutschland,Kinder,NICU,198,1464,563,216,478,112,26,26,34,7,3,44,19
2021-09-07,00,Deutschland,Kinder,PICU,155,515,240,202,207,74,19,35,27,3,0,46,23
2021-09-08,00,Deutschland,Erwachsene,ERWACHSENE,1312,19493,3171,10315,2822,540,228,397,147,13,2,526,205
2021-09-08,00,Deutschland,Kinder,NICU,197,1464,563,215,469,111,28,25,33,7,3,43,19
2021-09-08,00,Deutschland,Kinder,PICU,154,530,214,195,185,75,17,36,26,3,0,44,24
2021-09-09,00,Deutschland,Erwachsene,ERWACHSENE,1310,19471,3150,10314,2832,543,237,387,143,12,1,527,198
2021-09-09,00,Deutschland,Kinder,NICU,198,1506,544,211,457,109,28,27,34,7,2,43,21
2021-09-09,00,Deutschland,Kinder,PICU,155,526,236,199,200,73,19,37,26,4,0,47,23
2021-09-10,00,Deutschland,Erwachsene,ERWACHSENE,1311,19508,3075,10343,2771,532,238,397,144,13,2,536,195
2021-09-10,00,Deutschland,Kinder,NICU,198,1498,556,213,456,111,25,28,34,6,2,45,18
2021-09-10,00,Deutschland,Kinder,PICU,155,522,234,202,206,72,18,40,25,4,0,50,20
2021-09-11,00,Deutschland,Erwachsene,ERWACHSENE,1312,19179,3208,10400,2769,524,240,402,146,14,2,545,200
2021-09-11,00,Deutschland,Kinder,NICU,198,1507,554,213,465,110,25,27,36,8,2,45,19
2021-09-11,00,Deutschland,Kinder,PICU,155,511,243,197,212,72,19,38,26,4,0,49,22
2021-09-12,00,Deutschland,Erwachsene,ERWACHSENE,1312,18863,3448,10410,2898,525,237,407,143,15,2,554,196
2021-09-12,00,Deutschland,Kinder,NICU,197,1487,550,211,459,108,28,27,34,7,2,48,19
2021-09-12,00,Deutschland,Kinder,PICU,154,490,248,193,208,71,22,35,26,3,0,49,21
2021-09-13,00,Deutschland,Erwachsene,ERWACHSENE,1313,19003,3553,10352,3076,528,236,402,147,17,3,547,204
2021-09-13,00,Deutschland,Kinder,NICU,199,1484,569,215,463,109,30,26,34,7,2,49,22
2021-09-13,00,Deutschland,Kinder,PICU,155,503,244,197,205,72,22,34,27,3,0,47,23
2021-09-14,00,Deutschland,Erwachsene,ERWACHSENE,1313,19510,3159,10332,2878,529,243,392,149,14,4,546,207
2021-09-14,00,Deutschland,Kinder,NICU,199,1509,543,215,448,110,31,24,34,7,2,47,22
2021-09-14,00,Deutschland,Kinder,PICU,155,519,234,196,204,74,20,34,27,4,0,44,22
2021-09-15,00,Deutschland,Erwachsene,ERWACHSENE,1312,19576,3059,10310,2792,530,243,392,147,15,3,549,215
2021-09-15,00,Deutschland,Kinder,NICU,199,1497,561,217,456,109,32,25,33,7,3,48,23
2021-09-15,00,Deutschland,Kinder,PICU,155,517,233,196,203,75,20,32,28,3,0,43,22
2021-09-16,00,Deutschland,Erwachsene,ERWACHSENE,1312,19617,2988,10311,2745,510,247,412,143,15,1,569,225
2021-09-16,00,Deutschland,Kinder,NICU,198,1497,543,214,442,108,29,29,32,7,3,50,23
2021-09-16,00,Deutschland,Kinder,PICU,154,506,230,190,192,76,18,34,26,3,0,43,23
2021-09-17,00,Deutschland,Erwachsene,ERWACHSENE,1311,19440,3100,10318,2784,517,242,404,148,14,1,555,214
2021-09-17,00,Deutschland,Kinder,NICU,197,1479,532,214,436,110,28,28,31,8,3,49,21
2021-09-17,00,Deutschland,Kinder,PICU,153,500,225,187,192,78,17,32,26,3,0,41,20
2021-09-18,00,Deutschland,Erwachsene,ERWACHSENE,1312,18996,3328,10354,2915,517,248,399,148,12,1,559,212
2021-09-18,00,Deutschland,Kinder,NICU,197,1462,537,215,446,108,31,27,31,8,3,51,20
2021-09-18,00,Deutschland,Kinder,PICU,153,502,229,188,193,74,21,32,26,3,0,45,20
2021-09-19,00,Deutschland,Erwachsene,ERWACHSENE,1310,18661,3542,10357,3043,503,252,408,147,13,1,569,214
2021-09-19,00,Deutschland,Kinder,NICU,197,1468,537,218,445,108,32,25,32,6,3,51,20
2021-09-19,00,Deutschland,Kinder,PICU,153,489,248,186,196,73,24,31,25,3,0,45,22
2021-09-20,00,Deutschland,Erwachsene,ERWACHSENE,1313,18785,3642,10370,3125,513,250,402,148,14,2,561,210
2021-09-20,00,Deutschland,Kinder,NICU,196,1465,537,215,448,109,31,25,31,6,3,49,21
2021-09-20,00,Deutschland,Kinder,PICU,152,484,240,188,191,78,19,30,25,3,0,39,20
2021-09-21,00,Deutschland,Erwachsene,ERWACHSENE,1314,19242,3335,10312,3037,514,248,405,147,16,1,562,204
2021-09-21,00,Deutschland,Kinder,NICU,195,1454,539,209,454,109,32,24,30,5,3,48,22
2021-09-21,00,Deutschland,Kinder,PICU,152,505,218,186,176,78,18,30,26,3,0,39,19
2021-09-22,00,Deutschland,Erwachsene,ERWACHSENE,1314,19414,3148,10320,2938,516,256,399,143,18,1,562,203
2021-09-22,00,Deutschland,Kinder,NICU,196,1502,525,211,454,106,37,23,30,6,3,49,27
2021-09-22,00,Deutschland,Kinder,PICU,153,521,218,187,176,77,19,31,26,4,0,41,20
2021-09-23,00,Deutschland,Erwachsene,ERWACHSENE,1314,19362,3198,10299,2928,519,245,405,145,18,1,557,206
2021-09-23,00,Deutschland,Kinder,NICU,196,1496,530,214,464,104,37,23,32,6,3,51,24
2021-09-23,00,Deutschland,Kinder,PICU,153,527,215,187,169,72,22,31,28,5,0,44,19
2021-09-24,00,Deutschland,Erwachsene,ERWACHSENE,1314,19303,3196,10305,2903,517,244,414,139,16,1,569,209
2021-09-24,00,Deutschland,Kinder,NICU,196,1478,538,209,464,100,38,24,34,6,3,52,23
2021-09-24,00,Deutschland,Kinder,PICU,153,525,213,191,177,71,22,31,29,5,0,45,20
2021-09-25,00,Deutschland,Erwachsene,ERWACHSENE,1312,18997,3417,10346,2953,518,241,410,143,16,1,564,209
2021-09-25,00,Deutschland,Kinder,NICU,196,1494,517,205,448,98,37,25,36,5,3,53,24
2021-09-25,00,Deutschland,Kinder,PICU,153,523,214,190,182,69,22,31,31,3,0,45,19
2021-09-26,00,Deutschland,Erwachsene,ERWACHSENE,1311,18728,3482,10370,2987,507,233,429,142,15,1,574,211
2021-09-26,00,Deutschland,Kinder,NICU,196,1497,514,207,444,99,36,26,35,5,3,52,23
2021-09-26,00,Deutschland,Kinder,PICU,153,512,223,191,182,70,22,30,31,4,0,43,20
2021-09-27,00,Deutschland,Erwachsene,ERWACHSENE,1313,18870,3541,10343,3049,520,242,410,141,16,1,565,202
2021-09-27,00,Deutschland,Kinder,NICU,197,1512,517,211,438,100,35,26,36,5,2,51,22
2021-09-27,00,Deutschland,Kinder,PICU,154,519,229,193,192,73,23,28,30,4,0,43,19
2021-09-28,00,Deutschland,Erwachsene,ERWACHSENE,1313,19338,3232,10306,2961,521,247,405,140,14,1,562,207
2021-09-28,00,Deutschland,Kinder,NICU,197,1509,517,212,445,99,36,27,35,6,2,54,23
2021-09-28,00,Deutschland,Kinder,PICU,154,528,216,189,189,70,26,28,30,5,0,44,19
2021-09-29,00,Deutschland,Erwachsene,ERWACHSENE,1313,19487,3130,10293,2920,535,230,406,142,14,1,546,207
2021-09-29,00,Deutschland,Kinder,NICU,198,1529,509,213,432,99,35,28,36,7,2,54,22
2021-09-29,00,Deutschland,Kinder,PICU,155,537,224,193,199,69,24,32,30,5,0,46,22
2021-09-30,00,Deutschland,Erwachsene,ERWACHSENE,1314,19366,3084,10410,2911,528,238,404,144,13,1,554,209
2021-09-30,00,Deutschland,Kinder,NICU,198,1538,495,211,426,98,35,30,35,7,2,55,21
2021-09-30,00,Deutschland,Kinder,PICU,155,558,206,195,190,72,22,34,27,5,0,46,23
2021-10-01,00,Deutschland,Erwachsene,ERWACHSENE,1311,19229,3094,10410,2904,512,234,421,144,11,1,563,210
2021-10-01,00,Deutschland,Kinder,NICU,198,1538,494,212,425,96,37,30,35,6,2,55,23
2021-10-01,00,Deutschland,Kinder,PICU,154,546,210,192,186,71,24,32,27,4,0,47,25
2021-10-02,00,Deutschland,Erwachsene,ERWACHSENE,1310,18862,3217,10472,2889,504,232,430,144,11,1,567,218
2021-10-02,00,Deutschland,Kinder,NICU,198,1529,490,211,423,100,32,32,34,6,2,52,24
2021-10-02,00,Deutschland,Kinder,PICU,154,540,213,189,182,70,22,36,26,4,0,49,27
2021-10-03,00,Deutschland,Erwachsene,ERWACHSENE,1311,18546,3467,10488,3032,504,232,427,148,11,1,562,212
2021-10-03,00,Deutschland,Kinder,NICU,198,1516,502,212,427,98,32,34,34,7,2,55,28
2021-10-03,00,Deutschland,Kinder,PICU,154,553,200,189,184,68,23,36,27,5,0,51,27
2021-10-04,00,Deutschland,Erwachsene,ERWACHSENE,1311,18713,3579,10431,3097,537,225,407,142,15,1,545,202
2021-10-04,00,Deutschland,Kinder,NICU,198,1505,505,214,425,100,31,34,33,7,2,55,25
2021-10-04,00,Deutschland,Kinder,PICU,153,515,222,185,190,68,22,36,27,5,0,52,27
2021-10-05,00,Deutschland,Erwachsene,ERWACHSENE,1313,19212,3154,10436,2867,518,238,418,139,14,1,554,214
2021-10-05,00,Deutschland,Kinder,NICU,197,1515,514,213,432,103,27,34,33,7,2,52,25
2021-10-05,00,Deutschland,Kinder,PICU,154,542,204,188,188,68,23,36,27,5,0,53,27
2021-10-06,00,Deutschland,Erwachsene,ERWACHSENE,1313,19345,3083,10428,2870,507,257,408,141,12,1,560,223
2021-10-06,00,Deutschland,Kinder,NICU,196,1502,519,212,433,101,28,34,33,7,2,52,26
2021-10-06,00,Deutschland,Kinder,PICU,154,556,193,183,177,67,23,37,27,5,0,53,29
2021-10-07,00,Deutschland,Erwachsene,ERWACHSENE,1312,19388,3041,10402,2823,517,237,420,138,13,1,553,226
2021-10-07,00,Deutschland,Kinder,NICU,197,1498,521,214,440,99,28,37,33,7,3,54,29
2021-10-07,00,Deutschland,Kinder,PICU,154,560,186,185,166,68,19,41,26,5,0,52,29
2021-10-08,00,Deutschland,Erwachsene,ERWACHSENE,1311,19309,3029,10412,2778,507,242,420,142,14,1,567,228
2021-10-08,00,Deutschland,Kinder,NICU,196,1469,542,214,461,100,26,38,32,7,2,53,30
2021-10-08,00,Deutschland,Kinder,PICU,153,566,176,187,170,66,22,38,27,5,0,52,28
2021-10-09,00,Deutschland,Erwachsene,ERWACHSENE,1311,18944,3157,10473,2811,499,235,434,143,14,1,579,221
2021-10-09,00,Deutschland,Kinder,NICU,196,1479,529,213,453,96,30,38,32,8,2,57,31
2021-10-09,00,Deutschland,Kinder,PICU,153,548,191,191,174,65,24,37,27,6,0,52,29
2021-10-10,00,Deutschland,Erwachsene,ERWACHSENE,1311,18611,3430,10485,2990,495,244,430,142,14,1,584,225
2021-10-10,00,Deutschland,Kinder,NICU,196,1523,502,216,432,96,34,35,31,8,2,57,30
2021-10-10,00,Deutschland,Kinder,PICU,153,529,203,190,187,65,23,39,26,6,0,54,29
2021-10-11,00,Deutschland,Erwachsene,ERWACHSENE,1310,18777,3401,10464,2978,511,250,407,142,13,2,569,216
2021-10-11,00,Deutschland,Kinder,NICU,197,1496,527,210,441,96,34,36,31,8,2,56,31
2021-10-11,00,Deutschland,Kinder,PICU,154,542,199,190,179,63,28,38,25,5,0,55,32
2021-10-12,00,Deutschland,Erwachsene,ERWACHSENE,1311,19258,3077,10456,2817,507,248,411,145,14,2,564,214
2021-10-12,00,Deutschland,Kinder,NICU,197,1477,535,207,451,97,34,35,31,8,2,55,30
2021-10-12,00,Deutschland,Kinder,PICU,153,542,195,188,173,62,30,36,25,5,0,54,31
2021-10-13,00,Deutschland,Erwachsene,ERWACHSENE,1311,19395,2911,10467,2677,501,249,421,140,15,3,575,219
2021-10-13,00,Deutschland,Kinder,NICU,197,1481,540,208,457,98,35,34,30,8,3,58,31
2021-10-13,00,Deutschland,Kinder,PICU,153,552,192,188,168,65,26,37,25,5,0,54,27
2021-10-14,00,Deutschland,Erwachsene,ERWACHSENE,1310,19239,2999,10463,2713,499,255,418,138,17,4,587,213
2021-10-14,00,Deutschland,Kinder,NICU,197,1513,504,208,435,100,34,33,30,8,2,58,31
2021-10-14,00,Deutschland,Kinder,PICU,152,551,187,187,169,67,24,36,25,5,0,53,24
2021-10-15,00,Deutschland,Erwachsene,ERWACHSENE,1308,19153,2967,10456,2680,484,254,434,136,15,2,597,216
2021-10-15,00,Deutschland,Kinder,NICU,197,1530,490,206,435,100,32,36,29,9,2,59,31
2021-10-15,00,Deutschland,Kinder,PICU,153,554,190,190,169,67,24,36,26,5,0,53,25
2021-10-16,00,Deutschland,Erwachsene,ERWACHSENE,1309,18785,3169,10503,2767,491,232,447,139,15,2,596,211
2021-10-16,00,Deutschland,Kinder,NICU,197,1495,515,210,454,102,30,36,29,9,2,58,30
2021-10-16,00,Deutschland,Kinder,PICU,153,549,192,191,172,67,24,36,26,5,0,53,26
2021-10-17,00,Deutschland,Erwachsene,ERWACHSENE,1308,18548,3295,10497,2847,479,247,445,137,14,3,604,211
2021-10-17,00,Deutschland,Kinder,NICU,197,1515,501,212,450,103,29,35,30,10,2,57,29
2021-10-17,00,Deutschland,Kinder,PICU,153,535,208,192,184,66,25,36,26,5,0,54,27
2021-10-18,00,Deutschland,Erwachsene,ERWACHSENE,1308,18770,3341,10460,2841,475,268,424,141,16,3,605,221
2021-10-18,00,Deutschland,Kinder,NICU,197,1498,522,211,440,102,31,33,31,10,2,57,29
2021-10-18,00,Deutschland,Kinder,PICU,153,539,201,192,175,64,29,34,26,6,0,56,27
2021-10-19,00,Deutschland,Erwachsene,ERWACHSENE,1309,19234,2955,10441,2627,474,257,437,141,14,3,600,220
2021-10-19,00,Deutschland,Kinder,NICU,197,1488,534,214,442,104,31,31,31,11,2,57,29
2021-10-19,00,Deutschland,Kinder,PICU,154,546,200,192,175,64,30,34,26,6,0,56,29
2021-10-20,00,Deutschland,Erwachsene,ERWACHSENE,1310,19338,2859,10451,2563,479,256,437,138,17,3,604,216
2021-10-20,00,Deutschland,Kinder,NICU,197,1491,534,212,436,102,35,29,31,11,2,58,29
2021-10-20,00,Deutschland,Kinder,PICU,154,570,184,186,164,63,28,35,28,5,0,54,31
2021-10-21,00,Deutschland,Erwachsene,ERWACHSENE,1310,19444,2716,10454,2444,461,268,444,137,18,3,618,223
2021-10-21,00,Deutschland,Kinder,NICU,197,1515,492,218,420,97,36,32,32,14,2,62,32
2021-10-21,00,Deutschland,Kinder,PICU,153,557,187,184,163,60,29,36,28,6,0,56,31
2021-10-22,00,Deutschland,Erwachsene,ERWACHSENE,1310,19389,2686,10479,2402,455,254,468,133,18,1,622,224
2021-10-22,00,Deutschland,Kinder,NICU,198,1531,482,223,412,95,37,34,32,14,2,61,33
2021-10-22,00,Deutschland,Kinder,PICU,153,561,183,182,169,59,29,38,27,6,0,56,33
2021-10-23,00,Deutschland,Erwachsene,ERWACHSENE,1311,19015,2886,10506,2432,442,247,488,134,21,1,637,232
2021-10-23,00,Deutschland,Kinder,NICU,198,1544,475,219,422,94,39,31,34,13,2,60,32
2021-10-23,00,Deutschland,Kinder,PICU,153,557,177,184,166,63,27,35,28,5,0,53,28
2021-10-24,00,Deutschland,Erwachsene,ERWACHSENE,1308,18700,3062,10489,2492,427,256,489,136,23,1,649,232
2021-10-24,00,Deutschland,Kinder,NICU,198,1534,490,218,422,94,37,33,34,13,2,59,34
2021-10-24,00,Deutschland,Kinder,PICU,153,568,174,186,163,62,27,35,29,4,0,54,29
2021-10-25,00,Deutschland,Erwachsene,ERWACHSENE,1312,19017,3038,10507,2513,445,268,468,131,22,2,634,236
2021-10-25,00,Deutschland,Kinder,NICU,198,1515,509,215,437,97,35,32,34,12,2,57,30
2021-10-25,00,Deutschland,Kinder,PICU,154,551,197,187,175,63,26,36,29,4,0,55,27
2021-10-26,00,Deutschland,Erwachsene,ERWACHSENE,1311,19353,2786,10470,2387,442,259,476,134,19,1,629,240
2021-10-26,00,Deutschland,Kinder,NICU,198,1521,510,217,439,99,34,30,35,13,2,54,27
2021-10-26,00,Deutschland,Kinder,PICU,154,545,203,191,186,65,25,34,30,5,0,52,26
2021-10-27,00,Deutschland,Erwachsene,ERWACHSENE,1311,19563,2526,10445,2289,443,247,486,135,19,1,635,241
2021-10-27,00,Deutschland,Kinder,NICU,198,1509,525,216,432,94,36,33,35,12,2,60,27
2021-10-27,00,Deutschland,Kinder,PICU,154,550,202,191,184,65,27,32,30,5,0,53,25
2021-10-28,00,Deutschland,Erwachsene,ERWACHSENE,1310,19436,2601,10469,2298,438,246,490,136,26,1,639,235
2021-10-28,00,Deutschland,Kinder,NICU,197,1500,525,208,437,94,38,33,32,12,2,60,28
2021-10-28,00,Deutschland,Kinder,PICU,154,574,180,188,166,63,25,36,30,5,0,52,28
2021-10-29,00,Deutschland,Erwachsene,ERWACHSENE,1306,19385,2567,10398,2293,425,249,494,138,28,2,652,233
2021-10-29,00,Deutschland,Kinder,NICU,197,1528,499,209,423,95,38,31,33,10,2,57,29
2021-10-29,00,Deutschland,Kinder,PICU,154,575,174,189,150,60,27,37,30,6,1,54,31
2021-10-30,00,Deutschland,Erwachsene,ERWACHSENE,1307,19093,2709,10432,2300,407,246,512,142,27,1,667,237
2021-10-30,00,Deutschland,Kinder,NICU,197,1514,516,212,433,97,35,32,33,9,2,56,27
2021-10-30,00,Deutschland,Kinder,PICU,154,544,206,184,170,60,30,35,29,5,0,54,29
2021-10-31,00,Deutschland,Erwachsene,ERWACHSENE,1307,18817,2925,10448,2402,413,240,514,140,28,1,664,240
2021-10-31,00,Deutschland,Kinder,NICU,197,1504,521,207,444,92,37,33,35,9,2,58,28
2021-10-31,00,Deutschland,Kinder,PICU,154,538,209,187,173,61,27,37,29,6,1,54,30
2021-11-01,00,Deutschland,Erwachsene,ERWACHSENE,1309,18983,2945,10411,2405,420,248,502,139,28,2,658,245
2021-11-01,00,Deutschland,Kinder,NICU,197,1506,523,208,443,94,37,33,33,8,2,58,27
2021-11-01,00,Deutschland,Kinder,PICU,154,560,191,185,180,61,27,36,30,6,1,54,29
2021-11-02,00,Deutschland,Erwachsene,ERWACHSENE,1312,19422,2716,10379,2339,408,245,520,139,25,3,660,263
2021-11-02,00,Deutschland,Kinder,NICU,197,1519,508,208,453,92,38,34,33,8,2,57,29
2021-11-02,00,Deutschland,Kinder,PICU,153,575,178,187,166,60,26,38,29,5,1,53,30
2021-11-03,00,Deutschland,Erwachsene,ERWACHSENE,1314,19729,2548,10311,2234,401,260,513,140,30,3,661,270
2021-11-03,00,Deutschland,Kinder,NICU,197,1509,521,207,434,91,37,36,33,9,2,60,27
2021-11-03,00,Deutschland,Kinder,PICU,153,558,190,187,178,58,27,39,29,5,1,55,30
2021-11-04,00,Deutschland,Erwachsene,ERWACHSENE,1314,19797,2499,10299,2224,402,251,523,138,32,2,662,278
2021-11-04,00,Deutschland,Kinder,NICU,197,1492,530,205,441,93,35,36,33,9,2,58,27
2021-11-04,00,Deutschland,Kinder,PICU,153,567,183,185,187,59,26,39,29,4,1,55,28
2021-11-05,00,Deutschland,Erwachsene,ERWACHSENE,1313,19682,2457,10170,2180,380,251,542,140,26,2,683,272
2021-11-05,00,Deutschland,Kinder,NICU,197,1500,523,211,447,90,37,37,33,9,2,60,26
2021-11-05,00,Deutschland,Kinder,PICU,153,565,176,188,172,59,27,38,29,5,1,55,27
2021-11-06,00,Deutschland,Erwachsene,ERWACHSENE,1312,19287,2660,10135,2270,358,260,555,139,26,3,699,281
2021-11-06,00,Deutschland,Kinder,NICU,197,1489,522,212,433,85,38,37,37,9,2,64,27
2021-11-06,00,Deutschland,Kinder,PICU,154,564,180,183,173,57,28,38,31,4,1,56,31
2021-11-07,00,Deutschland,Erwachsene,ERWACHSENE,1312,19084,2796,10138,2348,367,256,553,136,21,3,697,277
2021-11-07,00,Deutschland,Kinder,NICU,197,1496,517,211,441,83,37,40,37,9,2,65,30
2021-11-07,00,Deutschland,Kinder,PICU,154,551,203,183,186,56,29,38,31,5,2,56,31
2021-11-08,00,Deutschland,Erwachsene,ERWACHSENE,1311,19230,2880,10091,2401,370,260,538,143,23,2,689,268
2021-11-08,00,Deutschland,Kinder,NICU,197,1503,524,206,445,85,37,37,38,9,2,62,28
2021-11-08,00,Deutschland,Kinder,PICU,154,537,221,180,194,60,29,36,29,5,2,55,29
2021-11-09,00,Deutschland,Erwachsene,ERWACHSENE,1311,19578,2520,9963,2214,381,256,530,144,28,2,679,267
2021-11-09,00,Deutschland,Kinder,NICU,197,1482,542,202,454,91,33,37,36,7,1,60,24
2021-11-09,00,Deutschland,Kinder,PICU,154,561,199,177,182,59,29,37,29,5,2,58,29
2021-11-10,00,Deutschland,Erwachsene,ERWACHSENE,1315,19752,2413,9837,2148,362,256,554,143,24,3,701,272
2021-11-10,00,Deutschland,Kinder,NICU,197,1479,544,200,457,91,28,43,35,8,1,58,28
2021-11-10,00,Deutschland,Kinder,PICU,154,556,206,178,186,61,26,38,29,5,2,56,27
2021-11-11,00,Deutschland,Erwachsene,ERWACHSENE,1315,19621,2485,9816,2181,357,263,554,141,26,4,717,280
2021-11-11,00,Deutschland,Kinder,NICU,197,1490,520,202,448,92,31,39,35,7,1,57,28
2021-11-11,00,Deutschland,Kinder,PICU,154,552,210,172,183,62,27,36,29,4,2,55,28
2021-11-12,00,Deutschland,Erwachsene,ERWACHSENE,1316,19562,2468,9812,2148,348,261,568,139,27,4,720,285
2021-11-12,00,Deutschland,Kinder,NICU,197,1495,520,201,444,91,33,38,35,6,1,59,26
2021-11-12,00,Deutschland,Kinder,PICU,153,551,203,169,183,59,27,38,29,5,2,58,27
2021-11-13,00,Deutschland,Erwachsene,ERWACHSENE,1318,19363,2547,9804,2144,319,270,594,135,31,4,757,294
2021-11-13,00,Deutschland,Kinder,NICU,197,1492,517,206,430,89,35,38,35,6,1,62,26
2021-11-13,00,Deutschland,Kinder,PICU,154,557,196,178,179,58,29,38,29,5,2,60,26
2021-11-14,00,Deutschland,Erwachsene,ERWACHSENE,1318,19155,2683,9804,2217,315,279,591,133,30,5,755,305
2021-11-14,00,Deutschland,Kinder,NICU,197,1484,521,204,430,87,34,39,37,6,1,61,28
2021-11-14,00,Deutschland,Kinder,PICU,154,552,204,184,175,57,29,38,30,5,2,60,27
2021-11-15,00,Deutschland,Erwachsene,ERWACHSENE,1319,19341,2692,9707,2233,323,279,586,131,30,5,752,297
2021-11-15,00,Deutschland,Kinder,NICU,197,1465,535,199,433,89,31,41,36,7,1,62,29
2021-11-15,00,Deutschland,Kinder,PICU,154,539,218,186,184,56,27,41,30,5,2,59,29
2021-11-16,00,Deutschland,Erwachsene,ERWACHSENE,1320,19726,2478,9560,2152,335,264,591,130,26,5,743,290
2021-11-16,00,Deutschland,Kinder,NICU,197,1477,524,197,430,88,33,40,36,7,1,62,30
2021-11-16,00,Deutschland,Kinder,PICU,154,550,214,183,194,58,26,40,30,5,2,58,29
2021-11-17,00,Deutschland,Erwachsene,ERWACHSENE,1320,19804,2385,9457,2057,330,258,603,129,28,6,753,291
2021-11-17,00,Deutschland,Kinder,NICU,197,1485,519,198,446,89,29,43,36,7,1,60,29
2021-11-17,00,Deutschland,Kinder,PICU,154,538,219,183,202,60,23,41,30,5,1,55,27
2021-11-18,00,Deutschland,Erwachsene,ERWACHSENE,1321,19792,2437,9392,2080,313,274,608,126,28,5,776,303
2021-11-18,00,Deutschland,Kinder,NICU,197,1457,535,195,445,87,32,42,36,7,2,62,31
2021-11-18,00,Deutschland,Kinder,PICU,154,552,212,187,195,61,23,40,30,4,1,53,27
2021-11-19,00,Deutschland,Erwachsene,ERWACHSENE,1321,19726,2457,9302,2080,298,276,620,127,30,5,795,304
2021-11-19,00,Deutschland,Kinder,NICU,197,1483,506,193,439,87,30,46,34,8,2,65,31
2021-11-19,00,Deutschland,Kinder,PICU,154,548,217,184,190,62,23,40,29,4,1,55,27
2021-11-20,00,Deutschland,Erwachsene,ERWACHSENE,1321,19422,2545,9307,2090,294,262,635,130,30,7,798,305
2021-11-20,00,Deutschland,Kinder,NICU,198,1486,512,188,431,85,29,50,34,8,2,69,30
2021-11-20,00,Deutschland,Kinder,PICU,155,544,217,185,185,61,24,42,28,3,0,57,26
2021-11-21,00,Deutschland,Erwachsene,ERWACHSENE,1321,19132,2775,9300,2162,294,272,626,129,28,10,802,297
2021-11-21,00,Deutschland,Kinder,NICU,198,1490,517,190,446,85,31,50,32,8,2,69,30
2021-11-21,00,Deutschland,Kinder,PICU,155,538,222,184,182,59,24,45,27,3,0,59,27
2021-11-22,00,Deutschland,Erwachsene,ERWACHSENE,1321,19372,2692,9213,2136,297,259,637,128,30,9,804,301
2021-11-22,00,Deutschland,Kinder,NICU,198,1482,512,191,446,87,30,49,32,8,3,68,28
2021-11-22,00,Deutschland,Kinder,PICU,155,542,217,186,190,57,29,42,27,4,0,59,29
2021-11-23,00,Deutschland,Erwachsene,ERWACHSENE,1321,19834,2382,9175,2008,282,270,643,126,29,9,825,313
2021-11-23,00,Deutschland,Kinder,NICU,198,1471,527,191,450,87,28,51,32,8,3,68,28
2021-11-23,00,Deutschland,Kinder,PICU,155,556,208,184,179,59,27,42,27,4,0,58,28
2021-11-24,00,Deutschland,Erwachsene,ERWACHSENE,1322,19922,2285,9057,1903,286,270,642,124,27,9,826,311
2021-11-24,00,Deutschland,Kinder,NICU,198,1479,512,193,463,87,28,51,32,7,3,68,28
2021-11-24,00,Deutschland,Kinder,PICU,155,553,218,185,189,58,27,43,27,2,0,58,27
2021-11-25,00,Deutschland,Erwachsene,ERWACHSENE,1320,19856,2317,9003,1973,282,274,640,124,30,9,820,309
2021-11-25,00,Deutschland,Kinder,NICU,199,1490,516,193,439,86,28,52,33,6,3,69,29
2021-11-25,00,Deutschland,Kinder,PICU,156,572,202,184,182,59,28,41,28,2,0,57,27
2021-11-26,00,Deutschland,Erwachsene,ERWACHSENE,1321,19872,2266,8919,1915,291,261,646,123,29,8,819,307
2021-11-26,00,Deutschland,Kinder,NICU,199,1488,522,192,443,82,34,50,33,7,3,73,29
2021-11-26,00,Deutschland,Kinder,PICU,157,574,220,184,198,60,26,43,28,2,0,57,27
2021-11-27,00,Deutschland,Erwachsene,ERWACHSENE,1320,19413,2401,8798,1953,277,267,648,128,33,8,838,304
2021-11-27,00,Deutschland,Kinder,NICU,200,1497,525,189,429,82,34,51,33,7,2,73,29
2021-11-27,00,Deutschland,Kinder,PICU,158,568,225,197,199,61,26,43,28,2,0,58,25
2021-11-28,00,Deutschland,Erwachsene,ERWACHSENE,1320,19203,2565,8794,2015,271,265,650,134,35,8,836,309
2021-11-28,00,Deutschland,Kinder,NICU,200,1489,535,191,437,82,35,48,35,7,2,72,29
2021-11-28,00,Deutschland,Kinder,PICU,158,578,210,196,194,59,28,43,28,2,0,60,28
2021-11-29,00,Deutschland,Erwachsene,ERWACHSENE,1320,19555,2455,8743,1997,272,275,642,131,34,8,837,307
2021-11-29,00,Deutschland,Kinder,NICU,200,1499,517,191,437,82,35,50,33,7,2,73,32
2021-11-29,00,Deutschland,Kinder,PICU,158,590,208,193,195,60,26,45,27,3,0,61,30
2021-11-30,00,Deutschland,Erwachsene,ERWACHSENE,1322,19831,2354,8702,1974,280,269,640,133,34,8,830,305
2021-11-30,00,Deutschland,Kinder,NICU,200,1502,517,190,432,82,35,50,33,7,2,72,32
2021-11-30,00,Deutschland,Kinder,PICU,158,555,238,194,207,61,25,45,27,3,0,59,30
2021-12-01,00,Deutschland,Erwachsene,ERWACHSENE,1321,19885,2312,8604,1905,268,270,643,140,33,7,834,306
2021-12-01,00,Deutschland,Kinder,NICU,200,1486,538,188,428,81,38,48,33,7,2,72,34
2021-12-01,00,Deutschland,Kinder,PICU,158,566,231,192,213,62,26,43,27,3,0,58,28
2021-12-02,00,Deutschland,Erwachsene,ERWACHSENE,1321,19916,2230,8572,1877,264,273,644,140,36,7,833,316
2021-12-02,00,Deutschland,Kinder,NICU,199,1507,505,186,426,83,38,46,32,7,1,70,32
2021-12-02,00,Deutschland,Kinder,PICU,157,558,230,192,205,61,28,42,26,3,0,57,30
2021-12-03,00,Deutschland,Erwachsene,ERWACHSENE,1321,19892,2193,8448,1818,263,278,641,139,38,7,837,325
2021-12-03,00,Deutschland,Kinder,NICU,199,1495,522,183,434,84,40,43,32,9,1,67,33
2021-12-03,00,Deutschland,Kinder,PICU,157,564,225,188,205,58,27,46,26,3,0,59,32
2021-12-04,00,Deutschland,Erwachsene,ERWACHSENE,1322,19616,2348,8463,1895,259,270,651,142,41,8,833,321
2021-12-04,00,Deutschland,Kinder,NICU,199,1487,525,187,445,85,39,43,32,8,1,68,32
2021-12-04,00,Deutschland,Kinder,PICU,157,550,231,197,191,60,23,47,27,3,0,57,30
2021-12-05,00,Deutschland,Erwachsene,ERWACHSENE,1322,19325,2555,8483,1979,255,279,652,136,42,9,846,320
2021-12-05,00,Deutschland,Kinder,NICU,199,1487,521,188,440,87,37,42,33,7,1,65,30
2021-12-05,00,Deutschland,Kinder,PICU,157,550,229,195,188,61,23,46,27,4,0,57,30
2021-12-06,00,Deutschland,Erwachsene,ERWACHSENE,1322,19592,2462,8451,1981,249,280,655,138,46,10,846,324
2021-12-06,00,Deutschland,Kinder,NICU,199,1478,531,187,450,88,37,42,32,9,1,67,31
2021-12-06,00,Deutschland,Kinder,PICU,157,542,239,195,197,64,21,45,27,5,0,55,29
2021-12-07,00,Deutschland,Erwachsene,ERWACHSENE,1323,19904,2323,8348,1933,248,283,656,136,40,9,853,323
2021-12-07,00,Deutschland,Kinder,NICU,199,1503,513,191,438,89,35,43,32,10,1,68,31
2021-12-07,00,Deutschland,Kinder,PICU,157,556,229,190,195,64,23,43,27,4,0,56,28
2021-12-08,00,Deutschland,Erwachsene,ERWACHSENE,1323,20029,2249,8314,1891,249,276,664,134,40,12,854,332
2021-12-08,00,Deutschland,Kinder,NICU,200,1463,554,195,453,91,30,45,34,10,1,65,28
2021-12-08,00,Deutschland,Kinder,PICU,157,562,225,186,198,64,23,42,28,4,0,55,27
2021-12-09,00,Deutschland,Erwachsene,ERWACHSENE,1321,19966,2178,8297,1805,246,270,671,134,38,8,857,323
2021-12-09,00,Deutschland,Kinder,NICU,200,1480,529,196,447,90,29,47,34,10,1,66,32
2021-12-09,00,Deutschland,Kinder,PICU,157,553,238,192,208,63,25,41,28,4,0,56,26
2021-12-10,00,Deutschland,Erwachsene,ERWACHSENE,1320,19801,2226,8215,1838,243,267,673,137,38,8,862,323
2021-12-10,00,Deutschland,Kinder,NICU,200,1480,535,195,441,89,30,47,34,10,1,66,34
2021-12-10,00,Deutschland,Kinder,PICU,157,562,223,193,183,60,28,41,28,4,0,57,30
2021-12-11,00,Deutschland,Erwachsene,ERWACHSENE,1321,19632,2320,8237,1889,239,259,685,138,40,8,867,328
2021-12-11,00,Deutschland,Kinder,NICU,200,1473,539,192,444,88,31,48,33,10,1,70,35
2021-12-11,00,Deutschland,Kinder,PICU,157,563,229,195,185,61,27,42,27,5,0,58,29
2021-12-12,00,Deutschland,Erwachsene,ERWACHSENE,1321,19385,2462,8275,1935,238,270,679,134,39,7,863,332
2021-12-12,00,Deutschland,Kinder,NICU,200,1470,539,193,436,89,28,49,34,10,1,67,34
2021-12-12,00,Deutschland,Kinder,PICU,156,546,238,192,189,63,26,42,25,6,0,56,29
2021-12-13,00,Deutschland,Erwachsene,ERWACHSENE,1322,19512,2506,8240,1985,257,261,665,139,41,6,848,318
2021-12-13,00,Deutschland,Kinder,NICU,200,1448,572,195,460,88,30,48,34,9,1,64,35
2021-12-13,00,Deutschland,Kinder,PICU,156,556,231,188,185,62,27,41,26,6,0,56,30
2021-12-14,00,Deutschland,Erwachsene,ERWACHSENE,1324,19891,2299,8195,1928,257,252,679,136,39,6,845,323
2021-12-14,00,Deutschland,Kinder,NICU,199,1454,558,194,461,86,31,48,34,10,1,65,34
2021-12-14,00,Deutschland,Kinder,PICU,157,556,244,192,196,61,29,40,27,6,0,55,31
2021-12-15,00,Deutschland,Erwachsene,ERWACHSENE,1324,19921,2306,8195,2001,263,264,658,139,35,6,838,318
2021-12-15,00,Deutschland,Kinder,NICU,199,1460,547,192,460,86,32,48,33,9,1,66,35
2021-12-15,00,Deutschland,Kinder,PICU,157,567,232,191,195,63,28,39,27,6,0,53,31
2021-12-16,00,Deutschland,Erwachsene,ERWACHSENE,1324,19793,2381,8214,2012,264,282,641,137,32,6,833,329
2021-12-16,00,Deutschland,Kinder,NICU,198,1427,571,196,466,89,30,45,34,9,1,64,32
2021-12-16,00,Deutschland,Kinder,PICU,157,581,221,189,173,60,27,43,27,7,0,55,33
2021-12-17,00,Deutschland,Erwachsene,ERWACHSENE,1324,19699,2437,8231,2055,268,269,650,137,31,7,839,312
2021-12-17,00,Deutschland,Kinder,NICU,199,1442,560,193,477,89,28,47,35,9,1,64,32
2021-12-17,00,Deutschland,Kinder,PICU,158,567,240,189,184,62,25,45,26,7,0,56,31
2021-12-18,00,Deutschland,Erwachsene,ERWACHSENE,1323,19389,2580,8260,2143,263,264,657,139,33,8,848,314
2021-12-18,00,Deutschland,Kinder,NICU,199,1453,544,193,467,87,31,46,35,9,1,66,30
2021-12-18,00,Deutschland,Kinder,PICU,159,569,243,195,192,62,26,45,26,7,0,58,31
2021-12-19,00,Deutschland,Erwachsene,ERWACHSENE,1324,19135,2765,8278,2176,263,262,659,140,34,8,847,310
2021-12-19,00,Deutschland,Kinder,NICU,199,1451,547,191,465,88,33,44,34,9,1,65,30
2021-12-19,00,Deutschland,Kinder,PICU,159,553,255,200,203,62,29,42,26,7,0,58,29
2021-12-20,00,Deutschland,Erwachsene,ERWACHSENE,1324,19242,2803,8257,2215,282,270,633,139,36,7,830,305
2021-12-20,00,Deutschland,Kinder,NICU,199,1440,569,190,478,90,29,46,34,10,1,64,28
2021-12-20,00,Deutschland,Kinder,PICU,159,536,272,195,209,64,30,39,26,6,0,58,27
2021-12-21,00,Deutschland,Erwachsene,ERWACHSENE,1324,19594,2545,8242,2118,271,276,636,141,35,6,835,307
2021-12-21,00,Deutschland,Kinder,NICU,199,1400,611,192,491,90,29,46,34,10,1,64,30
2021-12-21,00,Deutschland,Kinder,PICU,159,529,278,198,221,67,29,37,26,6,0,56,24
2021-12-22,00,Deutschland,Erwachsene,ERWACHSENE,1324,19362,2759,8257,2270,290,281,614,139,37,6,819,290
2021-12-22,00,Deutschland,Kinder,NICU,198,1395,614,186,493,91,32,43,32,10,1,65,30
2021-12-22,00,Deutschland,Kinder,PICU,159,539,269,195,219,68,26,40,25,4,0,55,27
2021-12-23,00,Deutschland,Erwachsene,ERWACHSENE,1325,19181,2863,8269,2308,288,280,619,138,34,7,826,288
2021-12-23,00,Deutschland,Kinder,NICU,199,1402,624,194,513,90,32,45,32,10,1,65,28
2021-12-23,00,Deutschland,Kinder,PICU,159,527,281,192,218,70,24,40,25,4,0,53,26
2021-12-24,00,Deutschland,Erwachsene,ERWACHSENE,1324,18785,3115,8301,2463,280,290,612,142,33,5,823,284
2021-12-24,00,Deutschland,Kinder,NICU,199,1360,657,194,528,94,33,41,31,8,1,63,30
2021-12-24,00,Deutschland,Kinder,PICU,159,519,290,194,229,70,25,40,24,4,0,54,28
2021-12-25,00,Deutschland,Erwachsene,ERWACHSENE,1324,18634,3241,8311,2541,295,274,613,142,37,5,812,283
2021-12-25,00,Deutschland,Kinder,NICU,199,1358,664,199,545,96,32,40,31,7,1,59,32
2021-12-25,00,Deutschland,Kinder,PICU,159,513,294,197,231,69,26,41,23,4,0,55,31
2021-12-26,00,Deutschland,Erwachsene,ERWACHSENE,1324,18731,3128,8314,2552,292,277,616,139,36,6,816,286
2021-12-26,00,Deutschland,Kinder,NICU,199,1356,669,200,538,98,32,38,31,7,1,57,28
2021-12-26,00,Deutschland,Kinder,PICU,159,533,281,193,235,72,23,41,23,4,0,53,29
2021-12-27,00,Deutschland,Erwachsene,ERWACHSENE,1324,18853,3079,8304,2488,311,263,610,140,34,5,793,282
2021-12-27,00,Deutschland,Kinder,NICU,199,1368,666,195,534,103,31,35,30,7,1,54,28
2021-12-27,00,Deutschland,Kinder,PICU,159,509,300,193,253,72,27,37,23,4,0,53,28
2021-12-28,00,Deutschland,Erwachsene,ERWACHSENE,1324,18989,3005,8264,2458,316,272,595,141,32,5,788,280
2021-12-28,00,Deutschland,Kinder,NICU,199,1374,654,194,530,99,35,34,31,7,1,58,29
2021-12-28,00,Deutschland,Kinder,PICU,159,516,296,194,242,72,25,38,24,4,0,54,28
2021-12-29,00,Deutschland,Erwachsene,ERWACHSENE,1323,18979,2939,8275,2389,307,290,587,139,29,6,792,285
2021-12-29,00,Deutschland,Kinder,NICU,199,1378,655,194,538,99,35,34,31,6,1,57,29
2021-12-29,00,Deutschland,Kinder,PICU,159,521,295,190,238,70,26,37,26,3,0,53,28
2021-12-30,00,Deutschland,Erwachsene,ERWACHSENE,1322,18824,3034,8270,2487,319,260,603,140,27,4,784,284
2021-12-30,00,Deutschland,Kinder,NICU,199,1378,655,193,527,100,33,35,31,7,1,57,28
2021-12-30,00,Deutschland,Kinder,PICU,159,520,291,188,232,68,26,39,26,4,0,55,29
2021-12-31,00,Deutschland,Erwachsene,ERWACHSENE,1322,18618,3176,8292,2569,326,261,596,139,25,3,778,274
2021-12-31,00,Deutschland,Kinder,NICU,199,1363,659,192,527,102,31,35,31,6,0,56,25
2021-12-31,00,Deutschland,Kinder,PICU,159,519,296,189,228,69,26,39,25,3,0,55,28
2022-01-01,00,Deutschland,Erwachsene,ERWACHSENE,1322,18545,3204,8296,2534,328,262,597,135,27,3,779,269
2022-01-01,00,Deutschland,Kinder,NICU,199,1373,653,191,528,105,29,34,31,6,0,54,24
2022-01-01,00,Deutschland,Kinder,PICU,159,521,289,194,231,69,26,39,25,4,0,55,29
2022-01-02,00,Deutschland,Erwachsene,ERWACHSENE,1323,18586,3164,8290,2559,321,278,590,134,26,3,783,273
2022-01-02,00,Deutschland,Kinder,NICU,199,1387,648,193,522,106,28,34,31,5,0,52,24
2022-01-02,00,Deutschland,Kinder,PICU,159,501,304,196,235,70,27,37,25,4,0,55,29
2022-01-03,00,Deutschland,Erwachsene,ERWACHSENE,1323,18808,3104,8249,2600,346,286,559,132,27,2,759,261
2022-01-03,00,Deutschland,Kinder,NICU,199,1377,651,193,544,104,27,37,31,5,0,52,26
2022-01-03,00,Deutschland,Kinder,PICU,159,500,315,194,249,70,28,36,25,4,0,55,28
2022-01-04,00,Deutschland,Erwachsene,ERWACHSENE,1323,19137,2926,8244,2541,356,274,559,134,26,0,738,258
2022-01-04,00,Deutschland,Kinder,NICU,199,1385,649,193,536,108,24,36,31,5,0,50,25
2022-01-04,00,Deutschland,Kinder,PICU,159,521,295,192,236,70,27,37,25,4,0,55,28
2022-01-05,00,Deutschland,Erwachsene,ERWACHSENE,1324,19179,2956,8212,2584,357,284,552,131,27,0,744,258
2022-01-05,00,Deutschland,Kinder,NICU,199,1364,671,192,541,109,22,36,32,4,0,49,24
2022-01-05,00,Deutschland,Kinder,PICU,158,519,290,188,240,71,25,36,26,4,0,53,26
2022-01-06,00,Deutschland,Erwachsene,ERWACHSENE,1323,19102,3002,8168,2557,358,288,547,130,27,1,743,264
2022-01-06,00,Deutschland,Kinder,NICU,199,1365,668,193,548,107,25,35,32,6,0,50,26
2022-01-06,00,Deutschland,Kinder,PICU,158,529,280,188,236,71,26,36,25,4,0,53,26
2022-01-07,00,Deutschland,Erwachsene,ERWACHSENE,1322,19039,3052,8173,2642,368,286,538,130,25,1,739,252
2022-01-07,00,Deutschland,Kinder,NICU,199,1387,647,192,530,108,24,35,32,6,0,52,23
2022-01-07,00,Deutschland,Kinder,PICU,158,515,293,193,231,69,24,39,26,4,0,55,24
2022-01-08,00,Deutschland,Erwachsene,ERWACHSENE,1322,18809,3182,8185,2676,363,288,542,129,24,3,741,265
2022-01-08,00,Deutschland,Kinder,NICU,199,1368,663,192,534,108,26,33,32,5,0,51,22
2022-01-08,00,Deutschland,Kinder,PICU,158,510,291,200,231,69,25,38,26,4,0,55,23
2022-01-09,00,Deutschland,Erwachsene,ERWACHSENE,1323,18516,3401,8212,2796,370,282,541,130,24,3,732,262
2022-01-09,00,Deutschland,Kinder,NICU,199,1380,653,192,528,106,27,34,32,7,0,53,23
2022-01-09,00,Deutschland,Kinder,PICU,159,508,300,208,224,69,27,37,26,4,0,56,24
2022-01-10,00,Deutschland,Erwachsene,ERWACHSENE,1323,18787,3326,8168,2793,386,285,527,125,27,2,713,266
2022-01-10,00,Deutschland,Kinder,NICU,199,1388,640,193,523,105,28,33,33,8,0,53,23
2022-01-10,00,Deutschland,Kinder,PICU,159,512,296,199,223,68,29,35,27,4,0,54,25
2022-01-11,00,Deutschland,Erwachsene,ERWACHSENE,1323,19104,3179,8163,2699,390,275,528,130,28,2,701,270
2022-01-11,00,Deutschland,Kinder,NICU,199,1379,648,196,531,106,28,32,33,6,0,52,24
2022-01-11,00,Deutschland,Kinder,PICU,159,539,289,199,229,70,28,34,27,4,0,52,25
2022-01-12,00,Deutschland,Erwachsene,ERWACHSENE,1323,19236,3077,8160,2667,402,281,510,130,25,2,690,260
2022-01-12,00,Deutschland,Kinder,NICU,198,1365,657,193,527,105,28,33,32,3,0,52,25
2022-01-12,00,Deutschland,Kinder,PICU,158,552,256,193,204,69,28,34,27,2,0,50,25
2022-01-13,00,Deutschland,Erwachsene,ERWACHSENE,1323,19277,3050,8145,2631,408,275,507,133,26,3,687,249
2022-01-13,00,Deutschland,Kinder,NICU,199,1348,692,193,530,105,29,33,32,3,0,53,24
2022-01-13,00,Deutschland,Kinder,PICU,160,535,294,197,221,70,26,36,28,2,0,53,22
2022-01-14,00,Deutschland,Erwachsene,ERWACHSENE,1323,19266,3040,8159,2667,418,270,505,130,26,3,686,235
2022-01-14,00,Deutschland,Kinder,NICU,199,1353,674,194,526,105,30,33,31,3,0,54,23
2022-01-14,00,Deutschland,Kinder,PICU,160,551,287,193,217,70,24,38,28,2,0,52,23
2022-01-15,00,Deutschland,Erwachsene,ERWACHSENE,1324,18965,3208,8207,2771,410,280,506,128,25,3,691,241
2022-01-15,00,Deutschland,Kinder,NICU,199,1345,681,196,527,106,32,30,31,3,0,53,22
2022-01-15,00,Deutschland,Kinder,PICU,160,544,286,198,217,69,27,35,29,2,0,51,23
2022-01-16,00,Deutschland,Erwachsene,ERWACHSENE,1324,18452,3635,8243,2984,415,284,497,128,21,2,689,241
2022-01-16,00,Deutschland,Kinder,NICU,199,1347,680,197,520,105,33,29,32,3,0,53,22
2022-01-16,00,Deutschland,Kinder,PICU,160,530,293,202,233,68,28,35,29,2,0,53,22
2022-01-17,00,Deutschland,Erwachsene,ERWACHSENE,1324,18624,3603,8223,2967,420,284,491,129,20,2,679,239
2022-01-17,00,Deutschland,Kinder,NICU,199,1365,664,195,519,101,36,29,33,4,0,55,23
2022-01-17,00,Deutschland,Kinder,PICU,160,533,291,196,225,67,28,35,30,2,0,52,24
2022-01-18,00,Deutschland,Erwachsene,ERWACHSENE,1323,18946,3299,8173,2845,423,293,482,125,18,2,673,240
2022-01-18,00,Deutschland,Kinder,NICU,199,1358,679,197,530,102,32,32,33,3,0,54,23
2022-01-18,00,Deutschland,Kinder,PICU,161,556,283,198,233,66,30,34,31,2,0,54,23
2022-01-19,00,Deutschland,Erwachsene,ERWACHSENE,1323,19108,3139,8144,2766,419,286,492,126,18,2,676,251
2022-01-19,00,Deutschland,Kinder,NICU,199,1350,693,197,532,104,32,32,31,3,0,55,23
2022-01-19,00,Deutschland,Kinder,PICU,161,563,280,196,231,67,31,33,30,2,0,55,22
2022-01-20,00,Deutschland,Erwachsene,ERWACHSENE,1323,19138,3142,8141,2759,420,282,495,126,18,2,673,245
2022-01-20,00,Deutschland,Kinder,NICU,199,1365,675,197,532,106,32,31,30,2,0,54,21
2022-01-20,00,Deutschland,Kinder,PICU,161,571,276,193,233,66,32,33,30,2,0,55,24
2022-01-21,00,Deutschland,Erwachsene,ERWACHSENE,1324,19153,3089,8170,2696,427,285,488,124,20,2,672,239
2022-01-21,00,Deutschland,Kinder,NICU,199,1372,669,198,524,106,31,31,31,2,0,53,22
2022-01-21,00,Deutschland,Kinder,PICU,161,549,289,191,236,69,31,32,29,2,0,53,22
2022-01-22,00,Deutschland,Erwachsene,ERWACHSENE,1324,18782,3283,8218,2762,422,285,491,126,22,2,671,243
2022-01-22,00,Deutschland,Kinder,NICU,199,1363,676,194,517,103,34,31,31,3,0,56,22
2022-01-22,00,Deutschland,Kinder,PICU,161,545,282,197,230,66,32,34,29,3,0,55,25
2022-01-23,00,Deutschland,Erwachsene,ERWACHSENE,1324,18404,3622,8221,2949,424,280,496,124,18,2,674,235
2022-01-23,00,Deutschland,Kinder,NICU,199,1345,691,195,519,104,33,29,33,3,0,53,21
2022-01-23,00,Deutschland,Kinder,PICU,161,546,284,194,234,66,30,35,30,3,0,54,26
2022-01-24,00,Deutschland,Erwachsene,ERWACHSENE,1324,18654,3505,8230,2954,427,288,482,127,16,2,668,230
2022-01-24,00,Deutschland,Kinder,NICU,199,1357,686,191,515,103,33,30,33,3,0,52,23
2022-01-24,00,Deutschland,Kinder,PICU,161,535,305,194,243,67,29,35,30,3,0,53,26
2022-01-25,00,Deutschland,Erwachsene,ERWACHSENE,1323,19004,3202,8215,2770,426,298,470,129,14,2,664,233
2022-01-25,00,Deutschland,Kinder,NICU,199,1359,680,192,513,103,33,31,32,3,0,54,22
2022-01-25,00,Deutschland,Kinder,PICU,161,546,287,194,228,66,31,34,30,3,0,56,26
2022-01-26,00,Deutschland,Erwachsene,ERWACHSENE,1324,19114,3088,8222,2748,437,290,472,125,14,1,661,228
2022-01-26,00,Deutschland,Kinder,NICU,199,1384,655,193,510,101,35,31,32,3,0,56,24
2022-01-26,00,Deutschland,Kinder,PICU,161,573,260,193,214,63,32,36,30,3,0,58,28
2022-01-27,00,Deutschland,Erwachsene,ERWACHSENE,1324,19101,3071,8200,2719,420,296,482,126,13,2,672,237
2022-01-27,00,Deutschland,Kinder,NICU,199,1363,674,194,496,103,32,32,32,3,0,55,21
2022-01-27,00,Deutschland,Kinder,PICU,161,561,264,191,214,69,26,36,30,3,0,54,23
2022-01-28,00,Deutschland,Erwachsene,ERWACHSENE,1324,19062,3074,8208,2674,420,286,487,131,12,2,678,231
2022-01-28,00,Deutschland,Kinder,NICU,199,1349,679,194,506,104,32,31,32,3,0,54,20
2022-01-28,00,Deutschland,Kinder,PICU,161,532,296,193,231,71,22,38,30,3,0,52,24
2022-01-29,00,Deutschland,Erwachsene,ERWACHSENE,1324,18710,3225,8272,2709,420,287,490,127,17,2,684,229
2022-01-29,00,Deutschland,Kinder,NICU,199,1370,658,192,518,104,34,30,31,3,0,55,18
2022-01-29,00,Deutschland,Kinder,PICU,161,531,293,192,223,70,24,37,30,3,0,53,24
2022-01-30,00,Deutschland,Erwachsene,ERWACHSENE,1324,18323,3516,8325,2851,427,281,487,129,17,3,677,231
2022-01-30,00,Deutschland,Kinder,NICU,199,1371,656,192,526,101,36,31,31,4,0,58,19
2022-01-30,00,Deutschland,Kinder,PICU,161,543,281,193,217,69,25,37,30,3,0,55,20
2022-01-31,00,Deutschland,Erwachsene,ERWACHSENE,1324,18517,3493,8276,2934,428,284,484,128,16,2,672,240
2022-01-31,00,Deutschland,Kinder,NICU,199,1384,643,193,521,102,35,31,31,4,0,57,23
2022-01-31,00,Deutschland,Kinder,PICU,161,529,302,194,233,69,28,34,30,3,0,55,23
2022-02-01,00,Deutschland,Erwachsene,ERWACHSENE,1324,19056,3096,8230,2750,414,295,491,124,17,2,685,244
2022-02-01,00,Deutschland,Kinder,NICU,199,1389,638,192,521,104,34,30,31,4,0,55,21
2022-02-01,00,Deutschland,Kinder,PICU,161,533,288,196,224,69,26,37,29,3,0,56,24
2022-02-02,00,Deutschland,Erwachsene,ERWACHSENE,1324,19129,3037,8215,2644,417,292,490,125,17,2,688,236
2022-02-02,00,Deutschland,Kinder,NICU,199,1415,621,194,511,103,33,32,31,4,0,54,23
2022-02-02,00,Deutschland,Kinder,PICU,161,544,283,194,222,69,26,37,29,3,0,55,24
2022-02-03,00,Deutschland,Erwachsene,ERWACHSENE,1323,19228,2938,8219,2582,422,307,469,125,16,2,685,234
2022-02-03,00,Deutschland,Kinder,NICU,199,1421,615,194,510,102,34,32,31,4,0,55,23
2022-02-03,00,Deutschland,Kinder,PICU,161,557,274,194,216,69,24,39,29,3,0,54,24
2022-02-04,00,Deutschland,Erwachsene,ERWACHSENE,1323,19208,2869,8232,2573,404,316,477,126,16,2,695,241
2022-02-04,00,Deutschland,Kinder,NICU,199,1405,633,196,533,102,36,31,30,6,0,56,25
2022-02-04,00,Deutschland,Kinder,PICU,161,553,278,193,219,69,24,40,28,3,0,56,25
2022-02-05,00,Deutschland,Erwachsene,ERWACHSENE,1323,18819,3088,8299,2657,404,313,474,132,17,2,691,232
2022-02-05,00,Deutschland,Kinder,NICU,199,1418,617,199,531,102,39,28,30,6,0,56,24
2022-02-05,00,Deutschland,Kinder,PICU,161,542,284,202,220,66,28,39,28,3,0,58,25
2022-02-06,00,Deutschland,Erwachsene,ERWACHSENE,1322,18404,3424,8270,2793,425,293,474,130,15,3,682,228
2022-02-06,00,Deutschland,Kinder,NICU,199,1410,631,202,537,103,39,27,30,6,0,55,24
2022-02-06,00,Deutschland,Kinder,PICU,161,552,261,205,214,71,23,39,28,2,0,55,23
2022-02-07,00,Deutschland,Erwachsene,ERWACHSENE,1322,18579,3360,8247,2748,435,293,470,124,16,4,671,224
2022-02-07,00,Deutschland,Kinder,NICU,199,1402,627,203,544,106,35,28,30,5,0,52,23
2022-02-07,00,Deutschland,Kinder,PICU,161,537,293,198,233,73,23,37,28,2,0,53,23
2022-02-08,00,Deutschland,Erwachsene,ERWACHSENE,1324,19090,2987,8212,2585,427,312,458,127,17,3,670,230
2022-02-08,00,Deutschland,Kinder,NICU,199,1372,656,202,543,104,37,28,30,4,0,54,23
2022-02-08,00,Deutschland,Kinder,PICU,161,542,287,201,238,73,24,36,28,2,0,53,23
2022-02-09,00,Deutschland,Erwachsene,ERWACHSENE,1324,19189,2909,8221,2539,426,321,452,125,17,3,676,236
2022-02-09,00,Deutschland,Kinder,NICU,199,1379,651,203,548,102,40,27,30,3,0,55,26
2022-02-09,00,Deutschland,Kinder,PICU,161,545,292,202,233,71,27,35,28,3,0,53,25
2022-02-10,00,Deutschland,Erwachsene,ERWACHSENE,1323,19220,2922,8197,2512,438,298,461,126,15,2,666,229
2022-02-10,00,Deutschland,Kinder,NICU,199,1357,672,201,546,100,39,29,31,3,0,56,26
2022-02-10,00,Deutschland,Kinder,PICU,161,569,263,201,215,74,23,36,28,3,0,51,23
2022-02-11,00,Deutschland,Erwachsene,ERWACHSENE,1323,19134,2920,8210,2534,449,294,453,127,13,2,660,214
2022-02-11,00,Deutschland,Kinder,NICU,199,1336,697,198,555,99,37,32,31,3,0,57,26
2022-02-11,00,Deutschland,Kinder,PICU,161,569,262,198,211,72,24,37,28,3,0,52,24
2022-02-12,00,Deutschland,Erwachsene,ERWACHSENE,1323,18714,3184,8218,2608,439,296,461,127,13,1,659,214
2022-02-12,00,Deutschland,Kinder,NICU,199,1303,727,198,551,103,34,31,31,3,0,56,25
2022-02-12,00,Deutschland,Kinder,PICU,161,541,284,202,227,72,26,36,27,3,0,53,26
2022-02-13,00,Deutschland,Erwachsene,ERWACHSENE,1322,18394,3373,8238,2753,427,309,458,128,13,1,675,222
2022-02-13,00,Deutschland,Kinder,NICU,199,1319,713,199,534,103,34,31,31,3,0,56,23
2022-02-13,00,Deutschland,Kinder,PICU,161,526,293,201,241,70,27,37,27,3,0,55,26
2022-02-14,00,Deutschland,Erwachsene,ERWACHSENE,1322,18572,3362,8242,2808,432,312,455,123,16,4,671,218
2022-02-14,00,Deutschland,Kinder,NICU,199,1357,676,201,532,105,31,32,31,3,0,54,23
2022-02-14,00,Deutschland,Kinder,PICU,161,509,316,197,243,70,28,36,27,3,0,56,24
2022-02-15,00,Deutschland,Erwachsene,ERWACHSENE,1322,19010,3013,8261,2640,415,310,476,121,18,4,688,225
2022-02-15,00,Deutschland,Kinder,NICU,199,1352,691,201,534,105,32,32,30,3,0,55,24
2022-02-15,00,Deutschland,Kinder,PICU,161,530,296,197,231,72,28,35,26,4,0,54,23
2022-02-16,00,Deutschland,Erwachsene,ERWACHSENE,1323,19175,2936,8248,2635,409,318,477,119,18,4,691,237
2022-02-16,00,Deutschland,Kinder,NICU,198,1375,653,201,521,104,34,30,30,3,0,55,25
2022-02-16,00,Deutschland,Kinder,PICU,160,534,286,197,229,71,26,37,26,4,0,55,24
2022-02-17,00,Deutschland,Erwachsene,ERWACHSENE,1323,19185,2906,8256,2591,413,320,471,119,17,4,684,231
2022-02-17,00,Deutschland,Kinder,NICU,199,1395,644,203,531,107,32,30,30,3,0,53,22
2022-02-17,00,Deutschland,Kinder,PICU,161,541,283,200,219,71,26,38,26,3,0,53,25
2022-02-18,00,Deutschland,Erwachsene,ERWACHSENE,1322,19165,2809,8258,2516,407,315,481,119,19,3,696,238
2022-02-18,00,Deutschland,Kinder,NICU,199,1426,613,203,506,108,31,30,30,3,0,52,22
2022-02-18,00,Deutschland,Kinder,PICU,161,520,306,197,234,71,23,41,26,4,0,54,24
2022-02-19,00,Deutschland,Erwachsene,ERWACHSENE,1322,18787,3050,8270,2570,409,307,485,121,19,2,691,237
2022-02-19,00,Deutschland,Kinder,NICU,199,1421,615,202,499,108,30,31,30,3,0,53,19
2022-02-19,00,Deutschland,Kinder,PICU,161,523,296,202,228,73,23,39,26,3,0,53,22
2022-02-20,00,Deutschland,Erwachsene,ERWACHSENE,1322,18372,3337,8246,2673,412,304,484,122,19,2,690,237
2022-02-20,00,Deutschland,Kinder,NICU,199,1397,642,202,512,108,30,31,30,3,0,53,20
2022-02-20,00,Deutschland,Kinder,PICU,161,511,309,203,232,73,24,38,26,3,0,53,23
2022-02-21,00,Deutschland,Erwachsene,ERWACHSENE,1322,18534,3329,8298,2768,422,314,468,118,20,3,691,231
2022-02-21,00,Deutschland,Kinder,NICU,199,1403,642,197,520,108,33,29,29,5,0,54,22
2022-02-21,00,Deutschland,Kinder,PICU,161,532,288,201,223,72,25,38,26,3,0,54,23
2022-02-22,00,Deutschland,Erwachsene,ERWACHSENE,1322,18948,3044,8272,2599,430,305,467,120,20,3,684,228
2022-02-22,00,Deutschland,Kinder,NICU,199,1401,635,197,510,110,33,27,29,5,0,51,24
2022-02-22,00,Deutschland,Kinder,PICU,161,539,285,200,221,71,27,37,26,3,0,55,22
2022-02-23,00,Deutschland,Erwachsene,ERWACHSENE,1322,19040,2974,8250,2631,435,297,470,120,22,3,672,231
2022-02-23,00,Deutschland,Kinder,NICU,199,1406,630,197,512,110,32,28,29,5,0,51,23
2022-02-23,00,Deutschland,Kinder,PICU,161,529,291,202,232,70,27,38,26,3,0,54,22
2022-02-24,00,Deutschland,Erwachsene,ERWACHSENE,1322,19112,2940,8228,2655,453,292,454,123,19,3,656,228
2022-02-24,00,Deutschland,Kinder,NICU,199,1404,630,198,519,107,35,28,29,4,0,55,23
2022-02-24,00,Deutschland,Kinder,PICU,161,545,282,199,230,70,27,38,26,3,0,56,23
2022-02-25,00,Deutschland,Erwachsene,ERWACHSENE,1322,19134,2892,8232,2595,453,295,453,121,21,3,658,228
2022-02-25,00,Deutschland,Kinder,NICU,199,1401,639,197,521,110,32,28,29,4,0,52,22
2022-02-25,00,Deutschland,Kinder,PICU,161,529,298,202,243,71,29,35,26,3,0,56,20
2022-02-26,00,Deutschland,Erwachsene,ERWACHSENE,1321,18676,3100,8286,2660,438,290,472,121,23,2,671,218
2022-02-26,00,Deutschland,Kinder,NICU,199,1372,667,199,528,105,34,30,30,5,0,55,25
2022-02-26,00,Deutschland,Kinder,PICU,161,516,310,204,236,71,28,36,26,3,0,56,19
2022-02-27,00,Deutschland,Erwachsene,ERWACHSENE,1320,18228,3436,8309,2854,434,288,478,120,20,2,673,219
2022-02-27,00,Deutschland,Kinder,NICU,199,1368,670,200,538,105,35,30,29,5,0,55,25
2022-02-27,00,Deutschland,Kinder,PICU,161,503,321,203,245,71,28,37,25,4,0,57,19
2022-02-28,00,Deutschland,Erwachsene,ERWACHSENE,1321,18457,3434,8260,2863,438,289,474,120,19,3,664,223
2022-02-28,00,Deutschland,Kinder,NICU,199,1390,719,200,536,106,35,29,29,6,0,54,24
2022-02-28,00,Deutschland,Kinder,PICU,161,528,310,199,248,73,28,35,25,3,0,55,19
2022-03-01,00,Deutschland,Erwachsene,ERWACHSENE,1322,18824,3189,8233,2740,452,286,458,126,16,3,647,218
2022-03-01,00,Deutschland,Kinder,NICU,199,1370,664,199,531,108,35,27,29,5,0,52,21
2022-03-01,00,Deutschland,Kinder,PICU,161,534,303,197,240,69,31,37,24,3,0,57,21
2022-03-02,00,Deutschland,Erwachsene,ERWACHSENE,1321,18860,3141,8220,2746,463,265,468,125,18,3,632,216
2022-03-02,00,Deutschland,Kinder,NICU,199,1380,654,199,524,107,35,28,29,5,0,52,23
2022-03-02,00,Deutschland,Kinder,PICU,161,563,275,195,211,68,31,36,26,2,0,55,21
2022-03-03,00,Deutschland,Erwachsene,ERWACHSENE,1321,18875,3155,8220,2708,456,267,470,128,19,3,631,222
2022-03-03,00,Deutschland,Kinder,NICU,199,1397,648,199,518,102,39,29,29,7,0,56,26
2022-03-03,00,Deutschland,Kinder,PICU,161,555,273,193,213,69,30,36,26,2,0,54,22
2022-03-04,00,Deutschland,Erwachsene,ERWACHSENE,1321,18882,3048,8235,2645,451,274,471,125,16,3,638,220
2022-03-04,00,Deutschland,Kinder,NICU,198,1383,647,198,515,102,37,30,29,6,0,56,26
2022-03-04,00,Deutschland,Kinder,PICU,161,565,266,196,210,70,30,35,26,2,0,54,20
2022-03-05,00,Deutschland,Erwachsene,ERWACHSENE,1321,18537,3230,8233,2696,440,283,470,128,16,2,649,215
2022-03-05,00,Deutschland,Kinder,NICU,198,1377,658,197,530,102,38,29,29,6,0,55,26
2022-03-05,00,Deutschland,Kinder,PICU,161,545,285,199,211,69,31,35,26,1,0,56,18
2022-03-06,00,Deutschland,Erwachsene,ERWACHSENE,1321,18131,3526,8252,2826,441,276,478,126,15,2,661,214
2022-03-06,00,Deutschland,Kinder,NICU,198,1372,659,196,541,102,39,28,29,5,0,55,26
2022-03-06,00,Deutschland,Kinder,PICU,161,531,296,200,223,67,32,36,26,1,0,56,20
2022-03-07,00,Deutschland,Erwachsene,ERWACHSENE,1322,18384,3478,8238,2879,442,285,469,126,15,3,661,213
2022-03-07,00,Deutschland,Kinder,NICU,199,1371,674,196,555,103,38,29,29,5,0,55,25
2022-03-07,00,Deutschland,Kinder,PICU,161,539,303,199,234,64,35,35,27,1,0,58,20
2022-03-08,00,Deutschland,Erwachsene,ERWACHSENE,1320,18778,3164,8209,2771,447,284,464,125,15,3,646,209
2022-03-08,00,Deutschland,Kinder,NICU,199,1355,688,196,572,103,37,29,30,5,0,55,22
2022-03-08,00,Deutschland,Kinder,PICU,161,562,278,191,222,65,34,35,27,1,0,57,21
2022-03-09,00,Deutschland,Erwachsene,ERWACHSENE,1320,18927,3044,8216,2674,450,268,479,123,15,3,649,216
2022-03-09,00,Deutschland,Kinder,NICU,199,1355,683,201,560,103,36,31,29,7,0,55,23
2022-03-09,00,Deutschland,Kinder,PICU,161,567,278,190,218,65,33,36,27,1,0,57,19
2022-03-10,00,Deutschland,Erwachsene,ERWACHSENE,1321,18871,3087,8217,2654,452,266,478,125,16,3,644,215
2022-03-10,00,Deutschland,Kinder,NICU,199,1358,679,200,558,104,37,30,28,7,0,54,22
2022-03-10,00,Deutschland,Kinder,PICU,161,563,276,192,212,66,31,37,27,1,0,56,18
2022-03-11,00,Deutschland,Erwachsene,ERWACHSENE,1320,18862,2990,8216,2578,437,275,485,123,18,2,658,215
2022-03-11,00,Deutschland,Kinder,NICU,199,1355,687,199,563,105,35,31,28,6,0,54,22
2022-03-11,00,Deutschland,Kinder,PICU,161,553,276,192,202,67,30,37,27,1,0,54,19
2022-03-12,00,Deutschland,Erwachsene,ERWACHSENE,1319,18398,3187,8244,2683,436,281,485,117,17,2,673,216
2022-03-12,00,Deutschland,Kinder,NICU,199,1350,686,200,547,102,38,30,29,5,0,56,24
2022-03-12,00,Deutschland,Kinder,PICU,161,553,266,194,201,65,30,39,27,1,0,56,19
2022-03-13,00,Deutschland,Erwachsene,ERWACHSENE,1320,18091,3418,8258,2812,432,283,487,118,16,2,678,206
2022-03-13,00,Deutschland,Kinder,NICU,199,1370,668,200,550,102,36,32,29,5,0,56,23
2022-03-13,00,Deutschland,Kinder,PICU,161,540,269,197,205,64,32,38,27,2,0,58,19
2022-03-14,00,Deutschland,Erwachsene,ERWACHSENE,1321,18336,3373,8246,2792,429,282,493,117,11,2,675,205
2022-03-14,00,Deutschland,Kinder,NICU,199,1376,666,204,548,103,35,32,29,5,0,55,25
2022-03-14,00,Deutschland,Kinder,PICU,161,544,283,197,229,66,28,40,27,2,0,56,21
2022-03-15,00,Deutschland,Erwachsene,ERWACHSENE,1319,18805,2966,8216,2530,408,298,495,118,12,2,700,208
2022-03-15,00,Deutschland,Kinder,NICU,199,1370,671,204,548,103,35,32,29,5,0,56,26
2022-03-15,00,Deutschland,Kinder,PICU,161,548,280,197,222,66,30,38,27,2,0,57,20
2022-03-16,00,Deutschland,Erwachsene,ERWACHSENE,1319,18951,2827,8223,2416,398,294,504,123,12,2,703,209
2022-03-16,00,Deutschland,Kinder,NICU,199,1389,648,205,546,103,33,35,28,5,0,58,26
2022-03-16,00,Deutschland,Kinder,PICU,161,582,245,192,190,65,28,42,26,2,0,59,21
2022-03-17,00,Deutschland,Erwachsene,ERWACHSENE,1318,18811,2892,8199,2445,399,279,517,123,12,2,699,211
2022-03-17,00,Deutschland,Kinder,NICU,199,1407,634,206,531,106,30,35,28,5,0,55,23
2022-03-17,00,Deutschland,Kinder,PICU,161,574,243,196,196,68,25,42,26,2,0,57,21
2022-03-18,00,Deutschland,Erwachsene,ERWACHSENE,1317,18699,2862,8229,2441,381,295,518,123,12,2,714,207
2022-03-18,00,Deutschland,Kinder,NICU,199,1398,646,204,542,103,32,36,28,5,0,59,23
2022-03-18,00,Deutschland,Kinder,PICU,161,577,240,196,197,66,25,43,27,2,0,60,20
2022-03-19,00,Deutschland,Erwachsene,ERWACHSENE,1318,18273,3086,8268,2551,383,282,525,128,12,2,712,202
2022-03-19,00,Deutschland,Kinder,NICU,199,1383,661,204,530,102,34,35,28,6,0,60,22
2022-03-19,00,Deutschland,Kinder,PICU,161,540,266,194,208,66,24,44,27,2,0,60,19
2022-03-20,00,Deutschland,Erwachsene,ERWACHSENE,1318,17958,3320,8291,2674,379,285,526,128,13,2,715,204
2022-03-20,00,Deutschland,Kinder,NICU,199,1371,671,206,521,103,32,36,28,6,0,59,22
2022-03-20,00,Deutschland,Kinder,PICU,161,532,275,196,219,63,26,45,27,2,0,63,21
2022-03-21,00,Deutschland,Erwachsene,ERWACHSENE,1318,18245,3226,8236,2607,388,290,518,122,13,2,710,211
2022-03-21,00,Deutschland,Kinder,NICU,199,1374,667,205,527,101,34,36,28,6,0,61,21
2022-03-21,00,Deutschland,Kinder,PICU,161,520,294,200,230,68,25,42,26,3,0,60,21
2022-03-22,00,Deutschland,Erwachsene,ERWACHSENE,1318,18620,2998,8237,2502,396,288,512,122,12,2,700,212
2022-03-22,00,Deutschland,Kinder,NICU,199,1357,692,206,537,100,36,35,28,6,0,62,22
2022-03-22,00,Deutschland,Kinder,PICU,161,536,282,195,217,72,25,38,26,3,0,56,19
2022-03-23,00,Deutschland,Erwachsene,ERWACHSENE,1318,18766,2876,8218,2483,390,284,523,121,12,1,708,219
2022-03-23,00,Deutschland,Kinder,NICU,199,1334,706,206,547,103,32,35,29,7,0,58,21
2022-03-23,00,Deutschland,Kinder,PICU,161,534,293,198,229,73,25,37,26,3,0,55,19
2022-03-24,00,Deutschland,Erwachsene,ERWACHSENE,1319,18791,2908,8192,2489,393,290,511,125,12,2,705,220
2022-03-24,00,Deutschland,Kinder,NICU,200,1360,686,213,538,104,32,34,30,6,0,56,21
2022-03-24,00,Deutschland,Kinder,PICU,161,558,269,193,213,74,24,37,26,3,0,54,20
2022-03-25,00,Deutschland,Erwachsene,ERWACHSENE,1319,18666,2909,8200,2486,383,281,530,125,14,1,717,217
2022-03-25,00,Deutschland,Kinder,NICU,200,1371,672,213,527,103,34,33,30,5,0,56,20
2022-03-25,00,Deutschland,Kinder,PICU,161,558,264,189,202,74,23,38,26,3,0,54,19
2022-03-26,00,Deutschland,Erwachsene,ERWACHSENE,1319,18378,2969,8237,2476,367,287,535,130,14,1,737,218
2022-03-26,00,Deutschland,Kinder,NICU,200,1353,680,212,529,102,34,33,31,5,0,57,18
2022-03-26,00,Deutschland,Kinder,PICU,161,537,274,197,197,74,26,36,25,3,0,55,18
2022-03-27,00,Deutschland,Erwachsene,ERWACHSENE,1318,18020,3244,8259,2641,376,279,532,131,15,1,734,206
2022-03-27,00,Deutschland,Kinder,NICU,200,1370,672,209,517,102,32,34,32,5,0,56,18
2022-03-27,00,Deutschland,Kinder,PICU,161,531,270,195,200,75,23,38,25,3,0,54,17
2022-03-28,00,Deutschland,Erwachsene,ERWACHSENE,1320,18205,3324,8223,2765,388,275,529,128,13,1,729,203
2022-03-28,00,Deutschland,Kinder,NICU,200,1388,656,209,520,103,30,34,33,6,0,54,18
2022-03-28,00,Deutschland,Kinder,PICU,160,530,282,199,215,75,22,38,25,3,0,53,17
2022-03-29,00,Deutschland,Erwachsene,ERWACHSENE,1321,18759,2937,8220,2505,392,276,526,127,13,1,723,216
2022-03-29,00,Deutschland,Kinder,NICU,200,1370,673,207,518,99,30,40,31,6,0,58,22
2022-03-29,00,Deutschland,Kinder,PICU,161,527,293,197,222,73,25,39,24,3,0,56,17
2022-03-30,00,Deutschland,Erwachsene,ERWACHSENE,1321,18896,2833,8214,2462,380,291,524,126,16,1,725,235
2022-03-30,00,Deutschland,Kinder,NICU,200,1374,663,207,532,100,31,38,31,6,0,57,21
2022-03-30,00,Deutschland,Kinder,PICU,161,553,275,193,208,73,27,37,24,3,0,55,18
2022-03-31,00,Deutschland,Erwachsene,ERWACHSENE,1319,18786,2904,8217,2499,381,288,523,127,15,1,720,235
2022-03-31,00,Deutschland,Kinder,NICU,199,1396,650,202,527,101,31,36,31,6,0,56,22
2022-03-31,00,Deutschland,Kinder,PICU,161,563,264,195,213,74,27,36,24,3,0,54,18
2022-04-01,00,Deutschland,Erwachsene,ERWACHSENE,1318,18687,2861,8239,2427,373,291,528,126,14,1,727,238
2022-04-01,00,Deutschland,Kinder,NICU,197,1370,654,202,519,100,31,36,30,6,0,55,22
2022-04-01,00,Deutschland,Kinder,PICU,159,561,251,193,200,72,25,38,24,3,0,55,16
2022-04-02,00,Deutschland,Erwachsene,ERWACHSENE,1322,18318,3053,8280,2546,366,290,540,126,15,1,744,232
2022-04-02,00,Deutschland,Kinder,NICU,198,1400,634,203,517,99,33,35,31,6,0,56,22
2022-04-02,00,Deutschland,Kinder,PICU,160,545,262,196,205,70,26,40,24,3,0,55,19
2022-04-03,00,Deutschland,Erwachsene,ERWACHSENE,1323,17982,3295,8302,2684,375,289,534,125,15,1,742,227
2022-04-03,00,Deutschland,Kinder,NICU,198,1370,651,203,512,98,33,37,30,6,0,58,22
2022-04-03,00,Deutschland,Kinder,PICU,160,535,280,196,218,70,26,40,24,3,0,56,18
2022-04-04,00,Deutschland,Erwachsene,ERWACHSENE,1323,18269,3314,8261,2679,392,290,519,122,15,1,727,228
2022-04-04,00,Deutschland,Kinder,NICU,198,1346,670,206,520,98,35,35,30,6,0,57,22
2022-04-04,00,Deutschland,Kinder,PICU,160,545,275,192,212,70,25,41,24,4,0,55,21
2022-04-05,00,Deutschland,Erwachsene,ERWACHSENE,1322,18704,2977,8226,2512,396,280,527,119,16,1,721,223
2022-04-05,00,Deutschland,Kinder,NICU,198,1370,643,207,507,100,34,33,31,6,0,54,24
2022-04-05,00,Deutschland,Kinder,PICU,160,559,256,190,208,67,27,41,25,4,0,56,22
2022-04-06,00,Deutschland,Erwachsene,ERWACHSENE,1321,18846,2859,8203,2447,397,284,519,121,15,1,712,222
2022-04-06,00,Deutschland,Kinder,NICU,198,1363,653,206,514,101,34,33,30,5,0,53,23
2022-04-06,00,Deutschland,Kinder,PICU,160,566,253,194,211,72,29,36,23,2,0,53,21
2022-04-07,00,Deutschland,Erwachsene,ERWACHSENE,1322,18908,2826,8205,2425,388,285,524,125,15,1,717,225
2022-04-07,00,Deutschland,Kinder,NICU,197,1350,654,205,534,105,31,32,29,3,0,50,24
2022-04-07,00,Deutschland,Kinder,PICU,160,582,243,193,196,74,28,35,23,2,0,52,22
2022-04-08,00,Deutschland,Erwachsene,ERWACHSENE,1322,18729,2863,8216,2427,394,279,522,127,14,1,711,222
2022-04-08,00,Deutschland,Kinder,NICU,197,1361,649,203,526,105,31,32,29,3,0,51,21
2022-04-08,00,Deutschland,Kinder,PICU,160,565,254,193,191,73,28,36,23,2,0,53,19
2022-04-09,00,Deutschland,Erwachsene,ERWACHSENE,1321,18364,3089,8265,2501,390,275,526,130,15,1,718,224
2022-04-09,00,Deutschland,Kinder,NICU,197,1368,639,205,532,104,31,33,29,3,0,52,21
2022-04-09,00,Deutschland,Kinder,PICU,160,556,257,195,194,67,32,38,23,2,0,57,21
2022-04-10,00,Deutschland,Erwachsene,ERWACHSENE,1319,17985,3316,8272,2648,383,281,526,129,15,1,719,225
2022-04-10,00,Deutschland,Kinder,NICU,197,1358,642,205,528,103,32,33,29,4,0,53,22
2022-04-10,00,Deutschland,Kinder,PICU,160,553,256,195,193,68,29,40,23,2,0,56,23
2022-04-11,00,Deutschland,Erwachsene,ERWACHSENE,1318,18140,3305,8239,2691,390,276,521,131,15,1,713,219
2022-04-11,00,Deutschland,Kinder,NICU,198,1374,640,205,538,102,35,32,29,4,0,54,24
2022-04-11,00,Deutschland,Kinder,PICU,161,550,267,201,205,69,30,39,23,2,0,56,21
2022-04-12,00,Deutschland,Erwachsene,ERWACHSENE,1318,18437,3080,8223,2575,382,284,520,132,16,1,719,221
2022-04-12,00,Deutschland,Kinder,NICU,198,1382,628,206,529,104,34,32,28,4,0,52,23
2022-04-12,00,Deutschland,Kinder,PICU,160,565,265,196,201,70,30,37,23,2,0,56,19
2022-04-13,00,Deutschland,Erwachsene,ERWACHSENE,1319,18577,2949,8242,2527,389,282,516,132,15,1,709,215
2022-04-13,00,Deutschland,Kinder,NICU,198,1369,640,206,522,105,33,33,27,3,0,52,23
2022-04-13,00,Deutschland,Kinder,PICU,160,575,253,191,194,69,30,37,24,2,0,54,20
2022-04-14,00,Deutschland,Erwachsene,ERWACHSENE,1316,18455,3043,8236,2598,383,284,517,132,14,1,709,222
2022-04-14,00,Deutschland,Kinder,NICU,199,1363,664,206,525,105,33,33,28,3,0,52,23
2022-04-14,00,Deutschland,Kinder,PICU,161,560,272,198,205,72,26,39,24,2,0,54,19
2022-04-15,00,Deutschland,Erwachsene,ERWACHSENE,1314,18151,3248,8249,2671,388,269,522,135,13,1,709,218
2022-04-15,00,Deutschland,Kinder,NICU,199,1371,654,202,518,104,35,33,27,4,0,53,23
2022-04-15,00,Deutschland,Kinder,PICU,161,540,285,196,210,68,28,41,24,3,0,54,23
2022-04-16,00,Deutschland,Erwachsene,ERWACHSENE,1316,17622,3664,8280,2888,399,273,509,135,14,1,703,215
2022-04-16,00,Deutschland,Kinder,NICU,199,1361,673,201,533,106,34,31,28,4,0,50,22
2022-04-16,00,Deutschland,Kinder,PICU,161,518,307,198,214,71,24,42,24,3,0,53,20
2022-04-17,00,Deutschland,Erwachsene,ERWACHSENE,1317,17493,3768,8290,2889,399,281,504,133,15,1,707,211
2022-04-17,00,Deutschland,Kinder,NICU,199,1353,686,198,542,106,34,30,29,3,0,50,22
2022-04-17,00,Deutschland,Kinder,PICU,161,514,304,200,212,74,23,40,24,2,0,52,19
2022-04-18,00,Deutschland,Erwachsene,ERWACHSENE,1316,17503,3771,8275,2991,404,277,500,135,16,1,699,211
2022-04-18,00,Deutschland,Kinder,NICU,199,1337,700,198,547,107,33,30,29,3,0,49,21
2022-04-18,00,Deutschland,Kinder,PICU,161,510,307,199,208,75,23,39,24,2,0,51,19
2022-04-19,00,Deutschland,Erwachsene,ERWACHSENE,1318,17937,3563,8261,2891,423,279,485,131,15,1,690,199
2022-04-19,00,Deutschland,Kinder,NICU,199,1355,675,199,524,107,37,26,29,3,0,50,21
2022-04-19,00,Deutschland,Kinder,PICU,161,505,316,200,212,74,23,40,24,2,1,52,21
2022-04-20,00,Deutschland,Erwachsene,ERWACHSENE,1319,18365,3165,8243,2735,419,282,486,132,15,1,693,207
2022-04-20,00,Deutschland,Kinder,NICU,199,1376,655,199,505,110,32,29,28,3,0,48,22
2022-04-20,00,Deutschland,Kinder,PICU,161,520,298,200,208,74,22,42,23,2,1,53,22
2022-04-21,00,Deutschland,Erwachsene,ERWACHSENE,1319,18526,3016,8251,2618,421,286,480,132,14,1,689,208
2022-04-21,00,Deutschland,Kinder,NICU,199,1354,674,196,524,108,34,29,28,4,0,49,24
2022-04-21,00,Deutschland,Kinder,PICU,161,541,280,198,199,72,24,42,23,3,1,54,25
2022-04-22,00,Deutschland,Erwachsene,ERWACHSENE,1320,18428,3052,8244,2595,418,276,496,130,13,1,690,209
2022-04-22,00,Deutschland,Kinder,NICU,198,1340,686,197,527,112,32,27,27,4,0,46,20
2022-04-22,00,Deutschland,Kinder,PICU,160,552,270,201,190,73,27,37,23,3,1,52,21
2022-04-23,00,Deutschland,Erwachsene,ERWACHSENE,1319,18125,3186,8303,2627,411,278,503,127,12,1,692,210
2022-04-23,00,Deutschland,Kinder,NICU,198,1339,691,195,525,112,32,27,27,4,0,46,20
2022-04-23,00,Deutschland,Kinder,PICU,160,542,273,202,190,74,27,36,23,3,0,53,20
2022-04-24,00,Deutschland,Erwachsene,ERWACHSENE,1317,17818,3403,8288,2784,402,279,503,133,14,1,694,208
2022-04-24,00,Deutschland,Kinder,NICU,198,1343,692,196,525,111,32,27,28,3,0,47,21
2022-04-24,00,Deutschland,Kinder,PICU,160,530,287,203,195,74,28,35,23,2,0,53,20
2022-04-25,00,Deutschland,Erwachsene,ERWACHSENE,1316,17920,3402,8180,2808,415,279,490,132,15,2,685,199
2022-04-25,00,Deutschland,Kinder,NICU,197,1316,694,194,524,108,33,28,28,3,0,49,23
2022-04-25,00,Deutschland,Kinder,PICU,159,539,271,194,192,74,27,35,23,2,0,52,20
2022-04-26,00,Deutschland,Erwachsene,ERWACHSENE,1317,18407,3060,8175,2688,418,283,485,131,15,1,690,202
2022-04-26,00,Deutschland,Kinder,NICU,197,1334,676,195,514,108,33,28,28,3,1,49,23
2022-04-26,00,Deutschland,Kinder,PICU,159,543,268,192,195,75,26,35,23,2,0,51,19
2022-04-27,00,Deutschland,Erwachsene,ERWACHSENE,1317,18582,2928,8147,2594,419,271,495,132,16,1,687,204
2022-04-27,00,Deutschland,Kinder,NICU,197,1358,647,191,480,109,32,28,28,3,1,48,22
2022-04-27,00,Deutschland,Kinder,PICU,159,546,271,191,195,73,26,37,23,2,0,53,22
2022-04-28,00,Deutschland,Erwachsene,ERWACHSENE,1316,18473,3018,8125,2642,428,297,461,130,13,2,665,188
2022-04-28,00,Deutschland,Kinder,NICU,197,1366,616,191,485,112,32,25,28,3,1,46,20
2022-04-28,00,Deutschland,Kinder,PICU,159,548,270,192,194,76,25,34,24,1,0,50,20
2022-04-29,00,Deutschland,Erwachsene,ERWACHSENE,1317,18469,2918,8160,2559,425,292,474,126,14,2,667,197
2022-04-29,00,Deutschland,Kinder,NICU,197,1382,603,190,482,109,32,27,29,3,1,47,20
2022-04-29,00,Deutschland,Kinder,PICU,159,542,278,194,186,73,26,35,25,1,0,51,20
2022-04-30,00,Deutschland,Erwachsene,ERWACHSENE,1318,18191,3044,8151,2618,411,296,486,125,16,2,678,206
2022-04-30,00,Deutschland,Kinder,NICU,197,1397,588,188,465,106,34,28,29,4,0,49,20
2022-04-30,00,Deutschland,Kinder,PICU,159,539,278,199,186,69,30,35,25,2,0,54,19
2022-05-01,00,Deutschland,Erwachsene,ERWACHSENE,1316,17776,3346,8178,2774,425,298,472,121,17,2,672,191
2022-05-01,00,Deutschland,Kinder,NICU,197,1381,609,190,484,106,35,29,27,3,0,50,23
2022-05-01,00,Deutschland,Kinder,PICU,159,532,284,201,185,71,31,33,24,2,1,54,20
2022-05-02,00,Deutschland,Erwachsene,ERWACHSENE,1316,18056,3381,8122,2828,443,304,450,119,20,2,646,199
2022-05-02,00,Deutschland,Kinder,NICU,197,1374,620,191,487,106,36,27,28,2,0,51,22
2022-05-02,00,Deutschland,Kinder,PICU,159,518,290,200,194,71,34,30,24,2,1,55,19
2022-05-03,00,Deutschland,Erwachsene,ERWACHSENE,1317,18510,3073,8125,2685,459,303,436,119,19,1,638,203
2022-05-03,00,Deutschland,Kinder,NICU,197,1371,635,195,474,107,37,25,28,3,0,50,22
2022-05-03,00,Deutschland,Kinder,PICU,159,534,277,202,202,69,33,33,24,2,1,57,18
2022-05-04,00,Deutschland,Erwachsene,ERWACHSENE,1317,18592,3015,8107,2648,460,309,427,121,20,1,637,195
2022-05-04,00,Deutschland,Kinder,NICU,197,1369,636,195,479,102,40,26,29,4,1,54,24
2022-05-04,00,Deutschland,Kinder,PICU,159,554,264,201,199,70,36,29,24,1,0,55,17
2022-05-05,00,Deutschland,Erwachsene,ERWACHSENE,1317,18490,3063,8114,2676,462,321,414,120,17,1,637,196
2022-05-05,00,Deutschland,Kinder,NICU,198,1389,629,193,483,103,39,26,30,5,1,53,23
2022-05-05,00,Deutschland,Kinder,PICU,160,543,275,197,201,70,37,29,24,2,0,55,20
2022-05-06,00,Deutschland,Erwachsene,ERWACHSENE,1316,18516,2940,8138,2607,459,332,407,118,19,1,631,198
2022-05-06,00,Deutschland,Kinder,NICU,198,1408,602,193,479,102,42,24,30,5,1,56,22
2022-05-06,00,Deutschland,Kinder,PICU,160,542,272,198,203,67,41,28,24,2,0,57,20
2022-05-07,00,Deutschland,Erwachsene,ERWACHSENE,1316,18118,3187,8146,2659,448,337,413,118,21,1,638,207
2022-05-07,00,Deutschland,Kinder,NICU,198,1437,566,194,452,102,40,26,30,6,3,56,22
2022-05-07,00,Deutschland,Kinder,PICU,160,514,294,197,216,68,39,29,24,2,0,56,20
2022-05-08,00,Deutschland,Erwachsene,ERWACHSENE,1317,17728,3492,8162,2821,452,334,413,118,20,1,645,195
2022-05-08,00,Deutschland,Kinder,NICU,198,1423,586,193,469,102,38,27,31,5,2,55,21
2022-05-08,00,Deutschland,Kinder,PICU,160,506,304,196,217,68,39,29,24,2,0,56,19
2022-05-09,00,Deutschland,Erwachsene,ERWACHSENE,1317,17979,3457,8167,2862,475,323,401,118,18,1,629,184
2022-05-09,00,Deutschland,Kinder,NICU,198,1402,603,193,484,102,41,24,31,5,1,56,21
2022-05-09,00,Deutschland,Kinder,PICU,160,509,299,198,220,68,41,27,24,2,0,56,21
2022-05-10,00,Deutschland,Erwachsene,ERWACHSENE,1317,18463,3120,8141,2754,468,334,401,114,19,1,630,206
2022-05-10,00,Deutschland,Kinder,NICU,198,1392,621,197,488,98,45,25,30,5,1,58,22
2022-05-10,00,Deutschland,Kinder,PICU,160,540,269,198,200,66,41,29,24,2,0,59,21
2022-05-11,00,Deutschland,Erwachsene,ERWACHSENE,1317,18696,2931,8134,2599,472,326,406,113,18,1,631,207
2022-05-11,00,Deutschland,Kinder,NICU,198,1403,606,198,492,99,43,26,30,4,0,57,21
2022-05-11,00,Deutschland,Kinder,PICU,160,549,264,200,202,65,40,32,23,2,0,60,23
2022-05-12,00,Deutschland,Erwachsene,ERWACHSENE,1318,18731,2910,8120,2584,475,317,411,115,18,1,629,208
2022-05-12,00,Deutschland,Kinder,NICU,198,1413,585,197,490,99,44,25,30,4,0,57,21
2022-05-12,00,Deutschland,Kinder,PICU,160,578,246,196,195,66,37,34,23,2,0,60,21
2022-05-13,00,Deutschland,Erwachsene,ERWACHSENE,1316,18652,2869,8141,2583,467,319,414,116,16,1,638,203
2022-05-13,00,Deutschland,Kinder,NICU,197,1422,578,197,492,100,43,25,29,2,0,56,20
2022-05-13,00,Deutschland,Kinder,PICU,159,564,250,199,196,68,37,30,24,2,0,57,18
2022-05-14,00,Deutschland,Erwachsene,ERWACHSENE,1316,18256,3072,8189,2639,462,329,407,118,15,1,645,201
2022-05-14,00,Deutschland,Kinder,NICU,197,1396,607,197,502,99,45,24,29,3,0,56,21
2022-05-14,00,Deutschland,Kinder,PICU,159,547,259,202,203,65,40,30,24,3,0,59,19
2022-05-15,00,Deutschland,Erwachsene,ERWACHSENE,1315,17904,3364,8193,2806,462,336,399,118,15,1,643,209
2022-05-15,00,Deutschland,Kinder,NICU,196,1384,616,195,497,98,47,22,29,4,0,56,21
2022-05-15,00,Deutschland,Kinder,PICU,158,531,263,204,210,63,40,31,24,4,0,60,19
2022-05-16,00,Deutschland,Erwachsene,ERWACHSENE,1315,18004,3398,8167,2826,468,337,392,118,17,2,630,219
2022-05-16,00,Deutschland,Kinder,NICU,195,1404,589,195,474,97,45,24,29,5,1,56,23
2022-05-16,00,Deutschland,Kinder,PICU,158,528,267,201,212,63,41,30,24,4,0,58,20
2022-05-17,00,Deutschland,Erwachsene,ERWACHSENE,1313,18447,3029,8106,2654,471,317,410,115,19,2,625,223
2022-05-17,00,Deutschland,Kinder,NICU,196,1409,594,196,481,97,47,23,29,6,1,58,23
2022-05-17,00,Deutschland,Kinder,PICU,159,561,246,198,193,66,37,33,23,4,0,57,20
2022-05-18,00,Deutschland,Erwachsene,ERWACHSENE,1313,18480,2924,8117,2637,471,331,396,115,17,2,625,222
2022-05-18,00,Deutschland,Kinder,NICU,197,1428,573,195,464,98,47,23,29,6,1,58,24
2022-05-18,00,Deutschland,Kinder,PICU,159,565,243,198,188,67,37,32,23,4,0,56,24
2022-05-19,00,Deutschland,Erwachsene,ERWACHSENE,1313,18481,2946,8139,2578,477,324,396,116,15,2,623,212
2022-05-19,00,Deutschland,Kinder,NICU,197,1441,556,197,439,96,48,24,29,7,1,59,24
2022-05-19,00,Deutschland,Kinder,PICU,159,563,245,196,194,68,37,31,23,4,0,55,23
2022-05-20,00,Deutschland,Erwachsene,ERWACHSENE,1310,18382,2942,8106,2600,476,322,398,114,15,2,623,211
2022-05-20,00,Deutschland,Kinder,NICU,197,1467,534,198,432,94,50,24,29,7,1,60,25
2022-05-20,00,Deutschland,Kinder,PICU,159,564,243,199,186,68,35,33,23,4,0,55,22
2022-05-21,00,Deutschland,Erwachsene,ERWACHSENE,1309,18009,3119,8150,2697,466,312,413,118,18,2,627,211
2022-05-21,00,Deutschland,Kinder,NICU,197,1448,557,197,441,96,45,28,28,7,1,57,26
2022-05-21,00,Deutschland,Kinder,PICU,159,566,232,196,179,66,34,36,23,4,0,55,23
2022-05-22,00,Deutschland,Erwachsene,ERWACHSENE,1307,17585,3440,8174,2866,477,302,405,123,16,1,614,201
2022-05-22,00,Deutschland,Kinder,NICU,197,1450,552,198,455,94,46,29,28,7,1,56,27
2022-05-22,00,Deutschland,Kinder,PICU,159,548,244,202,185,67,34,35,23,4,0,54,23
2022-05-23,00,Deutschland,Erwachsene,ERWACHSENE,1309,17741,3551,8143,2961,500,300,383,126,14,1,593,195
2022-05-23,00,Deutschland,Kinder,NICU,197,1475,533,198,443,93,46,30,28,7,1,60,29
2022-05-23,00,Deutschland,Kinder,PICU,159,551,248,199,205,67,36,33,23,4,0,56,22
2022-05-24,00,Deutschland,Erwachsene,ERWACHSENE,1311,18503,3036,8211,2655,506,295,383,127,16,2,591,198
2022-05-24,00,Deutschland,Kinder,NICU,198,1503,522,203,434,95,46,29,28,8,1,59,27
2022-05-24,00,Deutschland,Kinder,PICU,160,572,252,200,199,68,35,32,25,4,0,56,19
2022-05-25,00,Deutschland,Erwachsene,ERWACHSENE,1312,18583,2970,8214,2587,494,298,397,123,17,2,604,209
2022-05-25,00,Deutschland,Kinder,NICU,198,1485,543,201,433,96,47,27,28,8,1,62,26
2022-05-25,00,Deutschland,Kinder,PICU,160,579,247,199,199,66,38,31,25,4,0,57,22
2022-05-26,00,Deutschland,Erwachsene,ERWACHSENE,1311,18380,3092,8191,2682,487,307,394,123,16,2,614,204
2022-05-26,00,Deutschland,Kinder,NICU,198,1503,518,200,413,95,48,28,27,7,1,62,25
2022-05-26,00,Deutschland,Kinder,PICU,160,575,248,200,196,66,36,33,25,4,0,58,22
2022-05-27,00,Deutschland,Erwachsene,ERWACHSENE,1309,17946,3441,8170,2899,486,310,390,123,14,2,613,199
2022-05-27,00,Deutschland,Kinder,NICU,198,1499,520,197,419,98,45,28,27,7,1,58,25
2022-05-27,00,Deutschland,Kinder,PICU,160,559,267,200,209,67,34,35,24,4,0,59,21
2022-05-28,00,Deutschland,Erwachsene,ERWACHSENE,1312,17793,3496,8224,2949,502,292,393,125,13,1,606,183
2022-05-28,00,Deutschland,Kinder,NICU,198,1483,528,200,429,97,47,27,27,8,1,60,27
2022-05-28,00,Deutschland,Kinder,PICU,160,551,275,196,209,68,35,33,24,4,0,59,20
2022-05-29,00,Deutschland,Erwachsene,ERWACHSENE,1312,17554,3651,8235,2992,518,283,388,123,13,1,600,177
2022-05-29,00,Deutschland,Kinder,NICU,198,1472,544,198,432,99,45,27,27,7,1,58,27
2022-05-29,00,Deutschland,Kinder,PICU,160,548,276,201,208,67,35,34,24,5,0,59,21
2022-05-30,00,Deutschland,Erwachsene,ERWACHSENE,1311,17823,3651,8190,3085,529,297,363,122,13,1,588,175
2022-05-30,00,Deutschland,Kinder,NICU,198,1465,550,199,440,103,39,29,27,5,0,56,26
2022-05-30,00,Deutschland,Kinder,PICU,160,541,282,200,214,66,36,35,23,5,0,61,22
2022-05-31,00,Deutschland,Erwachsene,ERWACHSENE,1310,18368,3210,8161,2843,528,293,369,120,15,1,581,172
2022-05-31,00,Deutschland,Kinder,NICU,198,1475,536,199,435,106,40,25,27,5,0,54,23
2022-05-31,00,Deutschland,Kinder,PICU,160,540,286,198,212,69,34,34,23,5,0,58,22
2022-06-01,00,Deutschland,Erwachsene,ERWACHSENE,1309,18536,3063,8160,2706,533,289,367,120,13,1,583,169
2022-06-01,00,Deutschland,Kinder,NICU,198,1482,532,198,434,107,40,24,27,7,1,53,23
2022-06-01,00,Deutschland,Kinder,PICU,159,545,266,198,201,67,35,34,23,5,0,59,23
2022-06-02,00,Deutschland,Erwachsene,ERWACHSENE,1307,18433,3130,8155,2784,530,290,368,119,13,1,575,178
2022-06-02,00,Deutschland,Kinder,NICU,198,1481,536,197,441,104,39,27,28,6,1,55,25
2022-06-02,00,Deutschland,Kinder,PICU,159,560,253,196,201,67,33,36,23,4,0,59,22
2022-06-03,00,Deutschland,Erwachsene,ERWACHSENE,1308,18542,2993,8164,2630,526,292,371,119,13,1,581,180
2022-06-03,00,Deutschland,Kinder,NICU,198,1488,533,197,443,100,40,30,28,6,1,58,25
2022-06-03,00,Deutschland,Kinder,PICU,159,560,246,204,199,64,33,39,23,3,0,61,23
2022-06-04,00,Deutschland,Erwachsene,ERWACHSENE,1306,18145,3251,8165,2727,522,291,370,123,17,1,579,174
2022-06-04,00,Deutschland,Kinder,NICU,198,1495,518,194,438,100,38,32,28,6,1,59,25
2022-06-04,00,Deutschland,Kinder,PICU,159,560,238,205,187,64,31,40,24,3,0,61,21
2022-06-05,00,Deutschland,Erwachsene,ERWACHSENE,1304,17708,3620,8166,2953,534,283,363,124,16,1,580,166
2022-06-05,00,Deutschland,Kinder,NICU,198,1506,511,197,432,99,38,33,28,6,1,61,25
2022-06-05,00,Deutschland,Kinder,PICU,159,543,249,206,197,65,30,40,24,2,0,60,20
2022-06-06,00,Deutschland,Erwachsene,ERWACHSENE,1301,17530,3718,8110,3027,521,293,360,127,18,1,587,164
2022-06-06,00,Deutschland,Kinder,NICU,198,1492,540,197,431,101,38,31,28,5,1,57,25
2022-06-06,00,Deutschland,Kinder,PICU,159,552,241,208,196,67,30,39,23,2,0,59,19
2022-06-07,00,Deutschland,Erwachsene,ERWACHSENE,1300,17882,3496,8103,2950,536,287,353,124,18,1,571,156
2022-06-07,00,Deutschland,Kinder,NICU,198,1472,553,196,441,101,37,32,28,5,1,57,25
2022-06-07,00,Deutschland,Kinder,PICU,160,564,244,209,189,67,31,39,23,2,0,61,19
2022-06-08,00,Deutschland,Erwachsene,ERWACHSENE,1302,18304,3165,8094,2746,528,290,363,121,16,1,579,164
2022-06-08,00,Deutschland,Kinder,NICU,198,1482,547,195,432,102,37,32,27,5,0,57,23
2022-06-08,00,Deutschland,Kinder,PICU,160,570,244,204,189,69,30,38,23,2,0,60,21
2022-06-09,00,Deutschland,Erwachsene,ERWACHSENE,1306,18506,3057,8140,2680,520,297,366,123,17,1,583,172
2022-06-09,00,Deutschland,Kinder,NICU,198,1509,536,195,423,103,35,33,27,6,0,56,23
2022-06-09,00,Deutschland,Kinder,PICU,160,577,232,205,178,70,29,38,23,2,0,60,19
2022-06-10,00,Deutschland,Erwachsene,ERWACHSENE,1305,18286,3121,8118,2687,517,296,370,122,16,1,587,170
2022-06-10,00,Deutschland,Kinder,NICU,198,1488,538,192,420,104,32,34,27,6,0,54,22
2022-06-10,00,Deutschland,Kinder,PICU,160,567,243,204,185,72,27,38,23,2,0,58,18
2022-06-11,00,Deutschland,Erwachsene,ERWACHSENE,1304,18035,3204,8144,2690,517,287,376,124,17,1,589,165
2022-06-11,00,Deutschland,Kinder,NICU,198,1488,531,190,434,101,36,32,28,6,0,54,23
2022-06-11,00,Deutschland,Kinder,PICU,160,554,242,205,183,70,29,37,24,2,0,59,18
2022-06-12,00,Deutschland,Erwachsene,ERWACHSENE,1304,17668,3459,8154,2809,516,285,380,123,20,1,585,168
2022-06-12,00,Deutschland,Kinder,NICU,198,1469,549,190,446,103,35,31,28,4,0,52,20
2022-06-12,00,Deutschland,Kinder,PICU,160,561,239,202,186,72,26,37,25,2,0,56,16
2022-06-13,00,Deutschland,Erwachsene,ERWACHSENE,1305,17891,3415,8190,2857,516,295,368,126,20,1,576,177
2022-06-13,00,Deutschland,Kinder,NICU,198,1468,556,191,449,101,37,31,28,5,1,54,21
2022-06-13,00,Deutschland,Kinder,PICU,160,547,263,201,199,69,29,37,25,2,0,59,16
2022-06-14,00,Deutschland,Erwachsene,ERWACHSENE,1306,18257,3150,8173,2734,516,297,367,126,19,1,580,181
2022-06-14,00,Deutschland,Kinder,NICU,199,1465,578,192,464,104,37,29,28,3,1,56,19
2022-06-14,00,Deutschland,Kinder,PICU,161,561,249,198,191,72,24,40,25,2,0,56,19
2022-06-15,00,Deutschland,Erwachsene,ERWACHSENE,1307,18388,3057,8185,2636,511,300,370,126,17,1,586,184
2022-06-15,00,Deutschland,Kinder,NICU,199,1492,560,192,456,101,39,31,27,5,2,60,23
2022-06-15,00,Deutschland,Kinder,PICU,161,556,250,201,188,69,27,40,25,2,0,58,21
2022-06-16,00,Deutschland,Erwachsene,ERWACHSENE,1306,18370,3019,8165,2585,507,302,372,125,18,2,590,187
2022-06-16,00,Deutschland,Kinder,NICU,199,1492,559,192,454,101,37,33,27,5,2,60,23
2022-06-16,00,Deutschland,Kinder,PICU,161,550,254,202,189,69,27,41,24,2,0,59,23
2022-06-17,00,Deutschland,Erwachsene,ERWACHSENE,1303,18133,3088,8199,2652,503,298,375,127,16,2,594,176
2022-06-17,00,Deutschland,Kinder,NICU,199,1478,563,192,440,100,39,32,27,5,2,60,24
2022-06-17,00,Deutschland,Kinder,PICU,161,536,269,204,197,68,29,40,24,2,0,60,23
2022-06-18,00,Deutschland,Erwachsene,ERWACHSENE,1304,17845,3214,8246,2713,489,302,385,128,20,1,609,181
2022-06-18,00,Deutschland,Kinder,NICU,198,1466,570,192,446,98,44,28,27,5,2,60,26
2022-06-18,00,Deutschland,Kinder,PICU,160,521,263,205,198,65,32,39,24,2,0,62,24
2022-06-19,00,Deutschland,Erwachsene,ERWACHSENE,1303,17579,3359,8247,2741,490,296,387,130,18,1,610,177
2022-06-19,00,Deutschland,Kinder,NICU,198,1468,568,192,446,98,44,28,27,5,2,60,25
2022-06-19,00,Deutschland,Kinder,PICU,160,514,267,204,203,65,32,39,24,2,0,62,24
2022-06-20,00,Deutschland,Erwachsene,ERWACHSENE,1301,17856,3300,8200,2713,488,302,384,127,17,1,609,178
2022-06-20,00,Deutschland,Kinder,NICU,198,1456,570,191,438,98,45,27,27,6,2,59,25
2022-06-20,00,Deutschland,Kinder,PICU,160,520,265,206,199,65,31,40,24,2,0,63,25
2022-06-21,00,Deutschland,Erwachsene,ERWACHSENE,1303,18427,2940,8164,2565,485,315,377,126,18,1,617,180
2022-06-21,00,Deutschland,Kinder,NICU,197,1432,588,192,429,99,42,29,26,6,2,60,23
2022-06-21,00,Deutschland,Kinder,PICU,159,537,261,206,195,66,33,36,24,2,0,61,22
2022-06-22,00,Deutschland,Erwachsene,ERWACHSENE,1303,18476,2853,8147,2518,473,331,374,125,17,1,624,181
2022-06-22,00,Deutschland,Kinder,NICU,197,1447,573,192,439,96,43,30,27,5,2,62,26
2022-06-22,00,Deutschland,Kinder,PICU,159,536,260,204,194,66,35,34,24,2,0,62,22
2022-06-23,00,Deutschland,Erwachsene,ERWACHSENE,1303,18625,2703,8162,2437,469,340,371,123,18,1,626,190
2022-06-23,00,Deutschland,Kinder,NICU,197,1443,572,192,437,97,43,29,27,5,2,62,24
2022-06-23,00,Deutschland,Kinder,PICU,159,532,266,203,200,65,34,36,24,3,1,63,25
2022-06-24,00,Deutschland,Erwachsene,ERWACHSENE,1302,18488,2721,8177,2425,467,313,393,129,17,1,622,183
2022-06-24,00,Deutschland,Kinder,NICU,196,1426,580,191,434,99,43,28,25,6,2,60,24
2022-06-24,00,Deutschland,Kinder,PICU,158,523,271,197,201,65,35,34,24,3,1,62,22
2022-06-25,00,Deutschland,Erwachsene,ERWACHSENE,1302,18160,2903,8185,2473,460,312,399,131,20,1,629,175
2022-06-25,00,Deutschland,Kinder,NICU,196,1430,575,192,440,98,43,29,25,6,2,60,24
2022-06-25,00,Deutschland,Kinder,PICU,158,531,260,197,193,64,33,37,24,3,1,63,23
2022-06-26,00,Deutschland,Erwachsene,ERWACHSENE,1301,17906,3051,8189,2558,463,305,405,128,20,1,626,167
2022-06-26,00,Deutschland,Kinder,NICU,195,1424,576,191,443,96,42,31,25,7,2,61,24
2022-06-26,00,Deutschland,Kinder,PICU,158,525,257,207,198,64,32,38,24,4,1,64,22
2022-06-27,00,Deutschland,Erwachsene,ERWACHSENE,1303,18022,3125,8158,2559,462,328,388,125,20,1,623,187
2022-06-27,00,Deutschland,Kinder,NICU,196,1418,579,191,446,93,42,34,26,8,2,63,29
2022-06-27,00,Deutschland,Kinder,PICU,159,542,253,206,199,65,31,39,24,4,0,64,24
2022-06-28,00,Deutschland,Erwachsene,ERWACHSENE,1304,18414,2868,8149,2483,462,322,394,126,18,1,625,184
2022-06-28,00,Deutschland,Kinder,NICU,196,1438,566,192,437,95,40,34,26,8,2,61,28
2022-06-28,00,Deutschland,Kinder,PICU,159,557,247,206,193,65,31,39,24,4,0,63,24
2022-06-29,00,Deutschland,Erwachsene,ERWACHSENE,1306,18490,2814,8163,2460,466,328,385,127,21,1,622,182
2022-06-29,00,Deutschland,Kinder,NICU,196,1451,553,192,447,95,41,33,26,8,1,61,27
2022-06-29,00,Deutschland,Kinder,PICU,158,558,246,203,192,65,30,38,25,4,0,62,21
2022-06-30,00,Deutschland,Erwachsene,ERWACHSENE,1306,18364,2896,8169,2505,463,306,410,127,19,1,628,192
2022-06-30,00,Deutschland,Kinder,NICU,195,1447,547,188,455,92,45,31,26,7,1,64,28
2022-06-30,00,Deutschland,Kinder,PICU,158,545,251,203,176,62,32,39,25,4,0,65,21
2022-07-01,00,Deutschland,Erwachsene,ERWACHSENE,1306,18336,2815,8185,2448,445,310,425,126,17,1,647,189
2022-07-01,00,Deutschland,Kinder,NICU,197,1450,556,188,449,93,46,31,26,7,1,65,27
2022-07-01,00,Deutschland,Kinder,PICU,158,552,244,200,164,59,36,38,25,4,0,68,23
2022-07-02,00,Deutschland,Erwachsene,ERWACHSENE,1303,17888,2969,8260,2452,442,305,425,131,15,1,642,180
2022-07-02,00,Deutschland,Kinder,NICU,198,1465,556,193,442,94,49,28,26,7,1,65,27
2022-07-02,00,Deutschland,Kinder,PICU,159,527,265,201,183,61,38,36,24,4,0,68,23
2022-07-03,00,Deutschland,Erwachsene,ERWACHSENE,1300,17591,3113,8279,2504,438,301,431,130,15,1,652,178
2022-07-03,00,Deutschland,Kinder,NICU,197,1428,564,188,439,97,48,24,27,6,1,59,23
2022-07-03,00,Deutschland,Kinder,PICU,158,526,255,197,173,63,35,36,24,4,0,66,22
2022-07-04,00,Deutschland,Erwachsene,ERWACHSENE,1300,17749,3270,8171,2666,461,305,408,126,14,2,637,171
2022-07-04,00,Deutschland,Kinder,NICU,198,1462,557,190,461,99,46,26,26,5,1,59,24
2022-07-04,00,Deutschland,Kinder,PICU,159,529,269,198,181,62,35,37,25,4,0,67,23
2022-07-05,00,Deutschland,Erwachsene,ERWACHSENE,1301,18055,3031,8193,2509,441,314,417,129,17,2,640,192
2022-07-05,00,Deutschland,Kinder,NICU,195,1425,564,189,467,100,44,24,26,4,1,54,22
2022-07-05,00,Deutschland,Kinder,PICU,157,540,249,198,164,62,31,39,25,2,0,66,21
2022-07-06,00,Deutschland,Erwachsene,ERWACHSENE,1300,18132,2948,8171,2528,435,310,425,130,15,2,646,189
2022-07-06,00,Deutschland,Kinder,NICU,194,1429,560,188,446,93,47,28,25,5,1,61,22
2022-07-06,00,Deutschland,Kinder,PICU,156,552,235,198,163,58,32,42,24,2,0,70,24
2022-07-07,00,Deutschland,Erwachsene,ERWACHSENE,1297,18052,3023,8158,2534,431,309,425,132,15,2,646,189
2022-07-07,00,Deutschland,Kinder,NICU,194,1437,555,183,430,93,48,27,25,5,1,62,22
2022-07-07,00,Deutschland,Kinder,PICU,156,550,231,199,159,57,32,44,23,2,0,71,27
2022-07-08,00,Deutschland,Erwachsene,ERWACHSENE,1297,18070,2895,8167,2446,421,315,430,131,15,2,658,193
2022-07-08,00,Deutschland,Kinder,NICU,192,1429,543,180,429,91,49,27,24,5,1,65,22
2022-07-08,00,Deutschland,Kinder,PICU,156,536,240,196,155,57,34,41,24,2,0,71,26
2022-07-09,00,Deutschland,Erwachsene,ERWACHSENE,1298,17683,3036,8205,2472,411,323,434,130,15,2,674,186
2022-07-09,00,Deutschland,Kinder,NICU,193,1440,544,181,425,89,53,25,25,5,1,68,23
2022-07-09,00,Deutschland,Kinder,PICU,157,522,258,201,157,58,34,40,25,2,0,70,26
2022-07-10,00,Deutschland,Erwachsene,ERWACHSENE,1300,17434,3249,8217,2611,409,322,437,132,13,2,671,186
2022-07-10,00,Deutschland,Kinder,NICU,193,1440,537,181,413,91,50,26,25,4,1,66,20
2022-07-10,00,Deutschland,Kinder,PICU,157,523,255,204,155,58,34,41,24,2,0,71,23
2022-07-11,00,Deutschland,Erwachsene,ERWACHSENE,1298,17537,3286,8164,2604,413,322,430,133,13,2,665,183
2022-07-11,00,Deutschland,Kinder,NICU,194,1442,543,182,410,94,47,27,25,5,1,64,19
2022-07-11,00,Deutschland,Kinder,PICU,158,540,248,200,157,61,34,40,23,2,0,70,23
2022-07-12,00,Deutschland,Erwachsene,ERWACHSENE,1298,17953,2935,8161,2484,403,325,437,133,12,2,669,187
2022-07-12,00,Deutschland,Kinder,NICU,194,1435,545,181,422,90,47,31,25,5,1,65,20
2022-07-12,00,Deutschland,Kinder,PICU,158,555,244,202,164,61,36,38,23,2,0,69,22
2022-07-13,00,Deutschland,Erwachsene,ERWACHSENE,1301,18100,2889,8130,2452,395,333,443,130,12,2,685,193
2022-07-13,00,Deutschland,Kinder,NICU,195,1436,554,181,425,90,46,33,25,4,1,69,21
2022-07-13,00,Deutschland,Kinder,PICU,158,562,230,203,164,59,38,38,23,2,0,70,23
2022-07-14,00,Deutschland,Erwachsene,ERWACHSENE,1298,18143,2770,8105,2350,390,317,460,131,11,2,694,196
2022-07-14,00,Deutschland,Kinder,NICU,194,1432,556,181,423,89,47,32,25,4,1,69,22
2022-07-14,00,Deutschland,Kinder,PICU,158,558,250,198,171,59,36,40,23,2,0,70,22
2022-07-15,00,Deutschland,Erwachsene,ERWACHSENE,1299,18039,2777,8074,2362,378,314,475,132,12,1,709,198
2022-07-15,00,Deutschland,Kinder,NICU,194,1450,540,180,415,87,49,33,24,4,1,72,22
2022-07-15,00,Deutschland,Kinder,PICU,158,561,240,201,159,57,38,40,23,2,0,72,24
2022-07-16,00,Deutschland,Erwachsene,ERWACHSENE,1300,17755,2833,8086,2359,364,315,488,133,12,1,718,202
2022-07-16,00,Deutschland,Kinder,NICU,194,1469,519,181,400,86,49,34,24,4,1,73,23
2022-07-16,00,Deutschland,Kinder,PICU,158,560,231,196,163,55,38,42,23,2,0,73,25
2022-07-17,00,Deutschland,Erwachsene,ERWACHSENE,1299,17404,3056,8107,2471,367,308,490,134,16,1,713,201
2022-07-17,00,Deutschland,Kinder,NICU,194,1468,521,180,395,88,49,32,24,4,1,71,23
2022-07-17,00,Deutschland,Kinder,PICU,158,556,225,200,159,56,35,44,23,2,0,72,25
2022-07-18,00,Deutschland,Erwachsene,ERWACHSENE,1300,17566,3073,8089,2567,382,309,472,137,18,1,700,199
2022-07-18,00,Deutschland,Kinder,NICU,195,1459,544,183,403,88,49,33,24,3,1,72,23
2022-07-18,00,Deutschland,Kinder,PICU,158,543,255,201,173,57,35,43,23,3,0,71,26
2022-07-19,00,Deutschland,Erwachsene,ERWACHSENE,1302,18035,2810,8095,2393,368,315,478,141,16,1,708,201
2022-07-19,00,Deutschland,Kinder,NICU,195,1464,541,183,417,88,52,31,23,5,1,73,25
2022-07-19,00,Deutschland,Kinder,PICU,158,533,261,202,175,55,38,42,23,3,0,73,26
2022-07-20,00,Deutschland,Erwachsene,ERWACHSENE,1301,18154,2679,8075,2307,363,305,494,139,15,2,711,198
2022-07-20,00,Deutschland,Kinder,NICU,195,1439,573,182,437,88,50,33,23,5,1,73,26
2022-07-20,00,Deutschland,Kinder,PICU,158,548,249,204,178,56,35,44,23,3,0,72,28
2022-07-21,00,Deutschland,Erwachsene,ERWACHSENE,1295,18096,2564,8074,2265,348,302,509,136,16,1,725,210
2022-07-21,00,Deutschland,Kinder,NICU,194,1434,571,181,427,82,54,31,26,4,1,75,27
2022-07-21,00,Deutschland,Kinder,PICU,158,562,242,200,171,55,37,43,23,3,0,73,27
2022-07-22,00,Deutschland,Erwachsene,ERWACHSENE,1292,18077,2496,8080,2196,347,295,512,138,13,1,726,208
2022-07-22,00,Deutschland,Kinder,NICU,194,1443,556,183,428,85,50,33,25,4,1,73,26
2022-07-22,00,Deutschland,Kinder,PICU,158,552,246,198,168,54,36,46,22,3,0,74,27
2022-07-23,00,Deutschland,Erwachsene,ERWACHSENE,1292,17712,2671,8123,2239,345,287,521,139,15,1,727,210
2022-07-23,00,Deutschland,Kinder,NICU,194,1413,584,182,429,84,49,35,25,4,1,73,27
2022-07-23,00,Deutschland,Kinder,PICU,158,534,262,201,175,55,36,45,22,3,0,74,27
2022-07-24,00,Deutschland,Erwachsene,ERWACHSENE,1294,17430,2824,8180,2254,343,304,516,131,14,1,743,213
2022-07-24,00,Deutschland,Kinder,NICU,194,1393,603,184,444,82,48,38,25,4,1,75,28
2022-07-24,00,Deutschland,Kinder,PICU,158,516,276,199,173,53,36,47,22,3,0,76,29
2022-07-25,00,Deutschland,Erwachsene,ERWACHSENE,1295,17677,2826,8098,2359,362,308,492,133,15,1,718,213
2022-07-25,00,Deutschland,Kinder,NICU,194,1400,586,183,455,82,50,36,25,4,1,74,27
2022-07-25,00,Deutschland,Kinder,PICU,157,515,282,198,179,54,36,45,22,3,0,74,28
2022-07-26,00,Deutschland,Erwachsene,ERWACHSENE,1300,18037,2730,8083,2274,361,299,510,130,19,1,728,214
2022-07-26,00,Deutschland,Kinder,NICU,195,1431,566,184,440,80,54,35,25,5,1,77,31
2022-07-26,00,Deutschland,Kinder,PICU,159,533,270,201,178,53,40,43,23,3,0,76,28
2022-07-27,00,Deutschland,Erwachsene,ERWACHSENE,1300,18141,2634,8103,2198,358,309,504,129,16,1,729,222
2022-07-27,00,Deutschland,Kinder,NICU,196,1430,576,185,444,79,54,36,26,5,1,78,33
2022-07-27,00,Deutschland,Kinder,PICU,159,534,270,198,181,53,39,44,23,3,0,76,26
2022-07-28,00,Deutschland,Erwachsene,ERWACHSENE,1299,18024,2730,8083,2298,360,305,508,126,13,1,728,222
2022-07-28,00,Deutschland,Kinder,NICU,197,1451,557,185,432,80,52,37,27,4,1,76,32
2022-07-28,00,Deutschland,Kinder,PICU,160,550,258,199,178,56,36,45,23,3,0,75,27
2022-07-29,00,Deutschland,Erwachsene,ERWACHSENE,1298,17862,2784,8096,2292,360,304,511,123,15,1,729,216
2022-07-29,00,Deutschland,Kinder,NICU,197,1458,545,185,430,77,53,39,27,4,1,80,29
2022-07-29,00,Deutschland,Kinder,PICU,160,524,287,199,194,57,35,44,24,2,0,74,24
2022-07-30,00,Deutschland,Erwachsene,ERWACHSENE,1294,17581,2843,8103,2320,351,308,502,133,15,1,722,207
2022-07-30,00,Deutschland,Kinder,NICU,197,1465,535,187,442,80,51,40,25,5,1,79,29
2022-07-30,00,Deutschland,Kinder,PICU,160,517,293,203,197,59,37,41,23,1,0,73,22
2022-07-31,00,Deutschland,Erwachsene,ERWACHSENE,1294,17324,2989,8131,2345,347,305,506,136,16,1,725,214
2022-07-31,00,Deutschland,Kinder,NICU,197,1456,537,184,438,80,50,40,26,5,1,78,28
2022-07-31,00,Deutschland,Kinder,PICU,160,502,301,204,194,60,36,41,23,1,0,71,22
2022-08-01,00,Deutschland,Erwachsene,ERWACHSENE,1297,17606,3084,8127,2500,373,310,481,133,14,1,710,202
2022-08-01,00,Deutschland,Kinder,NICU,197,1438,549,184,429,79,53,38,27,5,1,79,28
2022-08-01,00,Deutschland,Kinder,PICU,160,508,296,206,192,60,37,40,23,1,0,71,23
2022-08-02,00,Deutschland,Erwachsene,ERWACHSENE,1298,17886,3018,8084,2478,383,320,463,132,13,1,698,202
2022-08-02,00,Deutschland,Kinder,NICU,197,1420,577,183,456,85,52,33,27,4,1,75,26
2022-08-02,00,Deutschland,Kinder,PICU,160,498,311,197,202,64,33,40,23,1,0,67,22
2022-08-03,00,Deutschland,Erwachsene,ERWACHSENE,1299,18085,2941,8073,2470,383,331,457,128,13,1,702,206
2022-08-03,00,Deutschland,Kinder,NICU,197,1428,559,183,440,87,47,36,27,4,1,73,24
2022-08-03,00,Deutschland,Kinder,PICU,160,505,302,199,209,66,29,41,24,1,0,64,20
2022-08-04,00,Deutschland,Erwachsene,ERWACHSENE,1300,18121,2934,8068,2417,394,324,452,130,11,1,693,208
2022-08-04,00,Deutschland,Kinder,NICU,197,1451,547,183,437,87,47,36,27,4,1,72,25
2022-08-04,00,Deutschland,Kinder,PICU,159,490,299,202,199,64,32,39,24,1,0,64,20
2022-08-05,00,Deutschland,Erwachsene,ERWACHSENE,1298,18055,2867,8054,2401,384,333,452,129,12,1,696,216
2022-08-05,00,Deutschland,Kinder,NICU,197,1459,532,180,425,88,46,35,28,4,1,71,24
2022-08-05,00,Deutschland,Kinder,PICU,159,487,294,198,200,63,33,38,25,1,0,64,20
2022-08-06,00,Deutschland,Erwachsene,ERWACHSENE,1296,17810,2906,8064,2409,390,329,446,131,13,1,692,211
2022-08-06,00,Deutschland,Kinder,NICU,197,1469,520,181,431,91,45,33,28,3,1,69,23
2022-08-06,00,Deutschland,Kinder,PICU,159,486,288,203,199,63,32,39,25,1,0,66,19
2022-08-07,00,Deutschland,Erwachsene,ERWACHSENE,1297,17488,3174,8093,2534,389,336,442,130,15,1,696,205
2022-08-07,00,Deutschland,Kinder,NICU,197,1445,538,181,436,90,46,33,28,3,1,70,24
2022-08-07,00,Deutschland,Kinder,PICU,159,467,308,203,203,64,31,39,25,1,0,65,18
2022-08-08,00,Deutschland,Erwachsene,ERWACHSENE,1300,17741,3150,8053,2566,407,314,447,132,15,1,680,197
2022-08-08,00,Deutschland,Kinder,NICU,197,1419,568,180,455,91,45,32,29,3,1,69,24
2022-08-08,00,Deutschland,Kinder,PICU,159,463,325,203,227,65,32,37,25,1,0,64,18
2022-08-09,00,Deutschland,Erwachsene,ERWACHSENE,1299,17961,3044,8038,2562,413,321,434,131,16,1,677,192
2022-08-09,00,Deutschland,Kinder,NICU,197,1408,589,185,465,90,45,33,29,4,1,70,25
2022-08-09,00,Deutschland,Kinder,PICU,159,498,299,198,212,68,29,37,25,1,0,60,19
2022-08-10,00,Deutschland,Erwachsene,ERWACHSENE,1298,18083,2973,8025,2499,413,319,435,131,15,1,671,200
2022-08-10,00,Deutschland,Kinder,NICU,196,1406,569,182,454,90,44,34,28,4,1,70,25
2022-08-10,00,Deutschland,Kinder,PICU,158,504,294,198,204,66,26,41,25,2,1,62,21
2022-08-11,00,Deutschland,Erwachsene,ERWACHSENE,1299,18020,3027,8031,2535,412,318,435,134,15,1,674,203
2022-08-11,00,Deutschland,Kinder,NICU,196,1401,576,179,455,89,43,34,30,4,1,68,25
2022-08-11,00,Deutschland,Kinder,PICU,158,498,297,198,210,66,28,38,26,2,1,61,19
2022-08-12,00,Deutschland,Erwachsene,ERWACHSENE,1298,18015,2916,8025,2498,405,314,449,130,14,1,681,210
2022-08-12,00,Deutschland,Kinder,NICU,196,1404,577,184,452,91,43,32,30,3,1,66,22
2022-08-12,00,Deutschland,Kinder,PICU,159,519,284,200,205,67,25,41,26,2,1,60,20
2022-08-13,00,Deutschland,Erwachsene,ERWACHSENE,1300,17633,3049,8075,2508,403,318,445,134,13,2,684,196
2022-08-13,00,Deutschland,Kinder,NICU,196,1392,588,185,455,91,43,32,30,4,1,66,23
2022-08-13,00,Deutschland,Kinder,PICU,159,523,271,202,197,66,24,43,26,2,1,61,20
2022-08-14,00,Deutschland,Erwachsene,ERWACHSENE,1298,17336,3246,8078,2638,405,322,440,131,13,2,689,195
2022-08-14,00,Deutschland,Kinder,NICU,196,1403,586,186,450,93,41,33,29,3,2,65,23
2022-08-14,00,Deutschland,Kinder,PICU,159,507,284,206,206,64,27,42,26,2,1,62,19
2022-08-15,00,Deutschland,Erwachsene,ERWACHSENE,1301,17608,3273,8087,2709,430,325,413,133,12,2,667,184
2022-08-15,00,Deutschland,Kinder,NICU,195,1395,591,184,452,93,40,34,28,4,2,64,23
2022-08-15,00,Deutschland,Kinder,PICU,158,498,292,206,204,66,27,39,26,3,1,58,19
2022-08-16,00,Deutschland,Erwachsene,ERWACHSENE,1301,17999,3013,8075,2595,423,320,427,131,12,3,669,190
2022-08-16,00,Deutschland,Kinder,NICU,195,1399,600,190,444,91,42,34,28,4,2,66,25
2022-08-16,00,Deutschland,Kinder,PICU,158,514,283,202,198,67,28,37,26,2,1,58,19
2022-08-17,00,Deutschland,Erwachsene,ERWACHSENE,1301,18110,2985,8053,2579,420,320,429,132,13,3,668,190
2022-08-17,00,Deutschland,Kinder,NICU,196,1414,582,186,448,89,44,34,29,3,2,67,27
2022-08-17,00,Deutschland,Kinder,PICU,159,516,286,205,201,67,28,38,26,2,1,59,18
2022-08-18,00,Deutschland,Erwachsene,ERWACHSENE,1302,18239,2861,8023,2489,409,342,420,131,12,2,673,192
2022-08-18,00,Deutschland,Kinder,NICU,197,1417,574,186,452,90,44,33,30,3,2,66,25
2022-08-18,00,Deutschland,Kinder,PICU,160,539,274,202,211,68,27,38,27,2,1,58,16
2022-08-19,00,Deutschland,Erwachsene,ERWACHSENE,1299,18164,2805,8033,2407,404,340,423,132,13,2,674,208
2022-08-19,00,Deutschland,Kinder,NICU,196,1410,564,189,438,89,41,36,30,3,1,67,26
2022-08-19,00,Deutschland,Kinder,PICU,160,540,269,201,205,65,31,37,27,2,1,61,15
2022-08-20,00,Deutschland,Erwachsene,ERWACHSENE,1299,17768,3013,8033,2512,398,337,430,134,13,2,681,201
2022-08-20,00,Deutschland,Kinder,NICU,195,1383,582,189,462,88,43,34,30,4,1,67,25
2022-08-20,00,Deutschland,Kinder,PICU,160,529,278,203,213,59,35,37,29,3,1,63,20
2022-08-21,00,Deutschland,Erwachsene,ERWACHSENE,1301,17502,3158,8079,2608,403,341,425,132,13,2,680,198
2022-08-21,00,Deutschland,Kinder,NICU,195,1401,565,191,453,88,40,36,31,4,1,66,26
2022-08-21,00,Deutschland,Kinder,PICU,160,521,287,205,222,57,35,39,29,3,1,66,20
2022-08-22,00,Deutschland,Erwachsene,ERWACHSENE,1300,17576,3271,8045,2725,419,345,407,129,12,2,661,196
2022-08-22,00,Deutschland,Kinder,NICU,195,1391,582,192,456,86,43,34,32,4,1,66,27
2022-08-22,00,Deutschland,Kinder,PICU,160,521,286,205,225,60,33,38,29,2,1,65,20
2022-08-23,00,Deutschland,Erwachsene,ERWACHSENE,1303,18120,2918,8024,2562,425,344,405,129,10,2,655,195
2022-08-23,00,Deutschland,Kinder,NICU,196,1404,577,191,459,89,39,35,33,3,1,63,26
2022-08-23,00,Deutschland,Kinder,PICU,160,519,294,204,221,63,32,36,29,2,1,62,21
2022-08-24,00,Deutschland,Erwachsene,ERWACHSENE,1304,18096,2992,8044,2594,433,346,398,127,12,2,648,191
2022-08-24,00,Deutschland,Kinder,NICU,196,1403,578,192,448,93,39,32,32,3,1,61,25
2022-08-24,00,Deutschland,Kinder,PICU,160,532,283,204,218,63,32,36,29,3,1,61,21
2022-08-25,00,Deutschland,Erwachsene,ERWACHSENE,1302,18013,3058,8020,2636,442,337,394,129,12,2,637,191
2022-08-25,00,Deutschland,Kinder,NICU,196,1413,566,192,451,92,39,33,32,4,1,63,24
2022-08-25,00,Deutschland,Kinder,PICU,159,537,263,197,199,63,32,35,29,2,0,60,21
2022-08-26,00,Deutschland,Erwachsene,ERWACHSENE,1302,18066,2896,8010,2552,428,337,407,130,12,2,652,194
2022-08-26,00,Deutschland,Kinder,NICU,196,1389,592,191,454,92,38,34,32,3,0,62,24
2022-08-26,00,Deutschland,Kinder,PICU,160,540,266,202,203,63,32,36,29,1,0,61,22
2022-08-27,00,Deutschland,Erwachsene,ERWACHSENE,1304,17705,3042,8044,2613,426,320,422,136,11,3,656,195
2022-08-27,00,Deutschland,Kinder,NICU,196,1388,599,188,437,90,41,33,32,3,0,64,23
2022-08-27,00,Deutschland,Kinder,PICU,160,515,291,200,220,62,32,36,30,1,0,61,18
2022-08-28,00,Deutschland,Erwachsene,ERWACHSENE,1301,17357,3279,8049,2748,436,311,419,135,12,2,654,189
2022-08-28,00,Deutschland,Kinder,NICU,196,1397,596,188,443,90,42,32,32,3,1,64,23
2022-08-28,00,Deutschland,Kinder,PICU,160,523,276,203,216,62,32,35,31,1,1,61,19
2022-08-29,00,Deutschland,Erwachsene,ERWACHSENE,1300,17440,3457,8022,2892,445,310,411,134,12,2,640,184
2022-08-29,00,Deutschland,Kinder,NICU,197,1411,587,194,450,91,42,33,31,4,2,65,24
2022-08-29,00,Deutschland,Kinder,PICU,160,522,287,204,215,61,32,36,31,1,1,62,19
2022-08-30,00,Deutschland,Erwachsene,ERWACHSENE,1299,17804,3243,8013,2780,454,309,403,133,11,3,632,180
2022-08-30,00,Deutschland,Kinder,NICU,197,1426,566,192,452,92,43,31,31,4,2,64,24
2022-08-30,00,Deutschland,Kinder,PICU,160,538,268,201,198,60,33,37,30,1,1,64,19
2022-08-31,00,Deutschland,Erwachsene,ERWACHSENE,1298,17982,3094,7992,2723,460,306,400,132,11,3,627,183
2022-08-31,00,Deutschland,Kinder,NICU,197,1431,561,191,460,93,42,30,32,4,2,62,25
2022-08-31,00,Deutschland,Kinder,PICU,160,545,271,201,198,59,34,38,29,1,1,65,22
2022-09-01,00,Deutschland,Erwachsene,ERWACHSENE,1297,17907,3107,7978,2676,457,305,402,133,11,3,629,177
2022-09-01,00,Deutschland,Kinder,NICU,196,1435,552,191,451,89,45,30,32,4,2,63,28
2022-09-01,00,Deutschland,Kinder,PICU,159,540,263,202,193,57,34,39,29,1,2,64,25
2022-09-02,00,Deutschland,Erwachsene,ERWACHSENE,1297,17876,3118,7984,2667,444,318,403,132,11,3,639,183
2022-09-02,00,Deutschland,Kinder,NICU,194,1420,533,187,433,85,44,33,32,5,2,66,28
2022-09-02,00,Deutschland,Kinder,PICU,158,537,262,199,189,54,35,40,29,2,2,66,25
2022-09-03,00,Deutschland,Erwachsene,ERWACHSENE,1299,17592,3208,8007,2708,446,313,404,136,13,2,646,160
2022-09-03,00,Deutschland,Kinder,NICU,194,1392,538,188,425,85,45,33,31,5,2,67,27
2022-09-03,00,Deutschland,Kinder,PICU,158,501,286,199,198,56,31,43,28,2,2,67,26
2022-09-04,00,Deutschland,Erwachsene,ERWACHSENE,1299,17295,3424,8050,2841,450,315,394,140,12,2,641,157
2022-09-04,00,Deutschland,Kinder,NICU,194,1381,552,189,427,86,44,33,31,5,2,67,25
2022-09-04,00,Deutschland,Kinder,PICU,158,504,280,199,202,59,31,40,28,2,2,65,24
2022-09-05,00,Deutschland,Erwachsene,ERWACHSENE,1299,17527,3464,8040,2909,458,306,397,138,11,2,624,164
2022-09-05,00,Deutschland,Kinder,NICU,194,1398,529,190,435,85,46,32,31,4,2,66,25
2022-09-05,00,Deutschland,Kinder,PICU,158,491,293,206,212,61,31,39,27,2,2,64,24
2022-09-06,00,Deutschland,Erwachsene,ERWACHSENE,1300,17900,3240,8042,2781,463,305,392,140,11,2,618,167
2022-09-06,00,Deutschland,Kinder,NICU,194,1402,533,183,442,87,44,30,33,4,2,64,24
2022-09-06,00,Deutschland,Kinder,PICU,158,500,286,203,208,61,35,35,27,2,2,64,25
2022-09-07,00,Deutschland,Erwachsene,ERWACHSENE,1298,18077,3094,7995,2713,470,288,398,142,11,2,610,165
2022-09-07,00,Deutschland,Kinder,NICU,194,1385,543,187,441,90,42,30,32,4,2,63,22
2022-09-07,00,Deutschland,Kinder,PICU,158,501,283,202,200,62,35,34,27,2,2,63,23
2022-09-08,00,Deutschland,Erwachsene,ERWACHSENE,1297,18032,3111,8019,2667,476,292,387,142,10,2,605,166
2022-09-08,00,Deutschland,Kinder,NICU,195,1392,552,189,416,89,41,33,32,5,2,65,25
2022-09-08,00,Deutschland,Kinder,PICU,159,525,274,203,202,65,32,35,27,2,2,61,23
2022-09-09,00,Deutschland,Erwachsene,ERWACHSENE,1296,17970,3074,7998,2657,461,292,402,141,12,2,622,163
2022-09-09,00,Deutschland,Kinder,NICU,195,1376,561,190,431,91,42,30,32,4,2,63,24
2022-09-09,00,Deutschland,Kinder,PICU,159,539,259,197,200,64,31,37,27,2,2,62,23
2022-09-10,00,Deutschland,Erwachsene,ERWACHSENE,1298,17624,3197,8038,2692,459,292,404,143,12,3,626,156
2022-09-10,00,Deutschland,Kinder,NICU,195,1369,567,191,445,89,45,29,32,6,2,63,24
2022-09-10,00,Deutschland,Kinder,PICU,159,516,284,197,208,68,30,34,27,3,2,59,18
2022-09-11,00,Deutschland,Erwachsene,ERWACHSENE,1296,17357,3382,8058,2771,462,290,402,142,12,4,623,153
2022-09-11,00,Deutschland,Kinder,NICU,195,1391,555,190,436,87,45,31,32,5,2,64,25
2022-09-11,00,Deutschland,Kinder,PICU,159,502,282,196,203,67,30,35,27,3,2,60,18
2022-09-12,00,Deutschland,Erwachsene,ERWACHSENE,1299,17571,3477,8029,2869,477,301,383,138,11,5,611,145
2022-09-12,00,Deutschland,Kinder,NICU,195,1396,550,190,462,88,45,29,33,5,2,63,26
2022-09-12,00,Deutschland,Kinder,PICU,159,509,282,193,210,69,28,35,27,2,2,58,19
2022-09-13,00,Deutschland,Erwachsene,ERWACHSENE,1301,17958,3213,8015,2744,465,310,386,140,10,3,621,155
2022-09-13,00,Deutschland,Kinder,NICU,195,1384,559,190,469,88,44,30,33,4,2,63,25
2022-09-13,00,Deutschland,Kinder,PICU,159,517,282,199,202,67,29,37,26,2,2,60,21
2022-09-14,00,Deutschland,Erwachsene,ERWACHSENE,1303,18149,3123,8007,2700,460,310,390,143,10,3,614,160
2022-09-14,00,Deutschland,Kinder,NICU,196,1397,558,193,469,89,44,30,33,4,2,63,26
2022-09-14,00,Deutschland,Kinder,PICU,159,533,261,200,191,63,33,37,26,2,2,61,22
2022-09-15,00,Deutschland,Erwachsene,ERWACHSENE,1303,18184,3006,8010,2675,457,312,391,143,12,3,617,162
2022-09-15,00,Deutschland,Kinder,NICU,196,1397,565,193,477,89,44,29,34,4,2,62,26
2022-09-15,00,Deutschland,Kinder,PICU,159,543,254,199,194,60,35,38,26,2,1,63,24
2022-09-16,00,Deutschland,Erwachsene,ERWACHSENE,1299,18088,3021,7950,2643,459,308,388,144,10,3,611,163
2022-09-16,00,Deutschland,Kinder,NICU,196,1411,554,190,456,92,42,28,34,4,2,59,24
2022-09-16,00,Deutschland,Kinder,PICU,159,525,269,201,195,64,35,33,27,2,1,60,20
2022-09-17,00,Deutschland,Erwachsene,ERWACHSENE,1299,17739,3155,8026,2642,455,296,404,144,11,2,619,159
2022-09-17,00,Deutschland,Kinder,NICU,196,1394,572,190,460,93,41,28,34,3,1,58,22
2022-09-17,00,Deutschland,Kinder,PICU,159,525,268,200,191,64,35,33,27,2,1,62,20
2022-09-18,00,Deutschland,Erwachsene,ERWACHSENE,1300,17413,3417,8047,2791,460,293,403,144,14,2,620,157
2022-09-18,00,Deutschland,Kinder,NICU,196,1371,581,190,457,95,41,26,34,3,1,56,18
2022-09-18,00,Deutschland,Kinder,PICU,159,517,275,201,201,63,36,32,28,2,1,62,18
2022-09-19,00,Deutschland,Erwachsene,ERWACHSENE,1300,17601,3476,8010,2856,475,305,382,138,14,2,606,167
2022-09-19,00,Deutschland,Kinder,NICU,197,1403,552,195,439,91,44,26,36,2,1,60,21
2022-09-19,00,Deutschland,Kinder,PICU,159,521,274,201,191,61,39,32,27,2,1,65,20
2022-09-20,00,Deutschland,Erwachsene,ERWACHSENE,1302,17982,3240,8006,2717,474,307,383,138,13,3,604,165
2022-09-20,00,Deutschland,Kinder,NICU,197,1401,566,192,432,89,45,27,36,2,1,63,22
2022-09-20,00,Deutschland,Kinder,PICU,159,530,268,198,181,59,39,34,27,2,1,66,22
2022-09-21,00,Deutschland,Erwachsene,ERWACHSENE,1301,18170,3091,8019,2626,468,314,380,139,11,3,601,167
2022-09-21,00,Deutschland,Kinder,NICU,197,1374,584,192,446,89,45,27,36,3,1,63,22
2022-09-21,00,Deutschland,Kinder,PICU,159,540,259,203,172,59,40,33,27,2,1,66,21
2022-09-22,00,Deutschland,Erwachsene,ERWACHSENE,1302,18246,2990,8036,2598,464,311,389,138,12,2,614,168
2022-09-22,00,Deutschland,Kinder,NICU,198,1400,584,194,444,89,45,29,35,3,1,64,22
2022-09-22,00,Deutschland,Kinder,PICU,160,539,271,197,177,60,40,33,27,2,1,66,22
2022-09-23,00,Deutschland,Erwachsene,ERWACHSENE,1300,18186,2917,8012,2509,456,307,398,139,12,2,623,175
2022-09-23,00,Deutschland,Kinder,NICU,198,1393,584,195,453,88,45,29,36,2,1,64,22
2022-09-23,00,Deutschland,Kinder,PICU,160,551,259,192,178,60,39,34,27,3,1,66,22
2022-09-24,00,Deutschland,Erwachsene,ERWACHSENE,1302,17848,3017,8055,2509,448,295,418,141,15,2,629,169
2022-09-24,00,Deutschland,Kinder,NICU,197,1382,583,190,437,91,42,29,35,2,1,61,24
2022-09-24,00,Deutschland,Kinder,PICU,160,528,273,196,201,61,35,36,28,2,1,64,22
2022-09-25,00,Deutschland,Erwachsene,ERWACHSENE,1298,17540,3218,8041,2634,442,297,414,145,14,2,633,170
2022-09-25,00,Deutschland,Kinder,NICU,197,1378,595,194,438,92,41,29,35,2,1,61,22
2022-09-25,00,Deutschland,Kinder,PICU,160,518,283,197,193,62,34,36,28,2,1,61,24
2022-09-26,00,Deutschland,Erwachsene,ERWACHSENE,1297,17763,3268,7967,2660,453,298,407,139,14,2,622,177
2022-09-26,00,Deutschland,Kinder,NICU,198,1393,585,195,450,93,42,27,36,2,1,60,21
2022-09-26,00,Deutschland,Kinder,PICU,160,508,292,201,197,62,34,36,28,2,1,59,25
2022-09-27,00,Deutschland,Erwachsene,ERWACHSENE,1297,18231,2801,7933,2465,441,310,407,139,13,2,628,181
2022-09-27,00,Deutschland,Kinder,NICU,198,1374,605,197,455,94,39,29,36,2,1,58,19
2022-09-27,00,Deutschland,Kinder,PICU,160,537,272,199,188,63,31,39,27,2,1,61,24
2022-09-28,00,Deutschland,Erwachsene,ERWACHSENE,1297,18360,2701,7909,2356,439,314,408,136,12,1,629,197
2022-09-28,00,Deutschland,Kinder,NICU,198,1409,569,197,435,92,38,32,36,2,1,60,19
2022-09-28,00,Deutschland,Kinder,PICU,160,535,274,198,198,59,33,41,27,2,1,66,26
2022-09-29,00,Deutschland,Erwachsene,ERWACHSENE,1297,18425,2599,7929,2275,436,299,427,135,10,1,628,189
2022-09-29,00,Deutschland,Kinder,NICU,197,1417,553,193,442,91,40,32,34,2,1,62,22
2022-09-29,00,Deutschland,Kinder,PICU,160,543,266,194,195,61,32,41,26,2,1,65,25
2022-09-30,00,Deutschland,Erwachsene,ERWACHSENE,1295,18322,2499,7959,2187,414,303,440,138,9,2,644,191
2022-09-30,00,Deutschland,Kinder,NICU,197,1395,572,193,451,91,39,33,34,2,1,62,22
2022-09-30,00,Deutschland,Kinder,PICU,160,556,255,192,191,61,33,40,26,2,1,65,24
2022-10-01,00,Deutschland,Erwachsene,ERWACHSENE,1294,17973,2628,8011,2195,399,301,457,137,12,2,662,191
2022-10-01,00,Deutschland,Kinder,NICU,197,1382,582,197,449,97,35,32,33,3,1,58,17
2022-10-01,00,Deutschland,Kinder,PICU,160,552,253,195,185,61,34,38,27,2,1,66,22
2022-10-02,00,Deutschland,Erwachsene,ERWACHSENE,1291,17504,2930,8037,2353,399,305,453,134,13,2,667,187
2022-10-02,00,Deutschland,Kinder,NICU,197,1373,590,196,442,97,34,33,33,2,1,59,18
2022-10-02,00,Deutschland,Kinder,PICU,160,543,255,198,182,60,32,41,27,2,1,67,24
2022-10-03,00,Deutschland,Erwachsene,ERWACHSENE,1288,17386,2965,8005,2374,390,310,454,134,14,2,675,189
2022-10-03,00,Deutschland,Kinder,NICU,197,1387,577,198,435,95,38,31,33,2,1,60,18
2022-10-03,00,Deutschland,Kinder,PICU,160,522,265,203,180,59,34,40,27,2,1,66,25
2022-10-04,00,Deutschland,Erwachsene,ERWACHSENE,1290,17664,2943,7962,2378,400,294,460,136,16,1,660,198
2022-10-04,00,Deutschland,Kinder,NICU,196,1383,569,193,426,94,40,29,33,3,1,61,18
2022-10-04,00,Deutschland,Kinder,PICU,160,509,280,204,185,62,31,40,27,2,1,65,23
2022-10-05,00,Deutschland,Erwachsene,ERWACHSENE,1291,18156,2469,7978,2125,388,291,477,135,18,1,667,207
2022-10-05,00,Deutschland,Kinder,NICU,197,1387,571,198,431,94,40,30,33,4,1,62,18
2022-10-05,00,Deutschland,Kinder,PICU,160,526,271,208,178,60,32,41,27,3,1,67,23
2022-10-06,00,Deutschland,Erwachsene,ERWACHSENE,1290,18110,2472,7991,2108,384,295,480,131,19,2,668,221
2022-10-06,00,Deutschland,Kinder,NICU,197,1373,589,197,446,95,40,29,33,4,1,61,19
2022-10-06,00,Deutschland,Kinder,PICU,160,534,261,204,179,61,31,41,27,3,1,66,22
2022-10-07,00,Deutschland,Erwachsene,ERWACHSENE,1288,18074,2438,8008,2101,387,285,487,129,15,1,680,214
2022-10-07,00,Deutschland,Kinder,NICU,197,1360,607,201,459,94,42,28,33,4,1,62,19
2022-10-07,00,Deutschland,Kinder,PICU,159,527,254,204,177,59,31,42,27,3,1,67,23
2022-10-08,00,Deutschland,Erwachsene,ERWACHSENE,1288,17724,2571,8035,2176,377,286,492,133,15,1,687,210
2022-10-08,00,Deutschland,Kinder,NICU,197,1359,605,199,475,94,41,29,33,4,1,62,18
2022-10-08,00,Deutschland,Kinder,PICU,159,532,251,201,169,60,32,40,27,3,1,65,22
2022-10-09,00,Deutschland,Erwachsene,ERWACHSENE,1289,17382,2786,8063,2250,375,285,496,133,15,1,690,203
2022-10-09,00,Deutschland,Kinder,NICU,197,1349,608,199,490,92,44,27,34,4,1,62,16
2022-10-09,00,Deutschland,Kinder,PICU,159,516,265,202,177,59,33,39,28,3,1,65,22
2022-10-10,00,Deutschland,Erwachsene,ERWACHSENE,1293,17638,2822,8042,2314,384,294,477,138,16,1,686,202
2022-10-10,00,Deutschland,Kinder,NICU,197,1346,611,200,496,94,41,28,34,6,1,60,16
2022-10-10,00,Deutschland,Kinder,PICU,159,513,273,196,183,63,31,37,28,3,1,62,19
2022-10-11,00,Deutschland,Erwachsene,ERWACHSENE,1295,18168,2450,8007,2113,376,288,495,136,17,1,691,215
2022-10-11,00,Deutschland,Kinder,NICU,197,1349,590,201,483,94,40,29,34,6,1,61,16
2022-10-11,00,Deutschland,Kinder,PICU,159,512,269,195,176,64,28,38,29,2,1,60,18
2022-10-12,00,Deutschland,Erwachsene,ERWACHSENE,1296,18209,2426,7994,2093,374,284,501,137,20,1,690,232
2022-10-12,00,Deutschland,Kinder,NICU,197,1350,592,204,481,96,38,29,34,6,1,58,16
2022-10-12,00,Deutschland,Kinder,PICU,159,530,255,190,174,63,28,39,29,3,2,61,19
2022-10-13,00,Deutschland,Erwachsene,ERWACHSENE,1295,18169,2429,8011,2092,359,307,494,135,19,1,706,248
2022-10-13,00,Deutschland,Kinder,NICU,197,1365,589,203,459,92,43,28,34,6,1,61,16
2022-10-13,00,Deutschland,Kinder,PICU,159,520,256,189,170,62,31,37,29,2,1,62,18
2022-10-14,00,Deutschland,Erwachsene,ERWACHSENE,1293,17961,2409,8012,2054,354,301,504,134,20,2,719,232
2022-10-14,00,Deutschland,Kinder,NICU,197,1367,581,203,463,91,43,29,34,6,1,61,18
2022-10-14,00,Deutschland,Kinder,PICU,158,517,241,184,159,61,32,36,29,1,1,61,18
2022-10-15,00,Deutschland,Erwachsene,ERWACHSENE,1288,17616,2529,8021,2042,329,326,499,134,17,2,740,225
2022-10-15,00,Deutschland,Kinder,NICU,197,1366,580,205,462,93,42,28,34,5,1,59,18
2022-10-15,00,Deutschland,Kinder,PICU,158,503,257,185,167,60,33,36,29,1,1,62,18
2022-10-16,00,Deutschland,Erwachsene,ERWACHSENE,1288,17360,2654,8063,2091,319,317,514,138,17,2,746,227
2022-10-16,00,Deutschland,Kinder,NICU,196,1365,574,202,452,92,42,28,34,5,1,59,18
2022-10-16,00,Deutschland,Kinder,PICU,158,497,261,188,176,60,33,36,29,1,1,63,18
2022-10-17,00,Deutschland,Erwachsene,ERWACHSENE,1290,17525,2709,8042,2218,332,301,518,139,17,1,731,229
2022-10-17,00,Deutschland,Kinder,NICU,197,1379,572,200,465,90,44,28,35,5,2,61,18
2022-10-17,00,Deutschland,Kinder,PICU,160,526,257,191,180,59,33,39,29,2,1,68,19
2022-10-18,00,Deutschland,Erwachsene,ERWACHSENE,1294,17929,2530,8035,2132,332,297,528,137,19,2,733,239
2022-10-18,00,Deutschland,Kinder,NICU,197,1366,591,202,474,93,43,27,34,4,2,60,17
2022-10-18,00,Deutschland,Kinder,PICU,160,541,248,192,175,56,34,41,29,4,1,70,20
2022-10-19,00,Deutschland,Erwachsene,ERWACHSENE,1294,18002,2479,8031,2120,336,300,523,135,16,1,731,237
2022-10-19,00,Deutschland,Kinder,NICU,197,1364,588,198,486,95,42,26,34,3,1,58,16
2022-10-19,00,Deutschland,Kinder,PICU,160,560,233,192,162,58,32,41,29,4,1,68,21
2022-10-20,00,Deutschland,Erwachsene,ERWACHSENE,1292,18055,2445,8010,2078,342,300,515,135,15,1,726,229
2022-10-20,00,Deutschland,Kinder,NICU,197,1341,606,198,487,95,41,26,35,3,1,58,17
2022-10-20,00,Deutschland,Kinder,PICU,160,551,242,187,164,59,31,41,29,4,1,68,21
2022-10-21,00,Deutschland,Erwachsene,ERWACHSENE,1290,17923,2449,8017,2053,333,300,526,131,16,1,736,225
2022-10-21,00,Deutschland,Kinder,NICU,196,1363,574,196,454,93,39,28,36,3,1,58,18
2022-10-21,00,Deutschland,Kinder,PICU,159,543,238,187,174,56,32,41,30,3,1,69,22
2022-10-22,00,Deutschland,Erwachsene,ERWACHSENE,1289,17659,2560,8026,2073,324,299,536,130,15,1,749,219
2022-10-22,00,Deutschland,Kinder,NICU,196,1359,578,196,456,93,39,28,36,3,1,59,16
2022-10-22,00,Deutschland,Kinder,PICU,159,534,237,185,169,56,31,42,30,3,1,69,21
2022-10-23,00,Deutschland,Erwachsene,ERWACHSENE,1293,17434,2731,8030,2165,328,297,537,131,16,2,740,220
2022-10-23,00,Deutschland,Kinder,NICU,196,1368,568,196,455,90,40,30,36,3,1,61,21
2022-10-23,00,Deutschland,Kinder,PICU,158,520,249,186,171,56,28,44,30,4,1,68,23
2022-10-24,00,Deutschland,Erwachsene,ERWACHSENE,1293,17626,2796,7983,2241,336,304,522,131,16,2,730,227
2022-10-24,00,Deutschland,Kinder,NICU,196,1366,565,193,445,90,40,30,36,3,1,61,22
2022-10-24,00,Deutschland,Kinder,PICU,157,515,256,189,177,57,26,44,30,4,1,66,23
2022-10-25,00,Deutschland,Erwachsene,ERWACHSENE,1296,18015,2568,7985,2132,331,301,530,134,19,2,738,226
2022-10-25,00,Deutschland,Kinder,NICU,196,1342,587,195,437,90,39,31,36,4,1,62,21
2022-10-25,00,Deutschland,Kinder,PICU,158,520,261,187,184,56,28,44,30,3,1,68,23
2022-10-26,00,Deutschland,Erwachsene,ERWACHSENE,1295,18046,2500,8016,2145,326,299,539,131,18,2,745,223
2022-10-26,00,Deutschland,Kinder,NICU,196,1369,572,195,448,88,40,32,36,3,1,64,20
2022-10-26,00,Deutschland,Kinder,PICU,159,541,250,190,185,55,28,46,30,2,1,70,23
2022-10-27,00,Deutschland,Erwachsene,ERWACHSENE,1294,18056,2486,8003,2120,336,291,533,134,17,2,732,218
2022-10-27,00,Deutschland,Kinder,NICU,196,1364,575,195,452,90,38,32,36,3,1,62,21
2022-10-27,00,Deutschland,Kinder,PICU,159,538,259,192,184,58,27,44,30,2,1,67,21
2022-10-28,00,Deutschland,Erwachsene,ERWACHSENE,1292,17958,2490,8010,2134,341,297,526,128,18,2,731,221
2022-10-28,00,Deutschland,Kinder,NICU,196,1364,580,196,447,89,41,30,36,3,1,63,18
2022-10-28,00,Deutschland,Kinder,PICU,159,542,253,190,180,59,27,43,30,2,1,66,20
2022-10-29,00,Deutschland,Erwachsene,ERWACHSENE,1293,17745,2542,8034,2152,341,292,530,130,17,4,738,215
2022-10-29,00,Deutschland,Kinder,NICU,196,1347,596,200,448,91,41,30,34,3,1,63,17
2022-10-29,00,Deutschland,Kinder,PICU,160,553,244,195,170,59,26,44,31,2,1,66,21
2022-10-30,00,Deutschland,Erwachsene,ERWACHSENE,1291,17358,2787,8046,2259,344,297,522,128,15,4,741,204
2022-10-30,00,Deutschland,Kinder,NICU,196,1331,610,202,445,89,46,28,33,4,1,66,18
2022-10-30,00,Deutschland,Kinder,PICU,160,546,257,194,178,57,28,45,30,2,1,68,24
2022-10-31,00,Deutschland,Erwachsene,ERWACHSENE,1294,17507,2913,8031,2376,349,306,509,130,15,4,737,210
2022-10-31,00,Deutschland,Kinder,NICU,196,1327,605,202,453,93,44,27,32,4,1,62,20
2022-10-31,00,Deutschland,Kinder,PICU,160,564,245,195,169,58,28,43,31,2,1,65,24
2022-11-01,00,Deutschland,Erwachsene,ERWACHSENE,1296,17736,2886,8009,2362,354,307,502,133,17,4,735,216
2022-11-01,00,Deutschland,Kinder,NICU,196,1345,598,200,453,91,45,28,32,4,1,64,21
2022-11-01,00,Deutschland,Kinder,PICU,160,574,232,193,167,54,31,42,33,2,1,67,24
2022-11-02,00,Deutschland,Erwachsene,ERWACHSENE,1297,17835,2981,8005,2439,363,317,488,129,17,4,724,213
2022-11-02,00,Deutschland,Kinder,NICU,196,1365,588,202,443,91,45,28,32,4,1,63,19
2022-11-02,00,Deutschland,Kinder,PICU,160,568,238,189,179,52,33,42,33,3,1,69,28
2022-11-03,00,Deutschland,Erwachsene,ERWACHSENE,1298,18060,2838,7982,2346,369,306,494,129,17,4,715,219
2022-11-03,00,Deutschland,Kinder,NICU,196,1345,607,203,440,92,40,32,32,4,1,63,19
2022-11-03,00,Deutschland,Kinder,PICU,160,582,230,192,178,51,33,43,33,3,1,70,27
2022-11-04,00,Deutschland,Erwachsene,ERWACHSENE,1296,18117,2686,7977,2256,362,302,501,131,17,4,714,211
2022-11-04,00,Deutschland,Kinder,NICU,196,1364,586,203,439,92,40,32,32,3,1,63,19
2022-11-04,00,Deutschland,Kinder,PICU,159,593,212,189,170,51,30,46,32,3,1,70,25
2022-11-05,00,Deutschland,Erwachsene,ERWACHSENE,1295,17802,2837,7999,2410,370,302,489,134,18,5,704,201
2022-11-05,00,Deutschland,Kinder,NICU,196,1372,563,198,433,92,36,36,32,5,1,61,19
2022-11-05,00,Deutschland,Kinder,PICU,159,580,226,192,166,50,30,48,31,4,1,71,25
2022-11-06,00,Deutschland,Erwachsene,ERWACHSENE,1294,17487,3089,7996,2477,377,301,480,136,19,4,693,195
2022-11-06,00,Deutschland,Kinder,NICU,197,1370,577,205,451,93,36,36,32,5,1,61,19
2022-11-06,00,Deutschland,Kinder,PICU,159,570,231,196,166,48,30,50,31,4,1,73,26
2022-11-07,00,Deutschland,Erwachsene,ERWACHSENE,1293,17738,3049,7951,2477,400,301,459,133,18,4,677,195
2022-11-07,00,Deutschland,Kinder,NICU,197,1383,559,203,443,91,37,37,32,5,1,63,22
2022-11-07,00,Deutschland,Kinder,PICU,159,564,239,189,176,50,28,50,31,4,1,71,27
2022-11-08,00,Deutschland,Erwachsene,ERWACHSENE,1290,18159,2700,7921,2323,404,297,461,128,18,3,675,208
2022-11-08,00,Deutschland,Kinder,NICU,193,1353,559,199,447,87,41,34,31,4,1,65,24
2022-11-08,00,Deutschland,Kinder,PICU,159,588,227,194,167,47,31,50,31,4,1,72,30
2022-11-09,00,Deutschland,Erwachsene,ERWACHSENE,1288,18356,2482,7929,2202,397,294,465,132,19,4,674,215
2022-11-09,00,Deutschland,Kinder,NICU,194,1377,552,201,446,89,40,34,31,4,1,65,24
2022-11-09,00,Deutschland,Kinder,PICU,159,571,237,195,176,49,31,48,31,4,1,70,29
2022-11-10,00,Deutschland,Erwachsene,ERWACHSENE,1286,18372,2415,7933,2116,395,295,464,132,15,4,670,213
2022-11-10,00,Deutschland,Kinder,NICU,195,1376,561,202,456,89,39,35,32,4,1,65,24
2022-11-10,00,Deutschland,Kinder,PICU,159,592,213,192,163,52,30,46,31,4,1,68,28
2022-11-11,00,Deutschland,Erwachsene,ERWACHSENE,1287,18281,2467,7940,2195,390,291,470,136,16,4,666,213
2022-11-11,00,Deutschland,Kinder,NICU,194,1378,551,206,442,88,42,33,31,4,1,66,23
2022-11-11,00,Deutschland,Kinder,PICU,158,585,219,190,163,49,35,43,31,4,1,69,29
2022-11-12,00,Deutschland,Erwachsene,ERWACHSENE,1287,18031,2577,7953,2230,386,292,472,137,16,5,668,199
2022-11-12,00,Deutschland,Kinder,NICU,195,1349,579,207,455,89,43,32,31,3,1,67,24
2022-11-12,00,Deutschland,Kinder,PICU,160,592,226,191,158,51,37,43,29,3,1,72,31
2022-11-13,00,Deutschland,Erwachsene,ERWACHSENE,1285,17592,2911,7944,2417,399,291,460,135,15,5,664,194
2022-11-13,00,Deutschland,Kinder,NICU,195,1345,584,208,462,88,43,33,31,3,1,68,24
2022-11-13,00,Deutschland,Kinder,PICU,160,584,232,194,164,50,37,44,29,3,1,73,29
2022-11-14,00,Deutschland,Erwachsene,ERWACHSENE,1287,17823,2874,7937,2409,405,286,460,136,16,5,660,194
2022-11-14,00,Deutschland,Kinder,NICU,196,1362,575,210,460,88,42,35,31,4,1,68,24
2022-11-14,00,Deutschland,Kinder,PICU,160,581,232,190,159,53,34,44,29,3,1,70,29
2022-11-15,00,Deutschland,Erwachsene,ERWACHSENE,1287,18287,2545,7907,2239,400,288,465,134,20,5,665,193
2022-11-15,00,Deutschland,Kinder,NICU,196,1371,566,206,440,88,41,36,31,3,1,68,24
2022-11-15,00,Deutschland,Kinder,PICU,160,590,224,192,155,54,34,44,28,3,1,70,28
2022-11-16,00,Deutschland,Erwachsene,ERWACHSENE,1287,18381,2523,7925,2227,395,292,468,132,21,6,671,210
2022-11-16,00,Deutschland,Kinder,NICU,196,1377,560,208,456,89,41,35,31,3,1,67,24
2022-11-16,00,Deutschland,Kinder,PICU,160,595,214,188,150,55,33,44,28,3,1,68,30
2022-11-17,00,Deutschland,Erwachsene,ERWACHSENE,1287,18323,2530,7921,2257,396,284,478,129,18,4,672,215
2022-11-17,00,Deutschland,Kinder,NICU,196,1389,559,206,440,90,40,34,32,3,1,65,25
2022-11-17,00,Deutschland,Kinder,PICU,160,603,212,184,147,55,33,44,28,3,1,69,29
2022-11-18,00,Deutschland,Erwachsene,ERWACHSENE,1288,18291,2462,7950,2171,397,292,468,131,19,5,670,216
2022-11-18,00,Deutschland,Kinder,NICU,195,1407,524,201,415,87,40,35,33,3,1,65,25
2022-11-18,00,Deutschland,Kinder,PICU,159,614,196,181,139,52,34,45,28,4,1,70,30
2022-11-19,00,Deutschland,Erwachsene,ERWACHSENE,1287,18007,2605,7979,2235,405,276,470,136,21,5,659,212
2022-11-19,00,Deutschland,Kinder,NICU,194,1431,507,202,409,85,40,37,32,4,1,66,25
2022-11-19,00,Deutschland,Kinder,PICU,158,597,207,181,163,49,29,52,28,4,1,73,31
2022-11-20,00,Deutschland,Erwachsene,ERWACHSENE,1286,17670,2888,7995,2384,405,284,460,137,23,5,654,212
2022-11-20,00,Deutschland,Kinder,NICU,194,1433,502,203,398,84,40,38,32,5,1,67,27
2022-11-20,00,Deutschland,Kinder,PICU,158,600,204,186,173,49,29,52,28,5,1,72,32
2022-11-21,00,Deutschland,Erwachsene,ERWACHSENE,1285,17813,2928,7967,2407,405,290,451,139,23,4,654,210
2022-11-21,00,Deutschland,Kinder,NICU,193,1445,479,197,380,82,39,40,32,6,1,70,27
2022-11-21,00,Deutschland,Kinder,PICU,158,597,204,185,157,51,31,47,29,5,1,71,30
2022-11-22,00,Deutschland,Erwachsene,ERWACHSENE,1285,18222,2688,7951,2273,402,285,459,139,23,4,657,214
2022-11-22,00,Deutschland,Kinder,NICU,196,1449,509,191,399,83,41,40,32,6,1,71,29
2022-11-22,00,Deutschland,Kinder,PICU,160,633,196,181,157,51,30,50,29,5,1,72,31
2022-11-23,00,Deutschland,Erwachsene,ERWACHSENE,1286,18460,2412,7948,2150,393,295,459,139,21,4,665,218
2022-11-23,00,Deutschland,Kinder,NICU,196,1447,499,192,401,85,38,41,32,7,1,68,29
2022-11-23,00,Deutschland,Kinder,PICU,160,640,197,181,137,50,32,49,29,5,1,72,32
2022-11-24,00,Deutschland,Erwachsene,ERWACHSENE,1287,18399,2435,7950,2151,392,297,458,140,23,4,662,220
2022-11-24,00,Deutschland,Kinder,NICU,196,1452,500,194,400,85,38,41,32,7,1,68,29
2022-11-24,00,Deutschland,Kinder,PICU,160,647,183,183,135,49,30,52,29,5,1,72,35
2022-11-25,00,Deutschland,Erwachsene,ERWACHSENE,1285,18360,2306,7945,2061,374,294,477,140,20,4,680,214
2022-11-25,00,Deutschland,Kinder,NICU,196,1436,507,194,413,83,43,38,32,6,1,71,29
2022-11-25,00,Deutschland,Kinder,PICU,160,642,183,183,130,50,27,54,29,6,1,72,36
2022-11-26,00,Deutschland,Erwachsene,ERWACHSENE,1285,18091,2434,7965,2130,361,308,478,138,19,4,696,218
2022-11-26,00,Deutschland,Kinder,NICU,196,1424,525,195,417,83,44,37,32,6,1,71,30
2022-11-26,00,Deutschland,Kinder,PICU,160,640,182,180,128,48,27,57,28,7,1,74,38
2022-11-27,00,Deutschland,Erwachsene,ERWACHSENE,1286,17744,2681,7966,2239,375,303,469,139,21,4,690,221
2022-11-27,00,Deutschland,Kinder,NICU,196,1428,526,195,416,84,43,37,32,5,1,71,28
2022-11-27,00,Deutschland,Kinder,PICU,160,622,200,181,140,49,26,57,28,7,1,74,37
2022-11-28,00,Deutschland,Erwachsene,ERWACHSENE,1287,17951,2744,7938,2273,389,292,467,139,21,4,679,214
2022-11-28,00,Deutschland,Kinder,NICU,196,1429,534,190,419,83,41,40,32,5,1,73,28
2022-11-28,00,Deutschland,Kinder,PICU,160,630,196,183,137,51,26,55,28,7,1,72,33
2022-11-29,00,Deutschland,Erwachsene,ERWACHSENE,1288,18456,2334,7947,2061,380,293,475,140,25,4,681,217
2022-11-29,00,Deutschland,Kinder,NICU,197,1458,501,191,403,82,41,40,34,5,1,73,28
2022-11-29,00,Deutschland,Kinder,PICU,161,640,192,183,116,48,28,57,28,8,1,76,37
2022-11-30,00,Deutschland,Erwachsene,ERWACHSENE,1289,18492,2324,7954,2083,364,289,498,138,22,4,691,228
2022-11-30,00,Deutschland,Kinder,NICU,197,1448,513,193,401,82,41,40,34,5,1,72,30
2022-11-30,00,Deutschland,Kinder,PICU,161,646,184,185,128,48,31,54,28,7,1,77,39
2022-12-01,00,Deutschland,Erwachsene,ERWACHSENE,1286,18424,2291,7937,1972,368,280,499,139,23,5,691,226
2022-12-01,00,Deutschland,Kinder,NICU,196,1433,515,195,421,82,40,41,33,6,1,72,29
2022-12-01,00,Deutschland,Kinder,PICU,161,659,178,185,125,48,31,54,28,7,1,76,40
2022-12-02,00,Deutschland,Erwachsene,ERWACHSENE,1283,18393,2243,7942,1929,361,279,505,138,21,5,697,218
2022-12-02,00,Deutschland,Kinder,NICU,197,1454,510,194,405,81,40,42,34,7,1,74,27
2022-12-02,00,Deutschland,Kinder,PICU,161,655,180,184,121,46,33,54,28,8,1,76,41
2022-12-03,00,Deutschland,Erwachsene,ERWACHSENE,1281,18114,2259,7927,1967,356,281,508,136,25,5,710,215
2022-12-03,00,Deutschland,Kinder,NICU,196,1428,519,193,406,77,43,42,34,8,1,77,30
2022-12-03,00,Deutschland,Kinder,PICU,160,641,184,178,122,46,30,56,28,9,1,75,42
2022-12-04,00,Deutschland,Erwachsene,ERWACHSENE,1281,17870,2448,7954,2063,357,271,518,135,22,5,710,206
2022-12-04,00,Deutschland,Kinder,NICU,196,1440,510,194,388,78,41,44,33,8,1,77,30
2022-12-04,00,Deutschland,Kinder,PICU,160,642,181,181,122,46,30,56,28,8,1,76,42
2022-12-05,00,Deutschland,Erwachsene,ERWACHSENE,1285,18046,2384,7980,1978,345,276,527,137,23,5,710,217
2022-12-05,00,Deutschland,Kinder,NICU,197,1453,497,194,383,75,49,40,33,7,1,81,32
2022-12-05,00,Deutschland,Kinder,PICU,161,639,194,188,124,48,28,57,28,8,1,75,39
2022-12-06,00,Deutschland,Erwachsene,ERWACHSENE,1284,18485,2055,7936,1816,342,277,531,134,26,4,711,229
2022-12-06,00,Deutschland,Kinder,NICU,197,1428,521,195,391,72,52,39,34,6,1,80,36
2022-12-06,00,Deutschland,Kinder,PICU,161,668,175,189,111,49,27,57,28,6,1,78,41
2022-12-07,00,Deutschland,Erwachsene,ERWACHSENE,1282,18582,1941,7931,1754,345,278,524,135,27,4,702,226
2022-12-07,00,Deutschland,Kinder,NICU,197,1421,535,194,396,75,52,36,34,7,1,78,37
2022-12-07,00,Deutschland,Kinder,PICU,161,670,176,185,122,48,27,58,28,7,1,81,39
2022-12-08,00,Deutschland,Erwachsene,ERWACHSENE,1282,18563,1893,7950,1729,328,277,544,133,27,3,720,228
2022-12-08,00,Deutschland,Kinder,NICU,197,1419,539,187,386,72,53,37,35,7,1,80,39
2022-12-08,00,Deutschland,Kinder,PICU,161,694,157,181,108,45,27,59,30,6,1,80,41
2022-12-09,00,Deutschland,Erwachsene,ERWACHSENE,1281,18480,1874,7933,1662,319,270,557,135,28,4,739,231
2022-12-09,00,Deutschland,Kinder,NICU,197,1427,530,181,393,75,47,41,34,7,1,80,37
2022-12-09,00,Deutschland,Kinder,PICU,161,691,172,175,110,44,27,61,29,6,1,83,40
2022-12-10,00,Deutschland,Erwachsene,ERWACHSENE,1283,18316,1813,7969,1574,298,277,570,138,27,3,750,235
2022-12-10,00,Deutschland,Kinder,NICU,196,1411,505,184,373,68,52,41,35,8,2,85,38
2022-12-10,00,Deutschland,Kinder,PICU,161,678,170,175,103,41,28,63,29,7,1,86,44
2022-12-11,00,Deutschland,Erwachsene,ERWACHSENE,1282,18051,2059,7992,1652,294,275,574,139,22,2,750,231
2022-12-11,00,Deutschland,Kinder,NICU,196,1403,509,181,367,68,49,44,35,7,2,85,38
2022-12-11,00,Deutschland,Kinder,PICU,161,665,169,169,114,40,26,65,30,8,1,86,44
2022-12-12,00,Deutschland,Erwachsene,ERWACHSENE,1282,18223,2042,7976,1663,297,278,572,135,24,2,748,231
2022-12-12,00,Deutschland,Kinder,NICU,197,1427,479,182,351,64,52,46,35,8,2,91,41
2022-12-12,00,Deutschland,Kinder,PICU,161,670,162,173,108,42,23,66,30,7,1,85,47
2022-12-13,00,Deutschland,Erwachsene,ERWACHSENE,1284,18585,1795,7999,1531,282,281,585,136,25,2,761,249
2022-12-13,00,Deutschland,Kinder,NICU,196,1455,443,178,327,61,53,48,34,11,3,93,43
2022-12-13,00,Deutschland,Kinder,PICU,159,667,136,164,90,43,21,65,30,8,2,81,44
2022-12-14,00,Deutschland,Erwachsene,ERWACHSENE,1283,18591,1770,7985,1509,296,263,586,138,28,3,753,248
2022-12-14,00,Deutschland,Kinder,NICU,197,1425,469,180,332,62,55,47,33,13,3,93,44
2022-12-14,00,Deutschland,Kinder,PICU,160,700,123,164,89,44,20,66,30,8,2,81,44
2022-12-15,00,Deutschland,Erwachsene,ERWACHSENE,1280,18555,1712,8005,1492,286,273,583,138,29,3,760,249
2022-12-15,00,Deutschland,Kinder,NICU,197,1446,440,179,327,62,53,51,31,14,3,95,46
2022-12-15,00,Deutschland,Kinder,PICU,160,693,123,164,87,41,23,67,29,8,2,84,45
2022-12-16,00,Deutschland,Erwachsene,ERWACHSENE,1281,18544,1684,7991,1464,283,281,584,133,29,3,769,252
2022-12-16,00,Deutschland,Kinder,NICU,197,1433,460,177,323,63,51,52,31,14,3,95,46
2022-12-16,00,Deutschland,Kinder,PICU,160,695,135,162,91,41,24,66,29,7,2,85,45
2022-12-17,00,Deutschland,Erwachsene,ERWACHSENE,1281,18212,1812,8007,1517,276,277,592,136,31,4,782,257
2022-12-17,00,Deutschland,Kinder,NICU,197,1450,441,173,321,62,53,51,31,13,3,96,46
2022-12-17,00,Deutschland,Kinder,PICU,160,677,150,164,89,41,27,64,28,7,2,87,44
2022-12-18,00,Deutschland,Erwachsene,ERWACHSENE,1281,17997,1941,7968,1556,258,277,610,136,31,4,795,268
2022-12-18,00,Deutschland,Kinder,NICU,197,1449,440,172,315,62,52,52,31,13,3,96,47
2022-12-18,00,Deutschland,Kinder,PICU,160,675,140,164,87,40,28,64,28,8,2,87,44
2022-12-19,00,Deutschland,Erwachsene,ERWACHSENE,1281,18166,1912,7948,1559,257,293,595,136,32,4,795,268
2022-12-19,00,Deutschland,Kinder,NICU,196,1422,448,169,335,61,50,53,32,12,3,95,45
2022-12-19,00,Deutschland,Kinder,PICU,159,639,161,163,98,39,27,65,28,9,2,85,49
2022-12-20,00,Deutschland,Erwachsene,ERWACHSENE,1281,18498,1757,7946,1446,257,285,605,134,34,5,799,278
2022-12-20,00,Deutschland,Kinder,NICU,196,1415,453,171,321,60,54,50,32,13,3,96,46
2022-12-20,00,Deutschland,Kinder,PICU,159,636,154,164,90,39,30,64,26,10,2,85,47
2022-12-21,00,Deutschland,Erwachsene,ERWACHSENE,1282,18580,1699,7929,1407,251,282,615,134,36,6,797,277
2022-12-21,00,Deutschland,Kinder,NICU,196,1436,438,169,320,59,52,52,33,14,3,96,45
2022-12-21,00,Deutschland,Kinder,PICU,159,641,134,168,86,41,33,59,26,8,2,83,46
2022-12-22,00,Deutschland,Erwachsene,ERWACHSENE,1282,18517,1717,7912,1399,247,279,624,132,36,6,801,270
2022-12-22,00,Deutschland,Kinder,NICU,196,1441,447,168,327,60,51,52,33,14,3,94,45
2022-12-22,00,Deutschland,Kinder,PICU,159,630,142,172,93,40,34,59,26,8,2,84,46
2022-12-23,00,Deutschland,Erwachsene,ERWACHSENE,1282,18349,1825,7939,1426,252,268,631,131,35,6,798,279
2022-12-23,00,Deutschland,Kinder,NICU,196,1429,456,170,344,59,51,53,33,13,3,94,42
2022-12-23,00,Deutschland,Kinder,PICU,159,618,155,169,100,41,33,59,26,8,2,83,44
2022-12-24,00,Deutschland,Erwachsene,ERWACHSENE,1283,18066,2004,7942,1508,260,271,620,132,38,5,798,270
2022-12-24,00,Deutschland,Kinder,NICU,196,1412,477,173,342,63,50,50,33,12,3,90,40
2022-12-24,00,Deutschland,Kinder,PICU,159,615,157,173,106,42,31,61,25,9,2,84,44
2022-12-25,00,Deutschland,Erwachsene,ERWACHSENE,1281,17912,2152,7956,1598,266,261,623,131,38,5,786,272
2022-12-25,00,Deutschland,Kinder,NICU,196,1404,475,175,349,63,50,50,33,12,3,90,41
2022-12-25,00,Deutschland,Kinder,PICU,159,608,169,181,110,42,33,59,25,10,2,85,43
2022-12-26,00,Deutschland,Erwachsene,ERWACHSENE,1279,18044,2021,7925,1489,254,259,635,131,40,5,792,281
2022-12-26,00,Deutschland,Kinder,NICU,196,1394,481,179,352,63,51,49,33,10,2,89,39
2022-12-26,00,Deutschland,Kinder,PICU,160,616,173,186,115,44,33,58,25,10,1,86,44
2022-12-27,00,Deutschland,Erwachsene,ERWACHSENE,1279,18149,2032,7904,1524,253,268,628,130,37,5,790,294
2022-12-27,00,Deutschland,Kinder,NICU,196,1352,522,179,372,63,53,48,32,9,2,91,37
2022-12-27,00,Deutschland,Kinder,PICU,160,603,191,185,116,47,34,54,25,10,1,82,41
2022-12-28,00,Deutschland,Erwachsene,ERWACHSENE,1280,18282,2003,7912,1505,257,270,616,137,42,6,786,287
2022-12-28,00,Deutschland,Kinder,NICU,196,1369,505,181,379,66,50,48,32,9,2,89,36
2022-12-28,00,Deutschland,Kinder,PICU,160,599,199,182,129,46,37,51,26,9,1,82,40
2022-12-29,00,Deutschland,Erwachsene,ERWACHSENE,1279,18386,1867,7940,1439,251,270,626,132,43,6,800,287
2022-12-29,00,Deutschland,Kinder,NICU,196,1348,530,184,392,67,52,45,32,6,2,88,37
2022-12-29,00,Deutschland,Kinder,PICU,159,610,187,177,126,45,36,51,27,8,1,81,41
2022-12-30,00,Deutschland,Erwachsene,ERWACHSENE,1279,18242,1924,7938,1454,255,271,621,132,47,6,803,281
2022-12-30,00,Deutschland,Kinder,NICU,196,1381,496,184,384,68,53,43,32,6,2,88,36
2022-12-30,00,Deutschland,Kinder,PICU,160,629,164,178,120,43,37,53,27,8,1,84,41
2022-12-31,00,Deutschland,Erwachsene,ERWACHSENE,1277,18006,2126,7905,1566,249,285,609,134,49,7,794,281
2022-12-31,00,Deutschland,Kinder,NICU,196,1379,505,184,381,70,51,43,32,7,2,87,36
2022-12-31,00,Deutschland,Kinder,PICU,160,601,194,178,134,42,36,55,27,9,1,84,40
2023-01-01,00,Deutschland,Erwachsene,ERWACHSENE,1274,17944,2164,7853,1624,252,285,606,131,47,7,790,282
2023-01-01,00,Deutschland,Kinder,NICU,196,1367,518,183,380,72,50,42,32,8,2,84,34
2023-01-01,00,Deutschland,Kinder,PICU,160,605,186,184,130,43,36,54,27,9,1,82,40
2023-01-02,00,Deutschland,Erwachsene,ERWACHSENE,1272,18283,2071,7764,1591,257,286,602,127,51,7,780,287
2023-01-02,00,Deutschland,Kinder,NICU,196,1385,516,183,387,74,49,41,32,8,2,82,31
2023-01-02,00,Deutschland,Kinder,PICU,160,578,212,179,140,46,35,52,27,8,1,82,38
2023-01-03,00,Deutschland,Erwachsene,ERWACHSENE,1275,18560,1984,7767,1543,259,291,597,128,53,6,772,299
2023-01-03,00,Deutschland,Kinder,NICU,196,1371,526,185,387,71,52,41,32,7,2,85,33
2023-01-03,00,Deutschland,Kinder,PICU,160,591,203,184,128,47,35,51,27,7,1,82,40
2023-01-04,00,Deutschland,Erwachsene,ERWACHSENE,1276,18706,1910,7760,1505,270,288,587,131,43,6,766,286
2023-01-04,00,Deutschland,Kinder,NICU,197,1377,530,186,393,73,50,42,32,8,2,84,32
2023-01-04,00,Deutschland,Kinder,PICU,159,582,194,173,131,47,36,49,27,6,2,81,40
2023-01-05,00,Deutschland,Erwachsene,ERWACHSENE,1275,18723,1863,7748,1485,274,288,580,133,46,5,753,295
2023-01-05,00,Deutschland,Kinder,NICU,196,1388,520,183,386,78,47,40,31,8,2,78,29
2023-01-05,00,Deutschland,Kinder,PICU,159,596,199,175,134,47,36,49,27,7,2,78,41
2023-01-06,00,Deutschland,Erwachsene,ERWACHSENE,1271,18647,1833,7718,1489,271,286,582,132,47,5,748,291
2023-01-06,00,Deutschland,Kinder,NICU,197,1379,540,183,407,82,50,34,31,7,2,74,28
2023-01-06,00,Deutschland,Kinder,PICU,160,606,194,170,139,52,35,46,27,6,2,75,38
2023-01-07,00,Deutschland,Erwachsene,ERWACHSENE,1270,18332,1952,7643,1539,272,292,571,135,41,5,753,277
2023-01-07,00,Deutschland,Kinder,NICU,196,1368,534,178,413,77,51,36,32,6,2,77,31
2023-01-07,00,Deutschland,Kinder,PICU,160,575,207,169,145,51,40,43,26,6,2,77,42
2023-01-08,00,Deutschland,Erwachsene,ERWACHSENE,1269,18152,2074,7631,1589,282,283,572,132,44,6,751,278
2023-01-08,00,Deutschland,Kinder,NICU,196,1390,522,177,409,78,51,35,32,5,2,75,28
2023-01-08,00,Deutschland,Kinder,PICU,160,564,214,171,149,52,41,40,27,6,2,75,38
2023-01-09,00,Deutschland,Erwachsene,ERWACHSENE,1272,18385,2155,7611,1706,295,296,551,130,43,4,738,274
2023-01-09,00,Deutschland,Kinder,NICU,195,1364,540,176,431,77,51,35,32,5,2,74,28
2023-01-09,00,Deutschland,Kinder,PICU,159,544,235,169,161,53,40,39,27,6,2,75,37
2023-01-10,00,Deutschland,Erwachsene,ERWACHSENE,1277,18832,1983,7555,1654,296,295,557,129,43,4,734,283
2023-01-10,00,Deutschland,Kinder,NICU,196,1373,549,174,453,77,50,35,34,5,2,73,28
2023-01-10,00,Deutschland,Kinder,PICU,160,545,247,170,172,58,35,39,28,6,2,70,36
2023-01-11,00,Deutschland,Erwachsene,ERWACHSENE,1279,18955,1978,7539,1662,293,311,543,132,38,4,725,295
2023-01-11,00,Deutschland,Kinder,NICU,196,1368,549,173,444,75,54,33,34,5,2,74,30
2023-01-11,00,Deutschland,Kinder,PICU,160,560,235,163,168,59,34,39,28,6,2,70,37
2023-01-12,00,Deutschland,Erwachsene,ERWACHSENE,1279,18984,1971,7558,1699,313,315,519,132,33,5,724,277
2023-01-12,00,Deutschland,Kinder,NICU,196,1368,552,172,441,79,52,32,33,5,2,72,28
2023-01-12,00,Deutschland,Kinder,PICU,160,546,246,161,162,58,36,36,30,6,2,68,33
2023-01-13,00,Deutschland,Erwachsene,ERWACHSENE,1279,18770,2047,7574,1753,317,310,520,132,30,4,716,270
2023-01-13,00,Deutschland,Kinder,NICU,196,1389,533,174,437,80,50,34,32,4,2,71,29
2023-01-13,00,Deutschland,Kinder,PICU,160,552,247,163,169,57,36,37,30,5,2,68,33
2023-01-14,00,Deutschland,Erwachsene,ERWACHSENE,1279,18571,2160,7594,1846,325,306,514,134,34,4,708,270
2023-01-14,00,Deutschland,Kinder,NICU,196,1383,541,177,443,83,46,35,32,4,2,66,29
2023-01-14,00,Deutschland,Kinder,PICU,159,534,247,164,170,56,37,36,30,4,2,67,33
2023-01-15,00,Deutschland,Erwachsene,ERWACHSENE,1275,18133,2477,7594,2013,326,298,518,133,35,4,705,261
2023-01-15,00,Deutschland,Kinder,NICU,196,1394,530,180,434,84,46,34,32,4,2,67,28
2023-01-15,00,Deutschland,Kinder,PICU,159,519,251,170,170,57,40,33,29,5,2,67,33
2023-01-16,00,Deutschland,Erwachsene,ERWACHSENE,1274,18243,2562,7579,2041,356,296,492,130,31,4,676,254
2023-01-16,00,Deutschland,Kinder,NICU,196,1378,534,175,431,84,46,34,32,4,2,66,28
2023-01-16,00,Deutschland,Kinder,PICU,160,552,240,169,172,61,39,30,30,5,2,64,30
2023-01-17,00,Deutschland,Erwachsene,ERWACHSENE,1275,18723,2183,7517,1881,364,299,479,133,28,5,664,252
2023-01-17,00,Deutschland,Kinder,NICU,196,1384,527,179,432,84,44,35,33,4,2,66,27
2023-01-17,00,Deutschland,Kinder,PICU,160,562,237,170,164,59,31,39,31,5,2,67,32
2023-01-18,00,Deutschland,Erwachsene,ERWACHSENE,1277,18852,2147,7576,1876,343,311,487,136,28,6,673,263
2023-01-18,00,Deutschland,Kinder,NICU,195,1369,532,180,433,82,44,36,33,4,2,66,29
2023-01-18,00,Deutschland,Kinder,PICU,160,573,230,171,166,59,33,37,31,5,2,66,32
2023-01-19,00,Deutschland,Erwachsene,ERWACHSENE,1276,18754,2270,7574,1949,361,301,480,134,28,6,668,256
2023-01-19,00,Deutschland,Kinder,NICU,195,1383,528,173,423,82,42,39,32,4,2,69,28
2023-01-19,00,Deutschland,Kinder,PICU,160,573,238,173,168,57,34,38,31,4,2,68,33
2023-01-20,00,Deutschland,Erwachsene,ERWACHSENE,1278,18715,2374,7694,1995,376,307,463,132,29,6,660,249
2023-01-20,00,Deutschland,Kinder,NICU,196,1398,531,180,420,86,42,36,32,4,2,65,28
2023-01-20,00,Deutschland,Kinder,PICU,161,561,249,175,181,60,34,36,31,4,2,67,32
2023-01-21,00,Deutschland,Erwachsene,ERWACHSENE,1278,18331,2555,7681,2092,382,303,460,133,28,5,659,247
2023-01-21,00,Deutschland,Kinder,NICU,196,1364,548,170,426,86,41,36,33,3,2,64,28
2023-01-21,00,Deutschland,Kinder,PICU,161,568,247,177,176,61,34,35,31,3,2,66,31
2023-01-22,00,Deutschland,Erwachsene,ERWACHSENE,1277,17943,2857,7693,2313,395,295,452,135,27,5,648,233
2023-01-22,00,Deutschland,Kinder,NICU,196,1366,545,173,424,87,42,35,32,2,2,66,28
2023-01-22,00,Deutschland,Kinder,PICU,161,570,238,179,174,60,35,34,32,3,2,65,31
2023-01-23,00,Deutschland,Erwachsene,ERWACHSENE,1275,18041,2891,7678,2381,398,301,441,135,27,4,632,239
2023-01-23,00,Deutschland,Kinder,NICU,196,1355,559,175,443,88,42,33,33,2,2,66,28
2023-01-23,00,Deutschland,Kinder,PICU,161,559,257,177,174,61,34,34,32,2,2,63,30
2023-01-24,00,Deutschland,Erwachsene,ERWACHSENE,1277,18491,2646,7661,2259,402,301,439,135,26,3,630,238
2023-01-24,00,Deutschland,Kinder,NICU,197,1332,591,178,453,89,42,33,33,2,2,64,26
2023-01-24,00,Deutschland,Kinder,PICU,161,575,243,175,174,65,31,33,32,2,2,60,28
2023-01-25,00,Deutschland,Erwachsene,ERWACHSENE,1277,18632,2551,7662,2201,414,292,438,133,27,4,624,232
2023-01-25,00,Deutschland,Kinder,NICU,197,1319,598,180,444,91,42,32,32,3,2,65,25
2023-01-25,00,Deutschland,Kinder,PICU,161,586,242,169,184,66,29,34,32,1,2,59,28
2023-01-26,00,Deutschland,Erwachsene,ERWACHSENE,1276,18611,2549,7660,2209,403,289,453,131,26,4,631,230
2023-01-26,00,Deutschland,Kinder,NICU,197,1327,605,185,457,89,45,31,32,2,2,65,27
2023-01-26,00,Deutschland,Kinder,PICU,161,565,246,172,182,63,31,35,32,1,2,60,31
2023-01-27,00,Deutschland,Erwachsene,ERWACHSENE,1276,18679,2409,7687,2125,400,288,456,132,26,4,628,238
2023-01-27,00,Deutschland,Kinder,NICU,197,1322,604,186,459,88,42,34,33,2,2,66,26
2023-01-27,00,Deutschland,Kinder,PICU,161,561,248,172,178,61,34,34,32,1,2,60,31
2023-01-28,00,Deutschland,Erwachsene,ERWACHSENE,1275,18284,2794,7703,2265,405,295,443,132,26,4,628,225
2023-01-28,00,Deutschland,Kinder,NICU,197,1329,598,183,449,91,40,33,33,2,2,64,28
2023-01-28,00,Deutschland,Kinder,PICU,161,577,228,166,172,62,32,35,32,1,2,59,31
2023-01-29,00,Deutschland,Erwachsene,ERWACHSENE,1274,17873,3005,7680,2426,417,298,426,133,25,5,620,213
2023-01-29,00,Deutschland,Kinder,NICU,197,1341,591,183,454,90,42,32,33,3,2,64,28
2023-01-29,00,Deutschland,Kinder,PICU,161,556,243,173,182,65,31,33,32,1,2,58,27
2023-01-30,00,Deutschland,Erwachsene,ERWACHSENE,1274,18007,2988,7706,2419,428,300,415,131,27,5,608,218
2023-01-30,00,Deutschland,Kinder,NICU,197,1343,589,179,452,92,41,31,33,2,2,63,26
2023-01-30,00,Deutschland,Kinder,PICU,161,537,265,176,196,68,30,31,32,1,2,57,25
2023-01-31,00,Deutschland,Erwachsene,ERWACHSENE,1273,18449,2698,7650,2282,429,296,415,133,26,4,600,219
2023-01-31,00,Deutschland,Kinder,NICU,197,1342,587,179,448,95,40,30,32,3,2,62,25
2023-01-31,00,Deutschland,Kinder,PICU,161,550,260,169,187,65,34,31,31,1,2,60,28
2023-02-01,00,Deutschland,Erwachsene,ERWACHSENE,1275,18550,2645,7631,2230,437,289,417,132,25,4,596,224
2023-02-01,00,Deutschland,Kinder,NICU,196,1328,580,177,441,90,41,32,33,3,2,64,26
2023-02-01,00,Deutschland,Kinder,PICU,161,568,242,163,179,66,31,33,31,1,2,59,27
2023-02-02,00,Deutschland,Erwachsene,ERWACHSENE,1274,18643,2569,7638,2180,441,280,419,134,25,3,597,219
2023-02-02,00,Deutschland,Kinder,NICU,196,1340,568,174,445,89,40,34,33,4,2,65,26
2023-02-02,00,Deutschland,Kinder,PICU,161,568,246,165,176,68,30,32,31,1,2,56,24
2023-02-03,00,Deutschland,Erwachsene,ERWACHSENE,1274,18570,2550,7652,2156,441,270,428,135,23,2,596,229
2023-02-03,00,Deutschland,Kinder,NICU,195,1338,556,169,429,88,40,34,33,4,2,65,25
2023-02-03,00,Deutschland,Kinder,PICU,160,554,247,164,181,68,30,31,31,1,2,55,25
2023-02-04,00,Deutschland,Erwachsene,ERWACHSENE,1276,18263,2716,7646,2224,447,278,414,137,25,2,587,225
2023-02-04,00,Deutschland,Kinder,NICU,196,1321,601,173,446,89,42,32,33,5,2,65,25
2023-02-04,00,Deutschland,Kinder,PICU,161,544,251,172,187,66,31,33,31,1,2,55,27
2023-02-05,00,Deutschland,Erwachsene,ERWACHSENE,1274,17845,3031,7665,2344,430,292,413,139,24,2,601,234
2023-02-05,00,Deutschland,Kinder,NICU,196,1333,588,178,435,90,41,32,33,5,2,65,25
2023-02-05,00,Deutschland,Kinder,PICU,161,531,268,172,197,62,35,32,32,1,2,56,29
2023-02-06,00,Deutschland,Erwachsene,ERWACHSENE,1271,17946,3032,7639,2423,456,277,401,137,23,2,576,223
2023-02-06,00,Deutschland,Kinder,NICU,196,1326,599,174,439,93,38,32,33,5,2,61,22
2023-02-06,00,Deutschland,Kinder,PICU,161,533,279,170,209,61,34,33,33,1,2,57,29
2023-02-07,00,Deutschland,Erwachsene,ERWACHSENE,1271,18441,2658,7631,2271,444,270,415,142,24,2,580,226
2023-02-07,00,Deutschland,Kinder,NICU,195,1309,609,171,438,94,37,31,33,6,2,59,22
2023-02-07,00,Deutschland,Kinder,PICU,160,533,271,165,201,60,36,31,33,1,2,58,28
2023-02-08,00,Deutschland,Erwachsene,ERWACHSENE,1272,18643,2534,7622,2152,435,275,418,144,22,1,579,229
2023-02-08,00,Deutschland,Kinder,NICU,195,1318,590,169,449,95,37,31,32,6,2,59,22
2023-02-08,00,Deutschland,Kinder,PICU,160,541,254,164,176,61,35,31,33,1,2,57,28
2023-02-09,00,Deutschland,Erwachsene,ERWACHSENE,1271,18610,2543,7622,2172,452,264,411,144,22,1,571,212
2023-02-09,00,Deutschland,Kinder,NICU,195,1319,603,169,457,96,38,30,31,6,2,59,23
2023-02-09,00,Deutschland,Kinder,PICU,160,542,252,164,177,60,37,30,33,1,2,56,29
2023-02-10,00,Deutschland,Erwachsene,ERWACHSENE,1269,18524,2534,7625,2171,444,266,418,141,21,1,578,218
2023-02-10,00,Deutschland,Kinder,NICU,194,1322,594,169,444,93,38,30,33,6,2,59,22
2023-02-10,00,Deutschland,Kinder,PICU,158,558,238,160,170,58,35,31,34,1,2,56,30
2023-02-11,00,Deutschland,Erwachsene,ERWACHSENE,1269,18258,2660,7624,2191,424,270,431,144,24,1,596,232
2023-02-11,00,Deutschland,Kinder,NICU,194,1326,587,171,458,91,41,29,33,6,2,61,22
2023-02-11,00,Deutschland,Kinder,PICU,158,536,253,163,175,60,32,32,34,1,2,57,28
2023-02-12,00,Deutschland,Erwachsene,ERWACHSENE,1266,17996,2787,7621,2278,418,267,442,139,24,1,603,229
2023-02-12,00,Deutschland,Kinder,NICU,194,1339,576,170,449,92,40,29,33,6,2,60,22
2023-02-12,00,Deutschland,Kinder,PICU,158,543,245,163,174,62,29,33,34,1,2,56,26
2023-02-13,00,Deutschland,Erwachsene,ERWACHSENE,1269,18134,2853,7642,2322,430,262,439,138,29,1,596,223
2023-02-13,00,Deutschland,Kinder,NICU,194,1314,607,171,458,90,44,28,32,6,2,62,24
2023-02-13,00,Deutschland,Kinder,PICU,158,534,267,163,189,62,30,32,34,1,2,56,27
2023-02-14,00,Deutschland,Erwachsene,ERWACHSENE,1270,18586,2503,7617,2142,421,266,445,138,27,1,594,234
2023-02-14,00,Deutschland,Kinder,NICU,195,1300,629,174,468,89,44,30,32,4,2,63,27
2023-02-14,00,Deutschland,Kinder,PICU,158,567,243,164,170,59,29,35,35,1,2,57,28
2023-02-15,00,Deutschland,Erwachsene,ERWACHSENE,1272,18673,2408,7614,2065,413,270,453,136,27,1,606,225
2023-02-15,00,Deutschland,Kinder,NICU,195,1297,625,177,463,89,43,31,32,5,2,62,27
2023-02-15,00,Deutschland,Kinder,PICU,158,577,233,165,168,60,30,33,35,2,2,58,27
2023-02-16,00,Deutschland,Erwachsene,ERWACHSENE,1272,18719,2360,7603,2006,412,269,455,136,23,1,600,230
2023-02-16,00,Deutschland,Kinder,NICU,194,1299,618,177,458,87,43,32,32,5,3,63,28
2023-02-16,00,Deutschland,Kinder,PICU,157,566,234,163,157,60,30,32,35,2,2,58,26
2023-02-17,00,Deutschland,Erwachsene,ERWACHSENE,1272,18653,2348,7604,2033,398,271,466,137,22,1,615,235
2023-02-17,00,Deutschland,Kinder,NICU,194,1294,619,175,460,87,45,30,32,5,2,63,27
2023-02-17,00,Deutschland,Kinder,PICU,157,541,240,163,157,60,31,30,36,1,2,56,26
2023-02-18,00,Deutschland,Erwachsene,ERWACHSENE,1274,18391,2486,7635,2095,398,277,459,140,23,2,618,239
2023-02-18,00,Deutschland,Kinder,NICU,194,1284,609,175,455,88,42,32,32,4,2,62,27
2023-02-18,00,Deutschland,Kinder,PICU,157,534,237,166,167,60,27,34,36,1,2,56,26
2023-02-19,00,Deutschland,Erwachsene,ERWACHSENE,1272,18040,2690,7637,2196,391,282,457,142,20,2,618,240
2023-02-19,00,Deutschland,Kinder,NICU,194,1296,597,174,455,88,40,33,33,4,2,62,26
2023-02-19,00,Deutschland,Kinder,PICU,157,546,233,167,172,58,28,34,37,1,2,57,25
2023-02-20,00,Deutschland,Erwachsene,ERWACHSENE,1271,18126,2823,7615,2279,413,272,444,142,19,2,612,224
2023-02-20,00,Deutschland,Kinder,NICU,195,1303,581,171,457,88,40,33,34,3,2,63,26
2023-02-20,00,Deutschland,Kinder,PICU,159,568,235,167,166,58,28,36,37,1,2,59,26
2023-02-21,00,Deutschland,Erwachsene,ERWACHSENE,1269,18480,2486,7579,2156,417,284,425,143,19,2,604,227
2023-02-21,00,Deutschland,Kinder,NICU,195,1312,586,173,458,89,40,32,34,4,2,62,27
2023-02-21,00,Deutschland,Kinder,PICU,159,578,230,167,169,60,27,35,37,1,2,56,28
2023-02-22,00,Deutschland,Erwachsene,ERWACHSENE,1267,18651,2285,7570,2021,416,297,413,141,20,2,596,231
2023-02-22,00,Deutschland,Kinder,NICU,195,1313,598,174,456,92,39,32,32,4,2,62,26
2023-02-22,00,Deutschland,Kinder,PICU,159,579,224,167,171,60,28,34,37,1,2,56,28
2023-02-23,00,Deutschland,Erwachsene,ERWACHSENE,1263,18494,2325,7549,2005,419,285,419,140,19,1,596,211
2023-02-23,00,Deutschland,Kinder,NICU,196,1319,590,176,441,91,42,30,33,4,2,62,27
2023-02-23,00,Deutschland,Kinder,PICU,160,575,237,171,177,62,27,34,37,1,2,56,29
2023-02-24,00,Deutschland,Erwachsene,ERWACHSENE,1261,18420,2344,7564,2019,412,284,424,141,20,1,603,212
2023-02-24,00,Deutschland,Kinder,NICU,196,1328,598,173,429,92,42,31,31,3,2,63,27
2023-02-24,00,Deutschland,Kinder,PICU,160,597,212,168,159,56,30,37,37,1,2,62,27
2023-02-25,00,Deutschland,Erwachsene,ERWACHSENE,1264,18118,2475,7583,2108,398,279,450,137,16,1,626,227
2023-02-25,00,Deutschland,Kinder,NICU,196,1331,603,175,425,92,42,32,30,3,2,63,28
2023-02-25,00,Deutschland,Kinder,PICU,160,580,226,172,168,53,33,37,37,1,2,64,27
2023-02-26,00,Deutschland,Erwachsene,ERWACHSENE,1264,17786,2748,7580,2207,415,279,430,140,15,1,609,217
2023-02-26,00,Deutschland,Kinder,NICU,196,1325,605,174,426,90,42,33,31,3,2,65,30
2023-02-26,00,Deutschland,Kinder,PICU,160,545,254,176,173,51,34,40,35,1,2,67,28
2023-02-27,00,Deutschland,Erwachsene,ERWACHSENE,1266,18021,2768,7592,2212,415,299,414,138,14,1,607,221
2023-02-27,00,Deutschland,Kinder,NICU,195,1329,601,177,426,89,43,32,31,3,2,63,29
2023-02-27,00,Deutschland,Kinder,PICU,160,533,269,171,174,54,31,40,35,1,2,64,27
2023-02-28,00,Deutschland,Erwachsene,ERWACHSENE,1266,18427,2498,7579,2132,417,283,430,136,16,2,601,223
2023-02-28,00,Deutschland,Kinder,NICU,195,1319,613,174,431,88,43,33,31,3,2,65,28
2023-02-28,00,Deutschland,Kinder,PICU,160,557,248,167,172,55,32,38,35,1,2,63,25
2023-03-01,00,Deutschland,Erwachsene,ERWACHSENE,1263,18361,2501,7552,2091,408,295,423,137,17,2,606,223
2023-03-01,00,Deutschland,Kinder,NICU,195,1320,610,174,432,89,44,31,31,3,2,64,25
2023-03-01,00,Deutschland,Kinder,PICU,160,570,239,167,167,54,34,37,35,1,2,63,25
2023-03-02,00,Deutschland,Erwachsene,ERWACHSENE,1263,18370,2446,7492,2048,405,283,439,136,17,3,602,223
2023-03-02,00,Deutschland,Kinder,NICU,195,1314,616,174,440,89,43,31,32,3,2,64,25
2023-03-02,00,Deutschland,Kinder,PICU,160,566,242,168,170,55,35,35,35,1,2,62,27
2023-03-03,00,Deutschland,Erwachsene,ERWACHSENE,1263,18236,2440,7466,2098,401,289,436,137,18,3,613,218
2023-03-03,00,Deutschland,Kinder,NICU,194,1271,632,168,459,89,43,30,32,4,2,63,25
2023-03-03,00,Deutschland,Kinder,PICU,159,590,213,162,150,53,37,34,35,1,2,61,26
2023-03-04,00,Deutschland,Erwachsene,ERWACHSENE,1262,17920,2593,7466,2146,400,286,436,140,17,3,617,212
2023-03-04,00,Deutschland,Kinder,NICU,194,1279,628,166,477,89,42,30,33,4,2,63,24
2023-03-04,00,Deutschland,Kinder,PICU,159,581,230,161,163,54,33,37,35,1,2,61,27
2023-03-05,00,Deutschland,Erwachsene,ERWACHSENE,1262,17694,2688,7473,2186,398,292,434,138,18,3,621,213
2023-03-05,00,Deutschland,Kinder,NICU,194,1280,625,170,471,89,41,32,32,3,2,62,23
2023-03-05,00,Deutschland,Kinder,PICU,158,563,236,156,168,52,34,37,35,2,2,62,26
2023-03-06,00,Deutschland,Erwachsene,ERWACHSENE,1263,17806,2802,7460,2256,407,291,428,137,19,2,611,224
2023-03-06,00,Deutschland,Kinder,NICU,193,1261,633,168,473,90,41,30,32,2,2,60,23
2023-03-06,00,Deutschland,Kinder,PICU,158,546,242,156,167,53,34,35,36,1,2,62,24
2023-03-07,00,Deutschland,Erwachsene,ERWACHSENE,1261,18255,2519,7442,2099,410,284,433,134,18,2,610,227
2023-03-07,00,Deutschland,Kinder,NICU,192,1253,631,169,449,82,46,31,33,2,2,67,27
2023-03-07,00,Deutschland,Kinder,PICU,157,576,216,160,153,51,34,36,36,1,2,64,28
2023-03-08,00,Deutschland,Erwachsene,ERWACHSENE,1261,18361,2453,7398,2034,402,280,443,136,21,1,615,217
2023-03-08,00,Deutschland,Kinder,NICU,192,1278,589,170,443,82,45,32,33,2,2,66,29
2023-03-08,00,Deutschland,Kinder,PICU,157,579,205,161,154,51,37,33,36,1,2,63,29
2023-03-09,00,Deutschland,Erwachsene,ERWACHSENE,1261,18392,2366,7395,2013,394,290,437,140,21,2,615,224
2023-03-09,00,Deutschland,Kinder,NICU,192,1263,605,179,454,79,46,33,34,2,2,68,25
2023-03-09,00,Deutschland,Kinder,PICU,157,588,208,159,151,54,32,36,35,1,2,61,25
2023-03-10,00,Deutschland,Erwachsene,ERWACHSENE,1260,18424,2291,7421,1981,400,289,438,133,24,2,618,228
2023-03-10,00,Deutschland,Kinder,NICU,192,1275,601,175,451,83,44,32,33,2,2,67,22
2023-03-10,00,Deutschland,Kinder,PICU,157,565,223,160,159,54,34,35,34,1,2,63,23
2023-03-11,00,Deutschland,Erwachsene,ERWACHSENE,1261,18141,2424,7450,2034,395,274,458,134,24,3,633,230
2023-03-11,00,Deutschland,Kinder,NICU,192,1262,612,175,453,83,43,33,33,3,2,67,23
2023-03-11,00,Deutschland,Kinder,PICU,157,568,218,167,151,53,30,40,34,1,2,64,24
2023-03-12,00,Deutschland,Erwachsene,ERWACHSENE,1257,17873,2575,7460,2073,398,272,452,135,24,3,616,234
2023-03-12,00,Deutschland,Kinder,NICU,194,1266,630,179,463,85,45,32,32,3,2,68,23
2023-03-12,00,Deutschland,Kinder,PICU,158,563,224,172,156,54,31,39,34,1,2,65,24
2023-03-13,00,Deutschland,Erwachsene,ERWACHSENE,1254,17949,2615,7389,2112,410,288,421,135,21,2,597,226
2023-03-13,00,Deutschland,Kinder,NICU,191,1274,601,176,449,80,48,31,32,4,2,69,23
2023-03-13,00,Deutschland,Kinder,PICU,156,546,230,174,149,55,30,37,34,1,2,63,23
2023-03-14,00,Deutschland,Erwachsene,ERWACHSENE,1255,18252,2364,7423,1933,397,288,433,137,23,2,603,239
2023-03-14,00,Deutschland,Kinder,NICU,194,1289,606,178,451,79,53,30,32,3,2,73,28
2023-03-14,00,Deutschland,Kinder,PICU,158,573,229,169,162,54,32,38,34,1,2,65,25
2023-03-15,00,Deutschland,Erwachsene,ERWACHSENE,1257,18382,2295,7423,1920,403,281,435,138,25,1,595,232
2023-03-15,00,Deutschland,Kinder,NICU,194,1308,584,176,444,81,54,28,31,3,2,73,27
2023-03-15,00,Deutschland,Kinder,PICU,158,578,226,165,146,54,31,39,34,2,2,65,27
2023-03-16,00,Deutschland,Erwachsene,ERWACHSENE,1258,18367,2340,7461,1934,405,294,422,137,25,2,600,238
2023-03-16,00,Deutschland,Kinder,NICU,194,1311,585,178,447,78,56,28,32,3,2,75,28
2023-03-16,00,Deutschland,Kinder,PICU,158,597,208,161,136,55,27,42,34,2,2,65,27
2023-03-17,00,Deutschland,Erwachsene,ERWACHSENE,1256,18314,2281,7452,1903,402,277,440,137,23,1,603,234
2023-03-17,00,Deutschland,Kinder,NICU,194,1308,586,180,446,79,56,27,32,3,2,74,26
2023-03-17,00,Deutschland,Kinder,PICU,158,592,202,161,131,54,30,41,33,2,2,67,27
2023-03-18,00,Deutschland,Erwachsene,ERWACHSENE,1258,18014,2455,7506,2055,402,288,432,136,21,1,611,219
2023-03-18,00,Deutschland,Kinder,NICU,194,1302,595,175,445,82,54,26,32,3,2,72,24
2023-03-18,00,Deutschland,Kinder,PICU,158,576,213,167,142,53,30,43,32,2,2,67,26
2023-03-19,00,Deutschland,Erwachsene,ERWACHSENE,1253,17696,2595,7489,2090,410,261,448,134,19,1,609,213
2023-03-19,00,Deutschland,Kinder,NICU,194,1317,579,175,430,81,54,26,33,3,2,71,23
2023-03-19,00,Deutschland,Kinder,PICU,157,569,213,168,136,54,28,43,32,2,2,67,27
2023-03-20,00,Deutschland,Erwachsene,ERWACHSENE,1255,17908,2645,7443,2179,422,266,428,139,23,1,586,216
2023-03-20,00,Deutschland,Kinder,NICU,193,1341,551,169,417,77,55,28,33,5,2,73,28
2023-03-20,00,Deutschland,Kinder,PICU,157,562,225,165,149,54,27,44,32,2,2,66,30
2023-03-21,00,Deutschland,Erwachsene,ERWACHSENE,1251,18168,2439,7349,2077,418,266,432,135,22,1,588,215
2023-03-21,00,Deutschland,Kinder,NICU,193,1317,566,167,432,78,54,28,33,5,2,72,27
2023-03-21,00,Deutschland,Kinder,PICU,157,570,221,164,150,57,26,43,31,2,2,63,27
2023-03-22,00,Deutschland,Erwachsene,ERWACHSENE,1254,18282,2363,7393,2069,428,258,436,132,24,1,588,216
2023-03-22,00,Deutschland,Kinder,NICU,192,1317,554,168,415,78,54,28,32,4,2,69,25
2023-03-22,00,Deutschland,Kinder,PICU,157,581,215,161,139,55,27,44,31,2,2,63,28
2023-03-23,00,Deutschland,Erwachsene,ERWACHSENE,1255,18279,2330,7393,2085,430,252,440,133,21,1,585,224
2023-03-23,00,Deutschland,Kinder,NICU,192,1337,535,171,418,78,53,29,32,4,2,70,26
2023-03-23,00,Deutschland,Kinder,PICU,157,565,215,165,138,53,30,43,31,2,2,66,28
2023-03-24,00,Deutschland,Erwachsene,ERWACHSENE,1253,18170,2356,7387,2070,441,251,427,134,18,1,582,207
2023-03-24,00,Deutschland,Kinder,NICU,191,1309,549,165,412,75,51,33,32,5,2,72,25
2023-03-24,00,Deutschland,Kinder,PICU,155,544,211,166,137,53,26,44,32,2,2,64,25
2023-03-25,00,Deutschland,Erwachsene,ERWACHSENE,1254,17925,2485,7408,2072,425,258,436,135,20,1,596,210
2023-03-25,00,Deutschland,Kinder,NICU,192,1303,564,173,420,78,49,33,32,4,2,71,26
2023-03-25,00,Deutschland,Kinder,PICU,155,539,208,170,138,52,24,47,32,1,2,66,27
2023-03-26,00,Deutschland,Erwachsene,ERWACHSENE,1253,17524,2784,7406,2222,424,271,424,134,19,1,595,208
2023-03-26,00,Deutschland,Kinder,NICU,192,1293,574,174,422,80,47,32,33,4,2,69,25
2023-03-26,00,Deutschland,Kinder,PICU,155,532,211,164,128,52,26,45,32,1,2,66,26
2023-03-27,00,Deutschland,Erwachsene,ERWACHSENE,1250,17618,2838,7437,2280,434,266,422,128,23,1,582,214
2023-03-27,00,Deutschland,Kinder,NICU,191,1304,557,178,405,76,50,33,32,4,2,72,27
2023-03-27,00,Deutschland,Kinder,PICU,155,537,219,171,129,53,25,46,31,2,2,66,31
2023-03-28,00,Deutschland,Erwachsene,ERWACHSENE,1252,18048,2595,7382,2174,435,268,420,129,26,1,575,220
2023-03-28,00,Deutschland,Kinder,NICU,190,1296,560,172,425,81,46,31,32,3,2,68,24
2023-03-28,00,Deutschland,Kinder,PICU,153,534,218,170,134,55,23,44,31,1,2,63,28
2023-03-29,00,Deutschland,Erwachsene,ERWACHSENE,1254,18213,2494,7392,2141,444,260,422,128,21,1,568,217
2023-03-29,00,Deutschland,Kinder,NICU,190,1297,563,171,431,82,43,33,32,3,2,68,22
2023-03-29,00,Deutschland,Kinder,PICU,153,540,207,168,132,52,25,45,31,1,2,65,28
2023-03-30,00,Deutschland,Erwachsene,ERWACHSENE,1254,18290,2425,7392,2092,437,260,428,129,20,1,577,213
2023-03-30,00,Deutschland,Kinder,NICU,190,1303,556,170,429,83,42,33,32,3,2,67,21
2023-03-30,00,Deutschland,Kinder,PICU,154,552,204,164,132,52,24,47,31,1,2,66,29
2023-03-31,00,Deutschland,Erwachsene,ERWACHSENE,1254,18076,2502,7372,2115,428,272,424,130,21,1,588,218
2023-03-31,00,Deutschland,Kinder,NICU,191,1309,567,167,449,86,39,35,31,4,2,67,22
2023-03-31,00,Deutschland,Kinder,PICU,155,557,207,165,147,57,25,43,30,2,2,62,28
2023-04-01,00,Deutschland,Erwachsene,ERWACHSENE,1253,17751,2648,7383,2180,425,264,429,135,21,1,592,204
2023-04-01,00,Deutschland,Kinder,NICU,191,1304,562,165,443,83,42,35,31,5,2,69,22
2023-04-01,00,Deutschland,Kinder,PICU,155,532,225,164,158,53,25,47,30,2,2,65,30
2023-04-02,00,Deutschland,Erwachsene,ERWACHSENE,1249,17417,2779,7346,2211,422,257,436,134,21,1,592,206
2023-04-02,00,Deutschland,Kinder,NICU,192,1301,569,168,438,83,42,34,33,4,2,67,22
2023-04-02,00,Deutschland,Kinder,PICU,156,520,229,162,148,57,23,45,31,2,2,62,28
2023-04-03,00,Deutschland,Erwachsene,ERWACHSENE,1246,17410,2827,7364,2266,430,258,427,131,21,1,582,208
2023-04-03,00,Deutschland,Kinder,NICU,193,1316,571,176,443,85,43,32,33,5,2,66,23
2023-04-03,00,Deutschland,Kinder,PICU,157,519,241,165,157,56,26,44,31,2,2,64,27
2023-04-04,00,Deutschland,Erwachsene,ERWACHSENE,1249,17741,2625,7387,2244,428,263,425,133,21,1,576,208
2023-04-04,00,Deutschland,Kinder,NICU,192,1293,559,175,442,83,44,32,33,5,2,67,21
2023-04-04,00,Deutschland,Kinder,PICU,156,526,228,164,159,56,25,44,31,3,1,65,23
2023-04-05,00,Deutschland,Erwachsene,ERWACHSENE,1241,17649,2580,7340,2193,430,264,417,130,21,1,574,200
2023-04-05,00,Deutschland,Kinder,NICU,191,1267,581,177,468,86,41,31,33,5,2,63,20
2023-04-05,00,Deutschland,Kinder,PICU,154,531,219,160,153,55,24,45,30,3,1,64,22
2023-04-06,00,Deutschland,Erwachsene,ERWACHSENE,1240,17563,2590,7297,2245,425,259,426,130,20,1,572,211
2023-04-06,00,Deutschland,Kinder,NICU,192,1261,611,177,482,85,40,34,33,5,2,65,21
2023-04-06,00,Deutschland,Kinder,PICU,155,537,218,164,153,59,20,47,29,2,1,63,21
2023-04-07,00,Deutschland,Erwachsene,ERWACHSENE,1231,17236,2742,7291,2318,449,243,410,129,20,1,560,194
2023-04-07,00,Deutschland,Kinder,NICU,192,1270,603,177,471,83,42,33,34,5,2,66,21
2023-04-07,00,Deutschland,Kinder,PICU,155,523,227,161,154,56,24,45,30,2,1,64,20
2023-04-08,00,Deutschland,Erwachsene,ERWACHSENE,1231,16885,3074,7289,2487,455,231,414,131,20,1,549,202
2023-04-08,00,Deutschland,Kinder,NICU,192,1250,627,179,488,86,40,34,32,6,2,65,21
2023-04-08,00,Deutschland,Kinder,PICU,155,498,250,164,162,59,26,41,29,2,1,61,18
2023-04-09,00,Deutschland,Erwachsene,ERWACHSENE,1228,16727,3118,7283,2457,461,232,403,132,18,1,546,196
2023-04-09,00,Deutschland,Kinder,NICU,192,1236,635,182,503,85,41,34,32,6,2,66,21
2023-04-09,00,Deutschland,Kinder,PICU,155,498,257,164,163,60,25,41,29,2,1,60,17
2023-04-10,00,Deutschland,Erwachsene,ERWACHSENE,1224,16617,3115,7269,2481,455,246,390,133,16,1,543,192
2023-04-10,00,Deutschland,Kinder,NICU,193,1272,629,177,491,87,43,33,30,7,2,67,23
2023-04-10,00,Deutschland,Kinder,PICU,156,481,282,167,179,61,25,41,29,3,1,60,18
2023-04-11,00,Deutschland,Erwachsene,ERWACHSENE,1223,16934,2956,7319,2390,452,245,391,135,17,1,536,199
2023-04-11,00,Deutschland,Kinder,NICU,194,1295,615,179,491,87,45,32,30,6,2,67,24
2023-04-11,00,Deutschland,Kinder,PICU,156,488,278,163,186,59,26,42,29,2,1,61,19
2023-04-12,00,Deutschland,Erwachsene,ERWACHSENE,1225,17150,2748,7307,2309,449,258,387,131,18,2,544,189
2023-04-12,00,Deutschland,Kinder,NICU,194,1294,622,177,487,88,44,32,30,6,2,66,23
2023-04-12,00,Deutschland,Kinder,PICU,156,499,258,168,184,59,28,40,29,2,1,62,17
2023-04-13,00,Deutschland,Erwachsene,ERWACHSENE,1226,17260,2644,7283,2252,455,250,390,131,21,2,539,189
2023-04-13,00,Deutschland,Kinder,NICU,191,1275,615,173,483,88,40,32,31,5,2,63,20
2023-04-13,00,Deutschland,Kinder,PICU,155,497,238,166,176,59,27,39,30,2,1,61,16
2023-04-14,00,Deutschland,Erwachsene,ERWACHSENE,1223,17145,2642,7207,2215,461,242,391,129,17,1,533,184
2023-04-14,00,Deutschland,Kinder,NICU,191,1276,608,172,483,85,43,32,31,5,2,66,22
2023-04-14,00,Deutschland,Kinder,PICU,156,508,234,169,173,59,29,38,30,2,1,63,15
2023-04-15,00,Deutschland,Erwachsene,ERWACHSENE,1227,17022,2730,7220,2217,454,244,392,137,20,1,540,186
2023-04-15,00,Deutschland,Kinder,NICU,191,1293,606,175,487,84,45,31,31,5,2,67,22
2023-04-15,00,Deutschland,Kinder,PICU,155,495,233,167,166,54,34,37,30,2,1,65,18
2023-04-16,00,Deutschland,Erwachsene,ERWACHSENE,1225,16748,2951,7226,2358,456,252,379,138,21,1,537,180
2023-04-16,00,Deutschland,Kinder,NICU,191,1285,607,180,479,85,44,32,30,5,2,67,22
2023-04-16,00,Deutschland,Kinder,PICU,155,496,236,171,172,57,31,36,31,2,1,62,15
2023-04-17,00,Deutschland,Erwachsene,ERWACHSENE,1227,16908,2929,7212,2378,460,260,372,135,19,1,537,182
2023-04-17,00,Deutschland,Kinder,NICU,191,1296,585,176,474,84,45,33,29,5,2,69,23
2023-04-17,00,Deutschland,Kinder,PICU,154,492,238,170,172,54,30,39,31,1,1,62,19
2023-04-18,00,Deutschland,Erwachsene,ERWACHSENE,1224,17293,2616,7205,2229,444,274,371,135,19,1,549,195
2023-04-18,00,Deutschland,Kinder,NICU,191,1306,577,170,463,85,44,33,29,6,2,67,21
2023-04-18,00,Deutschland,Kinder,PICU,154,503,221,165,163,54,31,38,31,2,1,60,19
2023-04-19,00,Deutschland,Erwachsene,ERWACHSENE,1225,17335,2612,7214,2250,450,270,368,137,17,1,540,199
2023-04-19,00,Deutschland,Kinder,NICU,193,1341,564,173,461,85,44,34,30,6,2,67,23
2023-04-19,00,Deutschland,Kinder,PICU,155,531,204,166,158,53,30,41,31,2,1,60,21
2023-04-20,00,Deutschland,Erwachsene,ERWACHSENE,1224,17398,2522,7176,2165,452,272,364,136,16,1,534,197
2023-04-20,00,Deutschland,Kinder,NICU,193,1320,594,174,465,88,44,31,30,5,2,66,22
2023-04-20,00,Deutschland,Kinder,PICU,155,512,225,167,164,58,25,41,31,2,1,58,19
2023-04-21,00,Deutschland,Erwachsene,ERWACHSENE,1218,17336,2487,7164,2149,447,269,366,136,16,2,530,194
2023-04-21,00,Deutschland,Kinder,NICU,192,1305,609,176,475,90,40,32,30,6,2,65,19
2023-04-21,00,Deutschland,Kinder,PICU,155,511,229,167,165,57,24,43,31,3,1,58,21
2023-04-22,00,Deutschland,Erwachsene,ERWACHSENE,1215,17116,2576,7162,2177,445,276,364,130,18,2,532,190
2023-04-22,00,Deutschland,Kinder,NICU,193,1321,595,175,454,90,42,31,30,5,2,65,20
2023-04-22,00,Deutschland,Kinder,PICU,155,492,242,166,168,60,22,42,31,3,1,57,18
2023-04-23,00,Deutschland,Erwachsene,ERWACHSENE,1216,16852,2765,7182,2300,442,278,365,131,17,2,537,192
2023-04-23,00,Deutschland,Kinder,NICU,193,1321,586,174,451,92,39,32,30,5,2,63,19
2023-04-23,00,Deutschland,Kinder,PICU,156,494,241,166,174,59,23,43,31,3,1,60,16
2023-04-24,00,Deutschland,Erwachsene,ERWACHSENE,1213,16914,2807,7170,2357,452,264,362,135,15,2,520,194
2023-04-24,00,Deutschland,Kinder,NICU,193,1346,570,176,442,91,42,30,30,5,2,63,22
2023-04-24,00,Deutschland,Kinder,PICU,157,511,234,171,177,63,22,41,31,4,1,58,18
2023-04-25,00,Deutschland,Erwachsene,ERWACHSENE,1213,17246,2607,7132,2233,453,275,352,133,11,2,536,181
2023-04-25,00,Deutschland,Kinder,NICU,193,1332,593,181,457,92,40,30,31,5,2,61,20
2023-04-25,00,Deutschland,Kinder,PICU,157,522,227,170,172,61,23,41,32,4,1,59,18
2023-04-26,00,Deutschland,Erwachsene,ERWACHSENE,1213,17291,2582,7130,2224,439,293,344,137,13,2,548,184
2023-04-26,00,Deutschland,Kinder,NICU,193,1318,607,178,460,90,40,32,31,6,2,62,22
2023-04-26,00,Deutschland,Kinder,PICU,156,537,213,171,165,58,24,42,32,4,1,58,19
2023-04-27,00,Deutschland,Erwachsene,ERWACHSENE,1212,17225,2615,7107,2282,445,291,340,136,13,2,541,178
2023-04-27,00,Deutschland,Kinder,NICU,191,1298,604,178,451,89,42,31,29,6,2,62,22
2023-04-27,00,Deutschland,Kinder,PICU,154,535,210,173,156,55,28,41,30,4,1,61,18
2023-04-28,00,Deutschland,Erwachsene,ERWACHSENE,1209,17176,2590,7093,2264,450,276,346,137,15,2,533,175
2023-04-28,00,Deutschland,Kinder,NICU,191,1295,606,178,465,90,41,31,29,5,2,62,22
2023-04-28,00,Deutschland,Kinder,PICU,153,514,213,170,148,57,29,38,29,3,1,60,16
2023-04-29,00,Deutschland,Erwachsene,ERWACHSENE,1213,16983,2719,7175,2322,447,280,350,136,15,2,547,175
2023-04-29,00,Deutschland,Kinder,NICU,189,1271,575,177,442,90,41,28,30,4,2,59,19
2023-04-29,00,Deutschland,Kinder,PICU,151,505,211,166,153,57,27,36,31,3,1,59,14
2023-04-30,00,Deutschland,Erwachsene,ERWACHSENE,1213,16641,2985,7194,2412,450,274,354,135,14,2,553,173
2023-04-30,00,Deutschland,Kinder,NICU,189,1264,572,177,422,89,41,29,30,4,2,59,20
2023-04-30,00,Deutschland,Kinder,PICU,151,506,210,166,157,57,27,36,31,3,1,59,14
2023-05-01,00,Deutschland,Erwachsene,ERWACHSENE,1212,16621,3035,7208,2488,454,285,340,133,15,2,542,176
2023-05-01,00,Deutschland,Kinder,NICU,186,1252,555,176,427,88,39,29,30,4,2,58,19
2023-05-01,00,Deutschland,Kinder,PICU,149,485,224,165,159,57,26,35,31,2,1,57,14
2023-05-02,00,Deutschland,Erwachsene,ERWACHSENE,1207,16715,2954,7191,2473,474,278,322,133,14,3,517,179
2023-05-02,00,Deutschland,Kinder,NICU,190,1304,566,179,442,88,41,31,30,4,2,63,20
2023-05-02,00,Deutschland,Kinder,PICU,153,495,244,174,178,60,24,38,31,3,1,57,15
2023-05-03,00,Deutschland,Erwachsene,ERWACHSENE,1207,17013,2658,7108,2263,487,275,315,130,14,2,506,164
2023-05-03,00,Deutschland,Kinder,NICU,190,1323,550,176,445,88,42,29,31,3,2,61,20
2023-05-03,00,Deutschland,Kinder,PICU,153,516,228,174,169,63,23,35,32,3,1,52,15
2023-05-04,00,Deutschland,Erwachsene,ERWACHSENE,1206,16969,2568,7194,2255,489,263,322,132,14,2,503,167
2023-05-04,00,Deutschland,Kinder,NICU,189,1288,569,173,449,86,42,29,32,3,2,61,22
2023-05-04,00,Deutschland,Kinder,PICU,153,500,234,173,177,64,22,35,32,3,1,52,15
2023-05-05,00,Deutschland,Erwachsene,ERWACHSENE,1204,16916,2563,7176,2272,488,262,328,126,15,1,504,170
2023-05-05,00,Deutschland,Kinder,NICU,190,1288,593,175,474,88,40,30,32,3,2,62,22
2023-05-05,00,Deutschland,Kinder,PICU,154,496,251,172,186,63,24,35,32,3,1,55,15
2023-05-06,00,Deutschland,Erwachsene,ERWACHSENE,1203,16640,2654,7210,2302,489,257,331,126,16,1,509,167
2023-05-06,00,Deutschland,Kinder,NICU,191,1284,595,183,473,86,42,30,33,3,2,63,24
2023-05-06,00,Deutschland,Kinder,PICU,154,494,251,173,185,62,26,36,30,4,1,56,17
2023-05-07,00,Deutschland,Erwachsene,ERWACHSENE,1197,16299,2900,7156,2422,489,254,325,129,14,1,507,158
2023-05-07,00,Deutschland,Kinder,NICU,192,1297,596,181,459,84,45,30,33,3,2,66,24
2023-05-07,00,Deutschland,Kinder,PICU,155,505,240,172,174,60,28,36,31,3,1,57,19
2023-05-08,00,Deutschland,Erwachsene,ERWACHSENE,1197,16366,2866,7217,2373,494,266,309,128,14,1,497,156
2023-05-08,00,Deutschland,Kinder,NICU,192,1307,597,182,469,88,44,27,33,3,2,62,20
2023-05-08,00,Deutschland,Kinder,PICU,155,497,255,170,178,62,26,36,31,3,1,57,18
2023-05-09,00,Deutschland,Erwachsene,ERWACHSENE,1198,16742,2524,7129,2193,479,268,323,128,15,1,512,171
2023-05-09,00,Deutschland,Kinder,NICU,192,1306,593,181,472,83,47,29,33,3,2,67,21
2023-05-09,00,Deutschland,Kinder,PICU,156,513,241,172,179,65,25,37,29,3,1,57,18
2023-05-10,00,Deutschland,Erwachsene,ERWACHSENE,1194,16756,2515,7101,2219,481,276,309,128,12,1,510,161
2023-05-10,00,Deutschland,Kinder,NICU,192,1309,593,178,473,82,49,29,32,4,2,70,23
2023-05-10,00,Deutschland,Kinder,PICU,156,529,226,175,175,63,25,39,29,3,1,58,19
2023-05-11,00,Deutschland,Erwachsene,ERWACHSENE,1193,16741,2518,7097,2228,488,267,310,128,15,2,497,159
2023-05-11,00,Deutschland,Kinder,NICU,190,1288,586,177,469,81,47,30,32,4,2,67,26
2023-05-11,00,Deutschland,Kinder,PICU,156,528,225,184,173,64,25,38,29,3,1,55,20
2023-05-12,00,Deutschland,Erwachsene,ERWACHSENE,1188,16677,2412,7058,2145,479,265,315,129,15,1,500,164
2023-05-12,00,Deutschland,Kinder,NICU,190,1297,567,177,444,85,42,32,31,6,2,64,23
2023-05-12,00,Deutschland,Kinder,PICU,155,518,215,183,168,60,27,38,30,2,1,57,21
2023-05-13,00,Deutschland,Erwachsene,ERWACHSENE,1191,16401,2575,7096,2250,484,258,317,132,14,1,504,149
2023-05-13,00,Deutschland,Kinder,NICU,191,1316,557,184,431,86,42,32,31,5,2,65,24
2023-05-13,00,Deutschland,Kinder,PICU,155,510,221,186,172,57,32,36,30,2,1,58,20
2023-05-14,00,Deutschland,Erwachsene,ERWACHSENE,1189,16130,2798,7101,2372,495,256,307,131,12,1,496,150
2023-05-14,00,Deutschland,Kinder,NICU,191,1311,567,185,444,86,43,32,30,5,2,66,24
2023-05-14,00,Deutschland,Kinder,PICU,154,510,227,181,177,60,26,40,28,2,1,59,17
2023-05-15,00,Deutschland,Erwachsene,ERWACHSENE,1188,16132,2893,7122,2442,505,246,303,134,10,1,479,146
2023-05-15,00,Deutschland,Kinder,NICU,192,1310,579,185,454,88,43,31,30,5,2,65,26
2023-05-15,00,Deutschland,Kinder,PICU,155,533,218,180,176,61,28,38,28,2,1,59,19
2023-05-16,00,Deutschland,Erwachsene,ERWACHSENE,1188,16395,2686,7087,2357,516,234,305,133,11,2,468,151
2023-05-16,00,Deutschland,Kinder,NICU,192,1326,555,180,442,88,45,29,30,5,2,65,25
2023-05-16,00,Deutschland,Kinder,PICU,155,518,223,179,177,63,27,37,28,2,1,59,17
2023-05-17,00,Deutschland,Erwachsene,ERWACHSENE,1183,16331,2609,7082,2325,523,230,298,132,10,1,463,146
2023-05-17,00,Deutschland,Kinder,NICU,191,1334,536,177,434,90,40,32,29,6,2,63,24
2023-05-17,00,Deutschland,Kinder,PICU,154,514,219,178,176,63,21,43,27,2,1,58,20
2023-05-18,00,Deutschland,Erwachsene,ERWACHSENE,1185,16372,2681,7129,2339,509,230,312,134,12,1,468,151
2023-05-18,00,Deutschland,Kinder,NICU,192,1344,541,178,436,90,42,30,30,6,2,65,26
2023-05-18,00,Deutschland,Kinder,PICU,156,526,226,177,193,64,19,44,29,2,1,58,20
2023-05-19,00,Deutschland,Erwachsene,ERWACHSENE,1187,15996,2958,7169,2483,509,233,310,135,13,3,469,145
2023-05-19,00,Deutschland,Kinder,NICU,192,1343,557,170,436,91,42,30,29,6,2,65,25
2023-05-19,00,Deutschland,Kinder,PICU,154,486,232,175,181,62,18,45,29,2,1,58,20
2023-05-20,00,Deutschland,Erwachsene,ERWACHSENE,1188,15946,2935,7173,2450,506,244,303,135,13,2,483,143
2023-05-20,00,Deutschland,Kinder,NICU,190,1307,572,167,433,89,41,31,29,6,2,65,24
2023-05-20,00,Deutschland,Kinder,PICU,153,465,249,174,187,62,19,44,28,2,1,57,20
2023-05-21,00,Deutschland,Erwachsene,ERWACHSENE,1188,15880,2941,7191,2505,508,247,297,136,13,2,478,139
2023-05-21,00,Deutschland,Kinder,NICU,190,1319,559,165,431,90,42,29,29,6,2,64,23
2023-05-21,00,Deutschland,Kinder,PICU,153,477,232,173,174,61,21,43,28,2,1,58,20
2023-05-22,00,Deutschland,Erwachsene,ERWACHSENE,1190,15940,3040,7166,2563,511,248,295,136,13,2,462,152
2023-05-22,00,Deutschland,Kinder,NICU,188,1288,559,164,437,88,41,30,29,6,2,64,23
2023-05-22,00,Deutschland,Kinder,PICU,151,477,221,170,169,58,23,42,28,3,1,59,20
2023-05-23,00,Deutschland,Erwachsene,ERWACHSENE,1191,16394,2739,7142,2404,520,252,287,132,12,1,465,150
2023-05-23,00,Deutschland,Kinder,NICU,188,1283,559,160,455,88,39,29,32,6,2,62,22
2023-05-23,00,Deutschland,Kinder,PICU,150,464,223,166,172,59,24,38,29,3,1,56,21
2023-05-24,00,Deutschland,Erwachsene,ERWACHSENE,1190,16567,2470,7155,2257,516,253,288,133,12,1,471,137
2023-05-24,00,Deutschland,Kinder,NICU,188,1270,562,162,444,89,38,30,31,6,2,60,23
2023-05-24,00,Deutschland,Kinder,PICU,150,478,202,164,158,58,26,38,28,3,1,56,23
2023-05-25,00,Deutschland,Erwachsene,ERWACHSENE,1188,16573,2489,7121,2291,507,259,292,130,11,1,476,142
2023-05-25,00,Deutschland,Kinder,NICU,185,1217,564,163,440,85,40,29,31,7,2,60,26
2023-05-25,00,Deutschland,Kinder,PICU,147,453,215,160,164,63,23,33,28,3,1,49,21
2023-05-26,00,Deutschland,Erwachsene,ERWACHSENE,1183,16468,2520,7134,2288,505,260,288,130,10,1,471,142
2023-05-26,00,Deutschland,Kinder,NICU,186,1230,557,165,452,86,39,29,32,6,2,60,25
2023-05-26,00,Deutschland,Kinder,PICU,147,440,224,154,162,63,23,32,29,3,1,48,21
2023-05-27,00,Deutschland,Erwachsene,ERWACHSENE,1186,16246,2653,7182,2317,498,252,300,136,12,1,478,140
2023-05-27,00,Deutschland,Kinder,NICU,186,1230,562,167,455,88,38,29,31,6,2,61,24
2023-05-27,00,Deutschland,Kinder,PICU,147,427,230,151,168,64,23,31,29,3,1,47,20
2023-05-28,00,Deutschland,Erwachsene,ERWACHSENE,1182,15956,2855,7150,2489,508,241,298,135,10,1,462,132
2023-05-28,00,Deutschland,Kinder,NICU,186,1227,561,167,439,88,37,30,31,6,2,61,24
2023-05-28,00,Deutschland,Kinder,PICU,146,404,246,148,170,62,25,29,30,3,1,47,21
2023-05-29,00,Deutschland,Erwachsene,ERWACHSENE,1180,15802,2968,7131,2490,508,244,292,136,10,1,466,130
2023-05-29,00,Deutschland,Kinder,NICU,186,1269,529,168,445,90,39,28,29,6,2,62,23
2023-05-29,00,Deutschland,Kinder,PICU,147,424,232,154,172,62,24,31,30,3,1,48,21
2023-05-30,00,Deutschland,Erwachsene,ERWACHSENE,1181,15913,2933,7128,2518,514,244,288,135,10,1,458,134
2023-05-30,00,Deutschland,Kinder,NICU,186,1283,526,167,439,90,40,28,28,6,2,63,24
2023-05-30,00,Deutschland,Kinder,PICU,147,425,241,158,169,58,26,33,30,3,1,49,23
2023-05-31,00,Deutschland,Erwachsene,ERWACHSENE,1180,16132,2752,7099,2410,514,244,287,135,10,1,463,133
2023-05-31,00,Deutschland,Kinder,NICU,186,1304,508,172,433,90,39,29,28,7,2,62,27
2023-05-31,00,Deutschland,Kinder,PICU,147,427,240,156,163,59,28,31,29,3,1,50,20
2023-06-01,00,Deutschland,Erwachsene,ERWACHSENE,1179,16091,2750,7081,2382,519,240,286,134,11,1,462,126
2023-06-01,00,Deutschland,Kinder,NICU,187,1281,525,175,448,89,38,31,29,7,2,62,27
2023-06-01,00,Deutschland,Kinder,PICU,147,424,239,158,161,62,26,30,29,3,1,49,19
2023-06-02,00,Deutschland,Erwachsene,ERWACHSENE,1172,15966,2691,7045,2394,526,232,281,133,10,1,446,125
2023-06-02,00,Deutschland,Kinder,NICU,188,1276,544,180,446,89,39,31,29,6,2,62,25
2023-06-02,00,Deutschland,Kinder,PICU,149,443,241,163,164,62,24,34,29,2,1,53,18
2023-06-03,00,Deutschland,Erwachsene,ERWACHSENE,1173,15806,2764,7113,2392,523,230,287,133,9,1,458,117
2023-06-03,00,Deutschland,Kinder,NICU,187,1266,551,174,455,89,39,31,28,5,3,62,24
2023-06-03,00,Deutschland,Kinder,PICU,149,427,254,165,172,65,23,32,29,2,1,51,16
2023-06-04,00,Deutschland,Erwachsene,ERWACHSENE,1171,15455,2996,7132,2520,526,221,293,131,9,1,456,115
2023-06-04,00,Deutschland,Kinder,NICU,188,1249,576,174,468,88,41,31,28,5,3,64,24
2023-06-04,00,Deutschland,Kinder,PICU,150,434,249,165,174,63,24,34,29,2,1,54,16
2023-06-05,00,Deutschland,Erwachsene,ERWACHSENE,1175,15657,3016,7191,2512,526,223,294,132,7,1,454,124
2023-06-05,00,Deutschland,Kinder,NICU,186,1247,564,172,450,88,40,30,28,5,3,62,24
2023-06-05,00,Deutschland,Kinder,PICU,151,441,258,163,180,63,26,33,29,2,1,54,17
2023-06-06,00,Deutschland,Erwachsene,ERWACHSENE,1173,15981,2742,7097,2435,512,231,300,130,8,1,460,135
2023-06-06,00,Deutschland,Kinder,NICU,186,1258,571,165,463,93,37,28,28,5,3,58,20
2023-06-06,00,Deutschland,Kinder,PICU,150,456,246,158,181,63,24,34,29,2,2,52,20
2023-06-07,00,Deutschland,Erwachsene,ERWACHSENE,1171,16101,2660,7038,2382,511,232,297,131,9,1,454,132
2023-06-07,00,Deutschland,Kinder,NICU,186,1270,549,165,467,93,37,27,29,5,3,57,20
2023-06-07,00,Deutschland,Kinder,PICU,150,483,221,157,173,63,26,32,29,2,2,52,20
2023-06-08,00,Deutschland,Erwachsene,ERWACHSENE,1174,16011,2726,7003,2419,520,230,294,130,9,1,451,132
2023-06-08,00,Deutschland,Kinder,NICU,185,1250,558,168,473,92,37,26,30,5,3,56,19
2023-06-08,00,Deutschland,Kinder,PICU,149,468,236,160,178,69,23,28,29,2,2,47,16
2023-06-09,00,Deutschland,Erwachsene,ERWACHSENE,1168,15775,2787,6986,2489,516,234,290,128,9,2,452,133
2023-06-09,00,Deutschland,Kinder,NICU,186,1262,550,164,467,94,37,26,29,5,3,56,18
2023-06-09,00,Deutschland,Kinder,PICU,150,459,244,164,181,70,22,29,29,2,2,46,17
2023-06-10,00,Deutschland,Erwachsene,ERWACHSENE,1167,15603,2873,6986,2492,497,236,302,132,9,2,462,133
2023-06-10,00,Deutschland,Kinder,NICU,187,1281,559,167,474,94,38,25,30,5,2,57,19
2023-06-10,00,Deutschland,Kinder,PICU,151,477,237,166,180,72,22,28,29,2,1,45,17
2023-06-11,00,Deutschland,Erwachsene,ERWACHSENE,1164,15405,2987,6954,2534,496,229,308,131,9,2,464,134
2023-06-11,00,Deutschland,Kinder,NICU,187,1291,546,171,456,92,38,27,30,4,2,59,18
2023-06-11,00,Deutschland,Kinder,PICU,151,456,254,166,176,70,21,30,30,2,1,46,18
2023-06-12,00,Deutschland,Erwachsene,ERWACHSENE,1170,15563,3008,6967,2583,515,230,293,132,9,2,450,132
2023-06-12,00,Deutschland,Kinder,NICU,187,1296,542,167,461,90,41,26,30,4,2,61,19
2023-06-12,00,Deutschland,Kinder,PICU,151,451,261,167,187,68,22,31,30,2,1,48,21
2023-06-13,00,Deutschland,Erwachsene,ERWACHSENE,1172,16065,2696,6959,2407,518,233,290,131,10,2,446,136
2023-06-13,00,Deutschland,Kinder,NICU,188,1287,565,171,471,93,38,27,30,4,2,59,17
2023-06-13,00,Deutschland,Kinder,PICU,153,471,255,175,191,69,20,33,31,2,1,48,23
2023-06-14,00,Deutschland,Erwachsene,ERWACHSENE,1171,16131,2647,6992,2380,515,231,296,129,9,3,443,142
2023-06-14,00,Deutschland,Kinder,NICU,188,1305,555,173,472,95,38,25,30,3,2,57,16
2023-06-14,00,Deutschland,Kinder,PICU,153,479,251,176,185,69,24,30,30,2,1,48,22
2023-06-15,00,Deutschland,Erwachsene,ERWACHSENE,1167,16069,2669,6996,2396,521,228,289,129,9,3,440,135
2023-06-15,00,Deutschland,Kinder,NICU,187,1291,563,170,478,95,36,25,31,4,2,56,16
2023-06-15,00,Deutschland,Kinder,PICU,152,468,255,175,192,69,23,30,30,2,1,45,23
2023-06-16,00,Deutschland,Erwachsene,ERWACHSENE,1164,16017,2613,6987,2359,519,226,288,131,10,2,439,134
2023-06-16,00,Deutschland,Kinder,NICU,187,1275,574,168,476,97,36,23,31,4,2,54,15
2023-06-16,00,Deutschland,Kinder,PICU,152,464,259,180,199,67,25,30,30,2,1,44,25
2023-06-17,00,Deutschland,Erwachsene,ERWACHSENE,1165,15741,2730,6999,2390,518,217,297,133,12,2,445,131
2023-06-17,00,Deutschland,Kinder,NICU,187,1274,558,165,463,97,35,23,32,4,2,53,13
2023-06-17,00,Deutschland,Kinder,PICU,152,460,258,181,191,63,28,31,30,2,1,47,25
2023-06-18,00,Deutschland,Erwachsene,ERWACHSENE,1164,15517,2866,6980,2429,516,213,302,133,12,2,443,134
2023-06-18,00,Deutschland,Kinder,NICU,187,1276,547,164,467,95,36,24,32,4,2,54,14
2023-06-18,00,Deutschland,Kinder,PICU,152,446,270,182,190,63,28,31,30,2,1,47,25
2023-06-19,00,Deutschland,Erwachsene,ERWACHSENE,1162,15651,2880,6957,2521,516,219,293,134,9,2,445,134
2023-06-19,00,Deutschland,Kinder,NICU,185,1265,527,162,456,94,37,22,32,3,2,54,15
2023-06-19,00,Deutschland,Kinder,PICU,150,447,264,175,190,61,26,32,31,2,1,47,24
2023-06-20,00,Deutschland,Erwachsene,ERWACHSENE,1162,15926,2693,6946,2381,515,223,293,131,12,2,445,132
2023-06-20,00,Deutschland,Kinder,NICU,184,1260,522,165,457,94,36,23,31,4,2,54,16
2023-06-20,00,Deutschland,Kinder,PICU,149,465,240,170,179,59,26,32,32,2,1,46,23
2023-06-21,00,Deutschland,Erwachsene,ERWACHSENE,1162,16093,2598,6942,2365,510,221,301,130,10,3,448,134
2023-06-21,00,Deutschland,Kinder,NICU,183,1256,508,173,433,92,37,23,31,3,2,55,16
2023-06-21,00,Deutschland,Kinder,PICU,147,463,236,169,174,57,28,30,32,2,1,46,24
2023-06-22,00,Deutschland,Erwachsene,ERWACHSENE,1158,15981,2646,6975,2378,523,227,279,129,10,3,434,128
2023-06-22,00,Deutschland,Kinder,NICU,183,1261,518,173,429,91,40,21,31,3,2,55,16
2023-06-22,00,Deutschland,Kinder,PICU,147,457,229,172,159,57,28,30,32,2,1,47,23
2023-06-23,00,Deutschland,Erwachsene,ERWACHSENE,1156,15941,2657,6979,2364,520,221,288,127,10,2,434,129
2023-06-23,00,Deutschland,Kinder,NICU,185,1301,513,171,431,94,41,20,30,3,2,55,15
2023-06-23,00,Deutschland,Kinder,PICU,149,481,230,174,158,59,27,32,31,2,1,48,23
2023-06-24,00,Deutschland,Erwachsene,ERWACHSENE,1158,15711,2820,6957,2424,527,217,286,128,9,2,433,128
2023-06-24,00,Deutschland,Kinder,NICU,185,1282,523,178,434,96,40,19,30,4,2,54,14
2023-06-24,00,Deutschland,Kinder,PICU,150,466,243,175,168,58,29,32,31,2,1,52,24
2023-06-25,00,Deutschland,Erwachsene,ERWACHSENE,1156,15427,2989,6959,2531,530,217,283,126,8,2,433,121
2023-06-25,00,Deutschland,Kinder,NICU,185,1272,529,176,428,96,41,18,30,4,2,54,14
2023-06-25,00,Deutschland,Kinder,PICU,150,461,251,174,180,59,30,31,30,2,1,52,22
2023-06-26,00,Deutschland,Erwachsene,ERWACHSENE,1159,15488,3027,6938,2594,539,213,281,126,9,2,428,118
2023-06-26,00,Deutschland,Kinder,NICU,186,1288,545,166,437,96,43,18,29,4,2,55,13
2023-06-26,00,Deutschland,Kinder,PICU,151,442,277,173,191,61,31,30,29,2,1,52,21
2023-06-27,00,Deutschland,Erwachsene,ERWACHSENE,1157,15703,2912,6915,2542,535,210,286,126,9,2,430,116
2023-06-27,00,Deutschland,Kinder,NICU,186,1287,551,167,454,97,42,17,30,3,2,52,13
2023-06-27,00,Deutschland,Kinder,PICU,151,461,257,169,191,63,32,28,28,2,1,51,21
2023-06-28,00,Deutschland,Erwachsene,ERWACHSENE,1159,15747,2840,6902,2551,548,212,274,125,9,2,419,121
2023-06-28,00,Deutschland,Kinder,NICU,185,1282,542,168,449,98,41,17,29,2,2,51,14
2023-06-28,00,Deutschland,Kinder,PICU,151,479,243,173,193,65,30,28,28,2,1,50,20
2023-06-29,00,Deutschland,Erwachsene,ERWACHSENE,1157,15520,2894,6879,2567,558,200,273,126,11,2,415,116
2023-06-29,00,Deutschland,Kinder,NICU,186,1264,556,168,456,98,41,18,29,3,2,51,15
2023-06-29,00,Deutschland,Kinder,PICU,151,490,237,171,180,62,34,28,27,3,1,52,23
2023-06-30,00,Deutschland,Erwachsene,ERWACHSENE,1152,15408,2753,6873,2461,555,204,268,125,10,2,413,118
2023-06-30,00,Deutschland,Kinder,NICU,184,1265,534,170,443,95,41,19,29,4,2,53,16
2023-06-30,00,Deutschland,Kinder,PICU,149,477,238,171,174,62,31,29,27,3,1,51,23
2023-07-01,00,Deutschland,Erwachsene,ERWACHSENE,1149,15112,2818,6913,2450,530,214,278,127,9,3,428,122
2023-07-01,00,Deutschland,Kinder,NICU,185,1278,534,170,439,96,41,19,29,4,2,53,16
2023-07-01,00,Deutschland,Kinder,PICU,150,459,248,174,192,63,30,30,27,3,1,51,23
2023-07-02,00,Deutschland,Erwachsene,ERWACHSENE,1144,14811,2951,6925,2480,528,216,273,127,9,2,428,114
2023-07-02,00,Deutschland,Kinder,NICU,185,1299,514,171,419,96,41,19,29,4,2,53,16
2023-07-02,00,Deutschland,Kinder,PICU,150,449,262,178,195,64,31,28,27,3,1,50,21
2023-07-03,00,Deutschland,Erwachsene,ERWACHSENE,1140,14741,3013,6890,2620,539,214,259,128,9,2,412,116
2023-07-03,00,Deutschland,Kinder,NICU,185,1295,516,172,425,97,41,18,29,5,2,52,15
2023-07-03,00,Deutschland,Kinder,PICU,150,446,256,179,183,64,30,29,27,4,1,50,21
2023-07-04,00,Deutschland,Erwachsene,ERWACHSENE,1143,15079,2840,6892,2565,538,220,258,127,10,1,410,124
2023-07-04,00,Deutschland,Kinder,NICU,185,1286,529,172,420,98,39,19,29,4,2,51,15
2023-07-04,00,Deutschland,Kinder,PICU,150,449,256,170,188,65,27,30,28,4,1,49,20
2023-07-05,00,Deutschland,Erwachsene,ERWACHSENE,1143,15136,2709,6832,2469,539,208,267,129,6,1,413,119
2023-07-05,00,Deutschland,Kinder,NICU,184,1252,542,173,452,99,39,18,28,3,2,49,17
2023-07-05,00,Deutschland,Kinder,PICU,149,453,235,171,183,65,29,29,26,4,1,50,20
2023-07-06,00,Deutschland,Erwachsene,ERWACHSENE,1147,15044,2767,6886,2533,541,209,268,129,7,1,411,124
2023-07-06,00,Deutschland,Kinder,NICU,183,1261,545,166,438,97,39,19,28,4,2,50,18
2023-07-06,00,Deutschland,Kinder,PICU,148,463,226,170,172,65,26,31,26,4,1,49,20
2023-07-07,00,Deutschland,Erwachsene,ERWACHSENE,1141,14894,2767,6870,2499,543,206,265,127,6,2,404,122
2023-07-07,00,Deutschland,Kinder,NICU,183,1282,522,170,434,98,40,17,28,4,2,49,16
2023-07-07,00,Deutschland,Kinder,PICU,148,455,232,173,172,62,29,31,26,4,1,52,22
2023-07-08,00,Deutschland,Erwachsene,ERWACHSENE,1143,14614,2765,6890,2513,533,212,271,127,7,2,417,117
2023-07-08,00,Deutschland,Kinder,NICU,182,1274,517,170,419,95,38,20,29,4,2,51,16
2023-07-08,00,Deutschland,Kinder,PICU,148,429,249,175,169,63,29,29,27,4,1,50,22
2023-07-09,00,Deutschland,Erwachsene,ERWACHSENE,1139,14486,2971,6914,2629,530,212,271,126,6,2,420,116
2023-07-09,00,Deutschland,Kinder,NICU,182,1270,527,171,406,93,38,22,29,4,2,54,16
2023-07-09,00,Deutschland,Kinder,PICU,148,434,243,179,173,62,28,30,28,4,1,50,22
2023-07-10,00,Deutschland,Erwachsene,ERWACHSENE,1140,14593,2925,6914,2662,543,212,263,122,7,1,406,117
2023-07-10,00,Deutschland,Kinder,NICU,182,1258,544,176,411,95,38,21,28,4,2,53,16
2023-07-10,00,Deutschland,Kinder,PICU,148,444,237,176,179,64,29,27,28,4,1,50,21
2023-07-11,00,Deutschland,Erwachsene,ERWACHSENE,1142,14811,2806,6916,2598,540,209,270,123,9,1,413,123
2023-07-11,00,Deutschland,Kinder,NICU,182,1248,547,175,413,94,37,22,29,3,2,53,18
2023-07-11,00,Deutschland,Kinder,PICU,148,427,256,177,180,66,26,28,28,4,1,49,20
2023-07-12,00,Deutschland,Erwachsene,ERWACHSENE,1145,15032,2650,6919,2514,534,211,275,125,8,1,417,126
2023-07-12,00,Deutschland,Kinder,NICU,182,1252,534,167,416,93,38,22,29,4,2,54,17
2023-07-12,00,Deutschland,Kinder,PICU,148,443,237,177,176,65,30,26,27,4,1,50,22
2023-07-13,00,Deutschland,Erwachsene,ERWACHSENE,1143,15057,2666,6905,2431,545,201,268,129,8,1,403,117
2023-07-13,00,Deutschland,Kinder,NICU,181,1253,528,163,425,93,38,21,29,4,2,52,17
2023-07-13,00,Deutschland,Kinder,PICU,148,439,240,173,167,63,30,28,27,4,1,51,22
2023-07-14,00,Deutschland,Erwachsene,ERWACHSENE,1144,14966,2602,6933,2428,538,201,276,129,9,1,412,115
2023-07-14,00,Deutschland,Kinder,NICU,181,1252,536,167,428,92,37,23,29,4,2,54,16
2023-07-14,00,Deutschland,Kinder,PICU,148,450,226,170,166,64,29,27,28,4,1,51,20
2023-07-15,00,Deutschland,Erwachsene,ERWACHSENE,1142,14697,2709,6934,2457,526,209,276,131,10,1,416,123
2023-07-15,00,Deutschland,Kinder,NICU,181,1243,548,167,431,92,34,25,30,4,2,54,16
2023-07-15,00,Deutschland,Kinder,PICU,147,427,248,171,183,65,28,25,29,3,1,48,19
2023-07-16,00,Deutschland,Erwachsene,ERWACHSENE,1142,14481,2858,6926,2564,528,216,266,132,9,1,419,117
2023-07-16,00,Deutschland,Kinder,NICU,181,1243,556,161,444,94,34,23,30,3,2,52,14
2023-07-16,00,Deutschland,Kinder,PICU,147,415,252,174,178,66,26,26,29,3,1,47,19
2023-07-17,00,Deutschland,Erwachsene,ERWACHSENE,1141,14323,2977,6957,2604,541,211,259,130,9,1,402,118
2023-07-17,00,Deutschland,Kinder,NICU,180,1218,540,163,429,92,34,24,30,3,2,53,15
2023-07-17,00,Deutschland,Kinder,PICU,147,427,248,172,176,66,27,25,29,3,1,47,18
2023-07-18,00,Deutschland,Erwachsene,ERWACHSENE,1142,14606,2801,6935,2515,546,213,256,127,10,1,404,112
2023-07-18,00,Deutschland,Kinder,NICU,181,1228,546,167,434,91,38,22,30,4,2,55,13
2023-07-18,00,Deutschland,Kinder,PICU,147,432,244,172,189,68,27,23,29,4,1,43,18
2023-07-19,00,Deutschland,Erwachsene,ERWACHSENE,1141,14547,2667,6925,2469,542,221,249,129,9,1,407,109
2023-07-19,00,Deutschland,Kinder,NICU,182,1221,549,167,428,92,38,22,30,4,2,55,13
2023-07-19,00,Deutschland,Kinder,PICU,149,451,239,172,186,71,26,23,29,4,1,44,17
2023-07-20,00,Deutschland,Erwachsene,ERWACHSENE,1133,14427,2664,6873,2460,546,207,251,129,8,1,395,110
2023-07-20,00,Deutschland,Kinder,NICU,182,1213,557,172,442,94,36,23,29,4,3,54,13
2023-07-20,00,Deutschland,Kinder,PICU,149,439,254,174,199,74,22,24,29,4,1,41,15
2023-07-21,00,Deutschland,Erwachsene,ERWACHSENE,1128,14357,2591,6837,2417,543,203,253,129,8,1,399,107
2023-07-21,00,Deutschland,Kinder,NICU,180,1181,562,174,436,93,34,24,29,4,3,53,13
2023-07-21,00,Deutschland,Kinder,PICU,148,437,252,173,182,72,22,25,29,4,1,42,17
2023-07-22,00,Deutschland,Erwachsene,ERWACHSENE,1134,14175,2707,6856,2483,540,211,254,129,8,1,408,114
2023-07-22,00,Deutschland,Kinder,NICU,180,1188,562,172,440,93,33,26,28,3,3,54,15
2023-07-22,00,Deutschland,Kinder,PICU,148,438,249,172,186,71,23,26,28,4,1,43,18
2023-07-23,00,Deutschland,Erwachsene,ERWACHSENE,1130,13780,2912,6800,2597,542,214,247,127,7,1,404,114
2023-07-23,00,Deutschland,Kinder,NICU,181,1202,568,169,429,95,32,26,28,3,2,53,15
2023-07-23,00,Deutschland,Kinder,PICU,149,429,258,175,192,70,25,26,28,4,1,44,19
2023-07-24,00,Deutschland,Erwachsene,ERWACHSENE,1125,13839,2904,6818,2597,546,206,246,127,7,1,394,115
2023-07-24,00,Deutschland,Kinder,NICU,181,1211,546,164,419,94,32,27,28,4,2,54,15
2023-07-24,00,Deutschland,Kinder,PICU,149,427,255,176,194,71,24,26,28,4,1,42,20
2023-07-25,00,Deutschland,Erwachsene,ERWACHSENE,1128,14097,2733,6842,2553,548,212,242,126,7,2,390,118
2023-07-25,00,Deutschland,Kinder,NICU,181,1225,540,170,411,95,35,23,28,4,2,52,14
2023-07-25,00,Deutschland,Kinder,PICU,149,443,235,177,186,72,25,24,28,3,1,42,17
2023-07-26,00,Deutschland,Erwachsene,ERWACHSENE,1134,14172,2707,6862,2514,555,215,235,129,9,2,386,116
2023-07-26,00,Deutschland,Kinder,NICU,182,1228,533,177,418,95,36,23,28,4,2,53,14
2023-07-26,00,Deutschland,Kinder,PICU,149,441,241,180,188,70,27,24,28,3,1,43,18
2023-07-27,00,Deutschland,Erwachsene,ERWACHSENE,1126,14105,2680,6834,2554,547,204,247,128,9,1,385,118
2023-07-27,00,Deutschland,Kinder,NICU,181,1204,551,176,428,95,33,25,28,4,2,53,13
2023-07-27,00,Deutschland,Kinder,PICU,147,434,227,171,178,70,26,23,28,3,1,42,16
2023-07-28,00,Deutschland,Erwachsene,ERWACHSENE,1124,14040,2673,6892,2537,543,205,249,127,9,1,392,115
2023-07-28,00,Deutschland,Kinder,NICU,183,1197,558,175,435,98,32,24,29,4,2,51,13
2023-07-28,00,Deutschland,Kinder,PICU,149,437,230,169,183,73,24,23,29,3,1,42,16
2023-07-29,00,Deutschland,Erwachsene,ERWACHSENE,1122,13811,2715,6923,2558,539,209,247,127,11,1,395,112
2023-07-29,00,Deutschland,Kinder,NICU,183,1183,569,173,432,100,31,23,29,4,2,49,12
2023-07-29,00,Deutschland,Kinder,PICU,149,429,239,167,184,72,24,24,29,3,1,42,16
2023-07-30,00,Deutschland,Erwachsene,ERWACHSENE,1117,13629,2815,6899,2586,528,218,244,127,10,1,401,111
2023-07-30,00,Deutschland,Kinder,NICU,183,1182,570,172,434,98,34,22,29,4,2,51,12
2023-07-30,00,Deutschland,Kinder,PICU,149,432,237,168,187,72,24,24,29,3,1,43,16
2023-07-31,00,Deutschland,Erwachsene,ERWACHSENE,1119,13656,2925,6832,2730,546,211,232,130,7,1,391,101
2023-07-31,00,Deutschland,Kinder,NICU,183,1201,570,170,436,100,32,22,29,4,2,49,11
2023-07-31,00,Deutschland,Kinder,PICU,149,436,237,167,191,72,23,25,29,3,1,43,14
2023-08-01,00,Deutschland,Erwachsene,ERWACHSENE,1123,13900,2864,6843,2656,559,210,222,132,10,1,377,110
2023-08-01,00,Deutschland,Kinder,NICU,182,1176,561,163,432,100,30,22,30,4,2,47,12
2023-08-01,00,Deutschland,Kinder,PICU,148,438,232,165,190,71,23,25,29,3,1,44,14
2023-08-02,00,Deutschland,Erwachsene,ERWACHSENE,1119,13941,2776,6838,2581,553,212,223,131,8,1,384,110
2023-08-02,00,Deutschland,Kinder,NICU,181,1170,566,161,442,100,29,22,30,4,2,46,12
2023-08-02,00,Deutschland,Kinder,PICU,147,443,224,161,182,71,23,26,27,3,1,43,16
2023-08-03,00,Deutschland,Erwachsene,ERWACHSENE,1116,13984,2685,6800,2554,541,215,230,130,9,1,390,112
2023-08-03,00,Deutschland,Kinder,NICU,182,1183,562,169,443,100,31,23,28,4,2,49,11
2023-08-03,00,Deutschland,Kinder,PICU,147,434,229,159,178,68,25,28,26,3,1,46,16
2023-08-04,00,Deutschland,Erwachsene,ERWACHSENE,1115,13852,2750,6818,2565,536,219,230,130,9,1,393,110
2023-08-04,00,Deutschland,Kinder,NICU,183,1223,548,171,429,100,32,23,28,4,2,50,11
2023-08-04,00,Deutschland,Kinder,PICU,148,425,233,163,183,70,27,25,26,3,1,46,16
2023-08-05,00,Deutschland,Erwachsene,ERWACHSENE,1114,13668,2828,6788,2563,526,224,235,129,10,1,407,110
2023-08-05,00,Deutschland,Kinder,NICU,182,1173,571,163,418,99,32,23,28,4,2,50,11
2023-08-05,00,Deutschland,Kinder,PICU,147,433,225,161,179,71,25,25,26,3,1,44,16
2023-08-06,00,Deutschland,Erwachsene,ERWACHSENE,1114,13415,2977,6794,2682,525,230,229,130,9,1,404,106
2023-08-06,00,Deutschland,Kinder,NICU,181,1171,563,160,414,98,32,23,28,5,2,50,14
2023-08-06,00,Deutschland,Kinder,PICU,146,406,246,165,176,71,24,25,26,3,1,43,16
2023-08-07,00,Deutschland,Erwachsene,ERWACHSENE,1113,13536,2920,6790,2674,551,216,218,128,9,1,383,99
2023-08-07,00,Deutschland,Kinder,NICU,181,1177,560,156,430,98,31,24,28,6,2,49,15
2023-08-07,00,Deutschland,Kinder,PICU,147,399,261,160,197,72,22,25,28,3,1,43,15
2023-08-08,00,Deutschland,Erwachsene,ERWACHSENE,1118,13710,2899,6772,2749,546,225,218,129,8,1,387,106
2023-08-08,00,Deutschland,Kinder,NICU,184,1187,576,161,441,102,29,25,28,6,2,48,15
2023-08-08,00,Deutschland,Kinder,PICU,150,418,270,166,191,76,22,24,28,2,1,44,12
2023-08-09,00,Deutschland,Erwachsene,ERWACHSENE,1119,13843,2782,6794,2693,544,220,226,129,8,1,387,108
2023-08-09,00,Deutschland,Kinder,NICU,184,1177,585,162,435,102,30,24,28,7,2,49,16
2023-08-09,00,Deutschland,Kinder,PICU,150,436,261,167,185,75,23,24,28,2,1,44,13
2023-08-10,00,Deutschland,Erwachsene,ERWACHSENE,1119,13924,2714,6807,2659,543,215,232,129,8,1,385,112
2023-08-10,00,Deutschland,Kinder,NICU,184,1182,578,161,439,102,30,24,28,8,2,49,16
2023-08-10,00,Deutschland,Kinder,PICU,150,431,272,167,199,74,23,24,29,2,1,42,14
2023-08-11,00,Deutschland,Erwachsene,ERWACHSENE,1122,13931,2636,6819,2590,548,214,230,130,9,1,383,105
2023-08-11,00,Deutschland,Kinder,NICU,184,1207,549,163,423,100,33,23,28,8,2,51,16
2023-08-11,00,Deutschland,Kinder,PICU,150,437,264,166,196,71,26,24,29,2,1,45,15
2023-08-12,00,Deutschland,Erwachsene,ERWACHSENE,1123,13794,2671,6882,2584,534,218,240,131,11,1,395,111
2023-08-12,00,Deutschland,Kinder,NICU,185,1188,579,163,456,99,34,24,28,8,2,53,16
2023-08-12,00,Deutschland,Kinder,PICU,150,429,268,166,194,71,24,26,29,2,1,47,14
2023-08-13,00,Deutschland,Erwachsene,ERWACHSENE,1123,13652,2751,6887,2586,535,209,251,128,11,1,396,117
2023-08-13,00,Deutschland,Kinder,NICU,186,1196,592,164,466,102,33,22,29,8,2,50,15
2023-08-13,00,Deutschland,Kinder,PICU,150,430,269,165,192,73,21,27,29,2,1,46,14
2023-08-14,00,Deutschland,Erwachsene,ERWACHSENE,1126,13629,2926,6896,2737,540,213,243,130,10,1,389,116
2023-08-14,00,Deutschland,Kinder,NICU,186,1201,592,161,464,101,33,23,29,8,2,51,16
2023-08-14,00,Deutschland,Kinder,PICU,150,436,266,165,184,74,22,25,29,2,1,45,12
2023-08-15,00,Deutschland,Erwachsene,ERWACHSENE,1126,13922,2760,6856,2590,546,215,236,129,12,1,382,113
2023-08-15,00,Deutschland,Kinder,NICU,183,1167,603,162,464,99,33,23,28,8,2,51,15
2023-08-15,00,Deutschland,Kinder,PICU,147,430,255,164,178,74,20,26,27,2,1,45,11
2023-08-16,00,Deutschland,Erwachsene,ERWACHSENE,1126,13987,2679,6762,2549,550,215,230,131,12,1,379,111
2023-08-16,00,Deutschland,Kinder,NICU,182,1166,602,158,468,99,35,20,28,8,2,50,14
2023-08-16,00,Deutschland,Kinder,PICU,146,435,253,163,177,73,20,26,27,2,1,44,11
2023-08-17,00,Deutschland,Erwachsene,ERWACHSENE,1127,14088,2582,6721,2505,559,210,226,132,11,1,374,105
2023-08-17,00,Deutschland,Kinder,NICU,182,1158,604,158,476,99,35,20,28,8,2,50,14
2023-08-17,00,Deutschland,Kinder,PICU,146,439,248,162,170,73,18,28,27,2,1,45,10
2023-08-18,00,Deutschland,Erwachsene,ERWACHSENE,1120,14013,2532,6742,2469,545,209,236,130,10,1,382,108
2023-08-18,00,Deutschland,Kinder,NICU,183,1176,603,156,474,101,33,21,28,7,2,49,13
2023-08-18,00,Deutschland,Kinder,PICU,146,426,250,159,177,74,21,24,27,2,1,45,9
2023-08-19,00,Deutschland,Erwachsene,ERWACHSENE,1122,13856,2613,6740,2488,545,205,242,130,10,1,387,106
2023-08-19,00,Deutschland,Kinder,NICU,182,1154,607,155,475,100,33,20,29,7,2,49,11
2023-08-19,00,Deutschland,Kinder,PICU,145,404,265,158,181,73,21,24,27,2,1,44,7
2023-08-20,00,Deutschland,Erwachsene,ERWACHSENE,1117,13667,2683,6710,2530,540,202,246,129,9,1,390,103
2023-08-20,00,Deutschland,Kinder,NICU,181,1141,604,151,476,99,34,19,29,6,2,49,11
2023-08-20,00,Deutschland,Kinder,PICU,144,400,269,154,179,72,20,25,27,2,1,44,7
2023-08-21,00,Deutschland,Erwachsene,ERWACHSENE,1124,13722,2781,6804,2642,552,199,244,129,8,1,384,109
2023-08-21,00,Deutschland,Kinder,NICU,180,1146,586,154,477,101,31,20,28,5,2,47,11
2023-08-21,00,Deutschland,Kinder,PICU,144,413,272,156,184,72,20,26,26,2,1,45,7
2023-08-22,00,Deutschland,Erwachsene,ERWACHSENE,1124,13996,2660,6805,2529,553,197,243,131,9,1,381,113
2023-08-22,00,Deutschland,Kinder,NICU,181,1142,588,164,470,101,31,21,28,5,2,48,12
2023-08-22,00,Deutschland,Kinder,PICU,146,419,280,157,197,74,20,27,25,2,1,46,7
2023-08-23,00,Deutschland,Erwachsene,ERWACHSENE,1123,14081,2610,6831,2533,551,193,248,131,9,1,381,111
2023-08-23,00,Deutschland,Kinder,NICU,181,1143,590,171,483,102,31,20,28,5,2,47,12
2023-08-23,00,Deutschland,Kinder,PICU,146,439,253,157,191,74,20,27,25,2,1,46,7
2023-08-24,00,Deutschland,Erwachsene,ERWACHSENE,1125,14087,2591,6815,2502,553,198,243,131,8,1,377,113
2023-08-24,00,Deutschland,Kinder,NICU,181,1159,579,172,471,104,29,20,28,5,2,45,11
2023-08-24,00,Deutschland,Kinder,PICU,145,443,244,153,178,72,19,29,25,2,1,46,9
2023-08-25,00,Deutschland,Erwachsene,ERWACHSENE,1120,14050,2524,6738,2443,543,199,246,132,9,1,378,113
2023-08-25,00,Deutschland,Kinder,NICU,183,1176,597,171,489,103,31,21,28,5,2,47,13
2023-08-25,00,Deutschland,Kinder,PICU,146,426,257,158,175,73,19,29,25,2,1,46,9
2023-08-26,00,Deutschland,Erwachsene,ERWACHSENE,1122,13994,2568,6863,2475,538,199,254,131,10,1,391,107
2023-08-26,00,Deutschland,Kinder,NICU,184,1162,610,173,486,103,32,21,28,5,2,47,14
2023-08-26,00,Deutschland,Kinder,PICU,148,423,271,161,190,72,21,30,25,3,1,48,10
2023-08-27,00,Deutschland,Erwachsene,ERWACHSENE,1118,13690,2734,6841,2527,538,192,261,127,12,1,391,114
2023-08-27,00,Deutschland,Kinder,NICU,184,1166,611,170,475,103,32,21,28,6,2,47,14
2023-08-27,00,Deutschland,Kinder,PICU,148,419,276,164,192,72,21,30,25,3,1,48,11
2023-08-28,00,Deutschland,Erwachsene,ERWACHSENE,1115,13596,2920,6882,2683,549,203,236,127,9,2,384,101
2023-08-28,00,Deutschland,Kinder,NICU,184,1175,604,166,464,101,36,19,28,6,2,49,14
2023-08-28,00,Deutschland,Kinder,PICU,148,408,284,164,199,73,22,28,25,3,1,48,9
2023-08-29,00,Deutschland,Erwachsene,ERWACHSENE,1113,13756,2858,6840,2680,543,204,239,127,10,1,386,110
2023-08-29,00,Deutschland,Kinder,NICU,183,1174,604,173,489,100,36,19,28,5,2,49,13
2023-08-29,00,Deutschland,Kinder,PICU,147,402,278,162,198,72,20,29,26,2,1,47,10
2023-08-30,00,Deutschland,Erwachsene,ERWACHSENE,1116,13870,2765,6807,2646,548,203,238,127,10,1,386,109
2023-08-30,00,Deutschland,Kinder,NICU,183,1178,598,171,490,100,34,21,28,5,2,47,14
2023-08-30,00,Deutschland,Kinder,PICU,147,431,257,158,191,74,21,26,26,2,1,45,9
2023-08-31,00,Deutschland,Erwachsene,ERWACHSENE,1115,13887,2731,6809,2589,550,199,239,127,9,1,381,109
2023-08-31,00,Deutschland,Kinder,NICU,184,1179,593,166,470,99,36,21,28,6,2,49,15
2023-08-31,00,Deutschland,Kinder,PICU,148,443,250,159,189,74,22,25,27,2,1,45,10
2023-09-01,00,Deutschland,Erwachsene,ERWACHSENE,1115,13816,2730,6843,2563,540,208,236,131,9,1,387,101
2023-09-01,00,Deutschland,Kinder,NICU,181,1155,569,160,463,97,34,22,28,6,2,49,15
2023-09-01,00,Deutschland,Kinder,PICU,146,415,267,156,190,73,19,27,27,2,1,45,12
2023-09-02,00,Deutschland,Erwachsene,ERWACHSENE,1117,13684,2724,6841,2538,532,204,252,129,10,2,399,104
2023-09-02,00,Deutschland,Kinder,NICU,182,1188,554,164,448,96,33,24,29,6,3,51,15
2023-09-02,00,Deutschland,Kinder,PICU,147,420,265,155,188,71,23,26,27,2,1,48,12
2023-09-03,00,Deutschland,Erwachsene,ERWACHSENE,1117,13646,2858,6879,2640,539,198,249,131,11,1,392,99
2023-09-03,00,Deutschland,Kinder,NICU,180,1185,529,161,441,91,35,26,28,6,3,54,18
2023-09-03,00,Deutschland,Kinder,PICU,145,388,283,156,194,71,22,26,26,2,1,46,11
2023-09-04,00,Deutschland,Erwachsene,ERWACHSENE,1116,13681,2883,6896,2670,532,211,241,132,9,1,386,109
2023-09-04,00,Deutschland,Kinder,NICU,180,1182,530,160,429,92,34,26,28,6,3,54,16
2023-09-04,00,Deutschland,Kinder,PICU,145,401,269,160,189,69,22,28,26,1,1,48,13
2023-09-05,00,Deutschland,Erwachsene,ERWACHSENE,1114,13787,2813,6838,2648,537,205,239,133,9,1,373,116
2023-09-05,00,Deutschland,Kinder,NICU,181,1192,532,160,443,92,35,25,29,5,3,53,16
2023-09-05,00,Deutschland,Kinder,PICU,146,422,245,158,175,69,23,27,27,1,1,47,13
2023-09-06,00,Deutschland,Erwachsene,ERWACHSENE,1113,13950,2711,6776,2567,542,203,232,136,7,1,363,107
2023-09-06,00,Deutschland,Kinder,NICU,181,1219,514,161,414,95,33,24,29,5,3,50,16
2023-09-06,00,Deutschland,Kinder,PICU,146,420,245,157,170,69,23,27,27,1,1,47,14
2023-09-07,00,Deutschland,Erwachsene,ERWACHSENE,1109,14005,2645,6745,2529,534,208,233,134,7,1,375,112
2023-09-07,00,Deutschland,Kinder,NICU,181,1210,521,161,421,96,31,25,29,5,3,50,17
2023-09-07,00,Deutschland,Kinder,PICU,145,425,246,153,169,69,22,27,27,1,1,46,15
2023-09-08,00,Deutschland,Erwachsene,ERWACHSENE,1103,14001,2598,6679,2466,535,204,232,132,6,1,374,113
2023-09-08,00,Deutschland,Kinder,NICU,181,1207,532,162,418,96,29,28,28,7,3,51,19
2023-09-08,00,Deutschland,Kinder,PICU,144,411,237,150,167,68,21,28,27,1,1,46,14
2023-09-09,00,Deutschland,Erwachsene,ERWACHSENE,1104,13901,2607,6700,2414,515,209,249,131,7,1,388,127
2023-09-09,00,Deutschland,Kinder,NICU,181,1198,543,173,428,94,32,27,28,5,3,53,15
2023-09-09,00,Deutschland,Kinder,PICU,144,405,241,153,169,67,22,28,27,1,1,47,14
2023-09-10,00,Deutschland,Erwachsene,ERWACHSENE,1099,13643,2705,6637,2505,518,204,246,131,6,1,385,115
2023-09-10,00,Deutschland,Kinder,NICU,181,1203,535,175,434,94,30,29,28,4,3,53,14
2023-09-10,00,Deutschland,Kinder,PICU,144,395,250,154,183,66,23,28,27,1,1,48,14
2023-09-11,00,Deutschland,Erwachsene,ERWACHSENE,1105,13772,2747,6676,2547,521,212,241,131,7,1,392,112
2023-09-11,00,Deutschland,Kinder,NICU,181,1184,556,173,435,91,33,29,28,5,3,57,17
2023-09-11,00,Deutschland,Kinder,PICU,144,392,255,153,179,64,26,27,27,2,1,50,15
2023-09-12,00,Deutschland,Erwachsene,ERWACHSENE,1108,13997,2584,6618,2460,511,220,243,134,8,1,395,117
2023-09-12,00,Deutschland,Kinder,NICU,182,1198,559,173,427,93,33,28,28,5,3,56,16
2023-09-12,00,Deutschland,Kinder,PICU,143,418,222,152,165,64,26,26,27,2,1,50,14
2023-09-13,00,Deutschland,Erwachsene,ERWACHSENE,1112,14150,2484,6630,2380,527,206,246,133,9,1,394,109
2023-09-13,00,Deutschland,Kinder,NICU,182,1192,559,170,429,93,33,28,28,6,3,56,14
2023-09-13,00,Deutschland,Kinder,PICU,143,418,226,153,158,66,24,26,27,2,1,49,13
2023-09-14,00,Deutschland,Erwachsene,ERWACHSENE,1113,14139,2555,6676,2463,519,212,249,133,8,1,394,115
2023-09-14,00,Deutschland,Kinder,NICU,182,1171,576,170,447,93,35,26,28,4,3,56,15
2023-09-14,00,Deutschland,Kinder,PICU,144,408,237,154,168,65,24,28,27,2,1,51,13
2023-09-15,00,Deutschland,Erwachsene,ERWACHSENE,1111,13904,2551,6652,2455,505,214,261,131,9,1,403,120
2023-09-15,00,Deutschland,Kinder,NICU,181,1182,558,170,449,93,34,26,28,4,3,55,13
2023-09-15,00,Deutschland,Kinder,PICU,144,409,230,153,161,65,27,25,27,1,1,51,12
2023-09-16,00,Deutschland,Erwachsene,ERWACHSENE,1112,13680,2659,6667,2487,495,225,261,131,9,1,422,116
2023-09-16,00,Deutschland,Kinder,NICU,182,1180,565,171,449,93,35,26,28,4,3,56,14
2023-09-16,00,Deutschland,Kinder,PICU,145,416,225,156,159,63,28,27,27,1,1,53,14
2023-09-17,00,Deutschland,Erwachsene,ERWACHSENE,1111,13596,2657,6672,2507,488,225,264,134,11,1,421,122
2023-09-17,00,Deutschland,Kinder,NICU,181,1156,574,171,450,93,36,25,27,4,3,55,15
2023-09-17,00,Deutschland,Kinder,PICU,144,401,240,154,172,64,27,27,26,1,1,52,15
2023-09-18,00,Deutschland,Erwachsene,ERWACHSENE,1106,13694,2646,6650,2540,499,218,259,130,10,2,409,121
2023-09-18,00,Deutschland,Kinder,NICU,181,1184,559,170,446,94,35,25,27,4,3,54,15
2023-09-18,00,Deutschland,Kinder,PICU,144,393,251,150,178,64,25,29,26,1,1,52,14
2023-09-19,00,Deutschland,Erwachsene,ERWACHSENE,1107,13845,2596,6645,2475,497,221,258,131,12,1,409,128
2023-09-19,00,Deutschland,Kinder,NICU,180,1202,541,165,439,90,39,22,29,4,2,55,16
2023-09-19,00,Deutschland,Kinder,PICU,143,409,233,145,172,62,26,28,27,1,1,53,15
2023-09-20,00,Deutschland,Erwachsene,ERWACHSENE,1103,13846,2546,6675,2436,497,222,253,131,12,1,406,119
2023-09-20,00,Deutschland,Kinder,NICU,180,1208,532,167,435,91,34,26,29,5,2,54,14
2023-09-20,00,Deutschland,Kinder,PICU,143,399,243,142,176,59,30,28,26,1,1,55,16
2023-09-21,00,Deutschland,Erwachsene,ERWACHSENE,1101,13786,2665,6722,2548,509,224,239,129,11,1,394,116
2023-09-21,00,Deutschland,Kinder,NICU,181,1199,544,177,449,91,35,26,29,5,2,55,14
2023-09-21,00,Deutschland,Kinder,PICU,145,424,247,147,171,59,30,30,26,1,1,57,14
2023-09-22,00,Deutschland,Erwachsene,ERWACHSENE,1097,13806,2547,6719,2453,501,223,244,129,10,1,401,119
2023-09-22,00,Deutschland,Kinder,NICU,181,1187,549,176,449,90,38,25,28,6,2,58,14
2023-09-22,00,Deutschland,Kinder,PICU,145,426,240,149,163,60,30,29,26,2,1,57,14
2023-09-23,00,Deutschland,Erwachsene,ERWACHSENE,1101,13693,2560,6747,2396,491,226,252,132,7,1,416,114
2023-09-23,00,Deutschland,Kinder,NICU,181,1196,534,179,446,90,39,24,28,8,2,57,16
2023-09-23,00,Deutschland,Kinder,PICU,145,425,236,152,168,60,30,29,26,2,1,57,13
2023-09-24,00,Deutschland,Erwachsene,ERWACHSENE,1105,13541,2720,6744,2514,487,232,254,132,8,2,422,112
2023-09-24,00,Deutschland,Kinder,NICU,182,1233,522,176,431,91,39,23,29,7,2,56,15
2023-09-24,00,Deutschland,Kinder,PICU,145,421,237,154,165,59,32,28,26,2,1,56,16
2023-09-25,00,Deutschland,Erwachsene,ERWACHSENE,1111,13627,2823,6753,2656,508,228,245,130,8,1,407,123
2023-09-25,00,Deutschland,Kinder,NICU,182,1253,510,175,420,93,37,23,29,8,2,52,17
2023-09-25,00,Deutschland,Kinder,PICU,146,427,250,151,176,60,33,27,26,2,1,56,17
2023-09-26,00,Deutschland,Erwachsene,ERWACHSENE,1109,13877,2664,6725,2558,521,216,244,128,9,1,394,123
2023-09-26,00,Deutschland,Kinder,NICU,182,1237,528,176,422,93,36,23,30,9,2,52,16
2023-09-26,00,Deutschland,Kinder,PICU,146,434,247,155,174,60,31,29,26,2,1,57,16
2023-09-27,00,Deutschland,Erwachsene,ERWACHSENE,1107,13906,2544,6661,2459,528,211,242,126,9,1,387,122
2023-09-27,00,Deutschland,Kinder,NICU,182,1236,525,178,422,92,35,24,31,8,3,52,16
2023-09-27,00,Deutschland,Kinder,PICU,146,441,236,155,167,61,30,28,27,2,1,56,14
2023-09-28,00,Deutschland,Erwachsene,ERWACHSENE,1103,13829,2509,6587,2394,524,217,235,127,8,2,388,113
2023-09-28,00,Deutschland,Kinder,NICU,182,1241,525,174,420,92,35,24,31,10,3,52,16
2023-09-28,00,Deutschland,Kinder,PICU,146,440,235,151,167,61,31,27,27,3,1,56,15
2023-09-29,00,Deutschland,Erwachsene,ERWACHSENE,1103,14112,2337,6629,2227,502,222,251,128,8,1,407,128
2023-09-29,00,Deutschland,Kinder,NICU,181,1229,516,176,416,92,34,24,31,7,3,52,15
2023-09-29,00,Deutschland,Kinder,PICU,145,456,211,156,157,60,32,26,27,2,1,54,16
2023-09-30,00,Deutschland,Erwachsene,ERWACHSENE,1099,13861,2468,6617,2313,500,217,253,129,9,1,410,116
2023-09-30,00,Deutschland,Kinder,NICU,181,1220,532,176,416,92,35,23,31,7,3,52,15
2023-09-30,00,Deutschland,Kinder,PICU,145,433,227,157,159,60,32,26,27,1,1,54,16
2023-10-01,00,Deutschland,Erwachsene,ERWACHSENE,1096,13577,2657,6600,2466,502,219,244,131,8,1,400,116
2023-10-01,00,Deutschland,Kinder,NICU,180,1175,542,175,416,91,35,23,31,6,3,52,16
2023-10-01,00,Deutschland,Kinder,PICU,144,429,225,155,162,63,30,23,28,1,1,52,13
2023-10-02,00,Deutschland,Erwachsene,ERWACHSENE,1094,13509,2739,6579,2543,509,218,236,131,7,1,392,111
2023-10-02,00,Deutschland,Kinder,NICU,180,1190,519,177,410,91,37,21,31,7,3,51,14
2023-10-02,00,Deutschland,Kinder,PICU,144,417,238,155,171,64,29,23,28,1,1,51,11
2023-10-03,00,Deutschland,Erwachsene,ERWACHSENE,1091,13477,2788,6491,2551,504,218,238,131,8,1,393,114
2023-10-03,00,Deutschland,Kinder,NICU,178,1180,520,173,406,91,35,21,31,6,3,49,15
2023-10-03,00,Deutschland,Kinder,PICU,143,408,247,155,178,66,26,23,28,1,1,47,11
2023-10-04,00,Deutschland,Erwachsene,ERWACHSENE,1094,13407,2938,6559,2676,515,213,239,127,9,1,389,114
2023-10-04,00,Deutschland,Kinder,NICU,181,1192,538,175,419,94,37,20,30,7,3,51,15
2023-10-04,00,Deutschland,Kinder,PICU,145,411,264,157,190,66,29,22,28,1,1,49,12
2023-10-05,00,Deutschland,Erwachsene,ERWACHSENE,1095,13723,2673,6554,2508,501,223,242,129,7,1,400,115
2023-10-05,00,Deutschland,Kinder,NICU,180,1172,549,176,437,91,38,20,31,7,2,52,14
2023-10-05,00,Deutschland,Kinder,PICU,144,421,254,160,187,64,28,24,28,1,1,50,12
2023-10-06,00,Deutschland,Erwachsene,ERWACHSENE,1087,13691,2520,6547,2376,489,225,244,129,7,1,398,122
2023-10-06,00,Deutschland,Kinder,NICU,180,1175,541,176,412,90,38,22,30,7,2,53,16
2023-10-06,00,Deutschland,Kinder,PICU,142,413,242,151,175,65,25,24,28,1,1,48,13
2023-10-07,00,Deutschland,Erwachsene,ERWACHSENE,1092,13646,2559,6591,2397,491,229,243,129,6,2,408,114
2023-10-07,00,Deutschland,Kinder,NICU,180,1166,548,177,415,90,37,23,30,7,2,53,15
2023-10-07,00,Deutschland,Kinder,PICU,142,408,237,152,172,64,26,25,27,1,1,49,13
2023-10-08,00,Deutschland,Erwachsene,ERWACHSENE,1092,13452,2709,6628,2493,488,237,240,127,7,2,413,115
2023-10-08,00,Deutschland,Kinder,NICU,180,1162,554,176,413,89,39,22,30,8,2,53,16
2023-10-08,00,Deutschland,Kinder,PICU,143,413,244,154,177,64,25,27,27,1,1,49,14
2023-10-09,00,Deutschland,Erwachsene,ERWACHSENE,1096,13690,2638,6608,2478,494,229,243,130,7,2,408,113
2023-10-09,00,Deutschland,Kinder,NICU,180,1161,557,178,421,89,39,22,30,8,2,52,16
2023-10-09,00,Deutschland,Kinder,PICU,143,409,251,154,174,67,25,24,27,1,1,47,14
2023-10-10,00,Deutschland,Erwachsene,ERWACHSENE,1100,14012,2442,6563,2342,498,228,244,130,6,2,406,117
2023-10-10,00,Deutschland,Kinder,NICU,180,1146,572,179,431,92,37,21,30,5,2,52,17
2023-10-10,00,Deutschland,Kinder,PICU,143,419,238,154,164,68,28,20,27,1,1,46,13
2023-10-11,00,Deutschland,Erwachsene,ERWACHSENE,1100,14042,2388,6612,2308,504,226,240,130,6,1,400,117
2023-10-11,00,Deutschland,Kinder,NICU,180,1149,560,176,434,94,34,22,30,5,2,50,16
2023-10-11,00,Deutschland,Kinder,PICU,144,444,225,155,161,67,30,20,27,1,1,45,15
2023-10-12,00,Deutschland,Erwachsene,ERWACHSENE,1098,14031,2390,6585,2278,501,226,244,127,6,2,409,117
2023-10-12,00,Deutschland,Kinder,NICU,179,1130,572,179,433,93,35,22,29,5,2,51,16
2023-10-12,00,Deutschland,Kinder,PICU,144,439,231,155,161,64,30,22,28,1,1,47,16
2023-10-13,00,Deutschland,Erwachsene,ERWACHSENE,1100,14080,2347,6597,2262,492,229,251,128,6,1,416,126
2023-10-13,00,Deutschland,Kinder,NICU,179,1127,573,178,447,91,38,21,29,5,2,52,17
2023-10-13,00,Deutschland,Kinder,PICU,143,429,213,148,148,63,29,24,27,2,1,49,14
2023-10-14,00,Deutschland,Erwachsene,ERWACHSENE,1097,13912,2426,6604,2266,485,223,262,127,6,1,424,117
2023-10-14,00,Deutschland,Kinder,NICU,179,1148,561,180,431,92,36,22,29,4,2,51,16
2023-10-14,00,Deutschland,Kinder,PICU,144,411,234,151,156,65,30,21,28,2,1,48,13
2023-10-15,00,Deutschland,Erwachsene,ERWACHSENE,1095,13687,2573,6631,2364,492,222,255,126,6,1,415,113
2023-10-15,00,Deutschland,Kinder,NICU,180,1166,547,180,419,90,39,22,29,5,2,54,17
2023-10-15,00,Deutschland,Kinder,PICU,143,395,239,150,162,63,32,19,29,2,1,47,14
2023-10-16,00,Deutschland,Erwachsene,ERWACHSENE,1100,13866,2571,6645,2428,502,224,246,128,7,1,408,118
2023-10-16,00,Deutschland,Kinder,NICU,179,1149,555,182,427,89,40,21,29,4,2,54,15
2023-10-16,00,Deutschland,Kinder,PICU,143,384,249,150,172,63,30,21,29,2,1,47,15
2023-10-17,00,Deutschland,Erwachsene,ERWACHSENE,1099,14077,2429,6611,2286,496,230,245,128,6,1,414,117
2023-10-17,00,Deutschland,Kinder,NICU,179,1155,549,175,431,89,42,19,29,3,2,53,14
2023-10-17,00,Deutschland,Kinder,PICU,143,402,240,153,155,62,28,24,29,2,1,48,16
2023-10-18,00,Deutschland,Erwachsene,ERWACHSENE,1098,14148,2356,6560,2282,490,227,251,130,5,1,410,118
2023-10-18,00,Deutschland,Kinder,NICU,179,1157,562,174,441,92,39,19,29,3,2,50,16
2023-10-18,00,Deutschland,Kinder,PICU,144,419,235,156,152,67,27,21,29,2,1,47,13
2023-10-19,00,Deutschland,Erwachsene,ERWACHSENE,1100,14183,2330,6616,2219,496,214,261,129,7,1,413,113
2023-10-19,00,Deutschland,Kinder,NICU,179,1145,577,175,454,95,38,17,29,3,2,48,14
2023-10-19,00,Deutschland,Kinder,PICU,143,420,237,154,153,70,24,21,28,2,1,43,14
2023-10-20,00,Deutschland,Erwachsene,ERWACHSENE,1094,14140,2263,6577,2177,485,207,273,129,6,1,410,128
2023-10-20,00,Deutschland,Kinder,NICU,180,1166,566,177,440,96,37,17,30,3,2,47,15
2023-10-20,00,Deutschland,Kinder,PICU,143,428,222,149,148,69,25,21,28,2,1,44,14
2023-10-21,00,Deutschland,Erwachsene,ERWACHSENE,1092,14030,2276,6537,2179,473,221,268,130,8,1,421,123
2023-10-21,00,Deutschland,Kinder,NICU,181,1157,579,177,448,94,37,19,31,4,2,47,16
2023-10-21,00,Deutschland,Kinder,PICU,144,421,233,148,164,70,25,21,28,2,1,44,14
2023-10-22,00,Deutschland,Erwachsene,ERWACHSENE,1087,13772,2389,6499,2251,465,219,274,129,8,1,420,123
2023-10-22,00,Deutschland,Kinder,NICU,181,1155,579,177,436,95,36,19,31,4,2,46,16
2023-10-22,00,Deutschland,Kinder,PICU,145,420,248,151,178,68,23,25,29,2,1,45,15
2023-10-23,00,Deutschland,Erwachsene,ERWACHSENE,1093,13929,2371,6515,2217,469,218,281,125,8,1,423,123
2023-10-23,00,Deutschland,Kinder,NICU,181,1149,583,173,449,98,35,17,31,4,2,43,15
2023-10-23,00,Deutschland,Kinder,PICU,146,427,242,151,173,70,25,22,29,2,1,45,14
2023-10-24,00,Deutschland,Erwachsene,ERWACHSENE,1097,14185,2221,6547,2112,459,227,289,122,8,1,436,132
2023-10-24,00,Deutschland,Kinder,NICU,180,1121,587,174,449,95,37,16,32,4,2,45,14
2023-10-24,00,Deutschland,Kinder,PICU,146,431,238,153,166,68,26,22,30,1,1,45,13
2023-10-25,00,Deutschland,Erwachsene,ERWACHSENE,1097,14183,2218,6528,2122,450,242,282,123,8,1,442,136
2023-10-25,00,Deutschland,Kinder,NICU,179,1099,597,173,453,95,34,18,32,4,2,44,14
2023-10-25,00,Deutschland,Kinder,PICU,146,440,229,156,165,69,25,22,30,1,1,45,13
2023-10-26,00,Deutschland,Erwachsene,ERWACHSENE,1094,14197,2200,6508,2122,459,224,288,123,9,1,435,131
2023-10-26,00,Deutschland,Kinder,NICU,178,1097,587,167,449,95,33,18,32,4,2,43,13
2023-10-26,00,Deutschland,Kinder,PICU,145,442,217,156,165,67,25,23,30,1,1,46,12
2023-10-27,00,Deutschland,Erwachsene,ERWACHSENE,1094,14193,2130,6517,2047,452,221,297,124,9,1,441,137
2023-10-27,00,Deutschland,Kinder,NICU,179,1113,577,175,436,98,32,18,31,4,2,42,13
2023-10-27,00,Deutschland,Kinder,PICU,143,409,218,152,154,67,26,22,28,1,1,46,12
2023-10-28,00,Deutschland,Erwachsene,ERWACHSENE,1095,14036,2217,6573,2101,452,235,287,121,9,1,444,137
2023-10-28,00,Deutschland,Kinder,NICU,179,1124,566,172,433,98,34,17,30,4,2,43,12
2023-10-28,00,Deutschland,Kinder,PICU,143,411,220,151,156,70,26,20,27,1,1,46,10
2023-10-29,00,Deutschland,Erwachsene,ERWACHSENE,1092,13805,2314,6584,2163,457,219,296,120,8,1,442,136
2023-10-29,00,Deutschland,Kinder,NICU,179,1111,577,167,439,96,34,18,31,3,2,45,11
2023-10-29,00,Deutschland,Kinder,PICU,143,396,233,152,159,70,24,22,27,1,1,43,11
2023-10-30,00,Deutschland,Erwachsene,ERWACHSENE,1097,13941,2327,6581,2210,463,222,287,125,10,2,439,134
2023-10-30,00,Deutschland,Kinder,NICU,179,1108,586,167,435,95,34,19,31,2,3,45,12
2023-10-30,00,Deutschland,Kinder,PICU,144,416,232,157,165,71,24,21,28,1,1,42,14
2023-10-31,00,Deutschland,Erwachsene,ERWACHSENE,1095,14144,2173,6561,2052,455,227,286,127,12,3,447,135
2023-10-31,00,Deutschland,Kinder,NICU,181,1124,586,172,450,95,35,18,33,2,3,45,11
2023-10-31,00,Deutschland,Kinder,PICU,145,424,230,158,162,69,25,22,29,1,1,45,15
2023-11-01,00,Deutschland,Erwachsene,ERWACHSENE,1098,14106,2244,6557,2092,451,222,298,127,10,2,448,137
2023-11-01,00,Deutschland,Kinder,NICU,181,1126,587,176,458,95,35,18,33,2,3,45,11
2023-11-01,00,Deutschland,Kinder,PICU,145,417,241,158,173,70,23,23,29,1,1,43,15
2023-11-02,00,Deutschland,Erwachsene,ERWACHSENE,1098,14126,2208,6540,2116,442,231,300,125,11,4,456,143
2023-11-02,00,Deutschland,Kinder,NICU,181,1147,560,175,434,94,33,21,33,2,3,45,13
2023-11-02,00,Deutschland,Kinder,PICU,146,419,242,158,169,69,25,23,29,1,1,46,14
2023-11-03,00,Deutschland,Erwachsene,ERWACHSENE,1098,14207,2098,6549,1972,444,219,310,125,11,4,453,145
2023-11-03,00,Deutschland,Kinder,NICU,181,1150,566,175,427,92,35,21,33,3,3,46,14
2023-11-03,00,Deutschland,Kinder,PICU,146,422,241,158,173,70,24,23,29,2,1,45,14
2023-11-04,00,Deutschland,Erwachsene,ERWACHSENE,1094,14059,2139,6523,1984,439,231,301,123,11,3,462,135
2023-11-04,00,Deutschland,Kinder,NICU,181,1170,545,178,408,94,34,19,34,4,3,45,12
2023-11-04,00,Deutschland,Kinder,PICU,146,409,252,158,177,70,24,24,28,2,1,46,12
2023-11-05,00,Deutschland,Erwachsene,ERWACHSENE,1091,13847,2231,6513,2064,434,227,306,124,12,3,457,138
2023-11-05,00,Deutschland,Kinder,NICU,181,1166,545,181,406,92,36,19,34,4,3,48,12
2023-11-05,00,Deutschland,Kinder,PICU,146,404,255,158,185,71,23,24,28,2,1,45,12
2023-11-06,00,Deutschland,Erwachsene,ERWACHSENE,1095,13893,2297,6525,2169,448,225,295,127,10,3,440,144
2023-11-06,00,Deutschland,Kinder,NICU,181,1172,541,183,394,93,37,17,34,4,3,48,14
2023-11-06,00,Deutschland,Kinder,PICU,146,403,259,158,186,70,26,22,28,2,1,46,13
2023-11-07,00,Deutschland,Erwachsene,ERWACHSENE,1095,14242,2138,6511,2053,449,230,291,125,11,2,437,147
2023-11-07,00,Deutschland,Kinder,NICU,181,1164,555,176,415,93,36,17,35,4,3,47,14
2023-11-07,00,Deutschland,Kinder,PICU,146,416,249,160,178,69,27,21,29,2,1,45,13
2023-11-08,00,Deutschland,Erwachsene,ERWACHSENE,1097,14385,2054,6619,2006,448,232,290,127,12,2,441,145
2023-11-08,00,Deutschland,Kinder,NICU,181,1182,530,175,412,94,35,17,35,4,3,45,13
2023-11-08,00,Deutschland,Kinder,PICU,146,426,238,160,176,69,28,20,29,2,1,44,13
2023-11-09,00,Deutschland,Erwachsene,ERWACHSENE,1096,14296,2083,6610,1999,444,235,294,123,11,2,451,141
2023-11-09,00,Deutschland,Kinder,NICU,180,1168,538,178,408,91,35,19,35,5,3,46,15
2023-11-09,00,Deutschland,Kinder,PICU,144,413,248,159,178,67,25,23,29,2,1,44,13
2023-11-10,00,Deutschland,Erwachsene,ERWACHSENE,1096,14390,2020,6634,1929,448,222,304,122,12,2,447,132
2023-11-10,00,Deutschland,Kinder,NICU,179,1130,548,176,426,90,35,19,35,4,3,46,13
2023-11-10,00,Deutschland,Kinder,PICU,144,420,241,161,180,68,24,22,30,3,1,43,12
2023-11-11,00,Deutschland,Erwachsene,ERWACHSENE,1100,14228,2153,6686,1983,451,231,296,122,11,2,443,140
2023-11-11,00,Deutschland,Kinder,NICU,180,1142,566,175,438,93,34,18,35,2,3,45,11
2023-11-11,00,Deutschland,Kinder,PICU,144,409,252,159,187,70,24,20,30,3,1,41,11
2023-11-12,00,Deutschland,Erwachsene,ERWACHSENE,1095,13955,2299,6656,2069,440,240,294,121,12,2,451,141
2023-11-12,00,Deutschland,Kinder,NICU,181,1158,559,176,424,95,34,17,35,5,2,45,12
2023-11-12,00,Deutschland,Kinder,PICU,145,404,261,160,186,74,22,19,30,3,1,38,9
2023-11-13,00,Deutschland,Erwachsene,ERWACHSENE,1092,13940,2347,6679,2087,454,235,283,120,11,2,437,135
2023-11-13,00,Deutschland,Kinder,NICU,181,1141,577,178,447,96,32,19,34,6,2,47,11
2023-11-13,00,Deutschland,Kinder,PICU,144,394,248,158,185,74,22,19,29,4,1,38,8
2023-11-14,00,Deutschland,Erwachsene,ERWACHSENE,1093,14221,2130,6665,1989,443,240,290,120,9,2,434,147
2023-11-14,00,Deutschland,Kinder,NICU,180,1158,565,177,452,98,29,18,35,3,2,42,12
2023-11-14,00,Deutschland,Kinder,PICU,144,407,243,155,169,73,22,19,30,2,1,36,10
2023-11-15,00,Deutschland,Erwachsene,ERWACHSENE,1091,14271,2025,6563,1889,437,237,294,123,9,1,436,154
2023-11-15,00,Deutschland,Kinder,NICU,180,1175,548,178,447,100,28,17,35,3,2,41,10
2023-11-15,00,Deutschland,Kinder,PICU,144,417,226,153,166,73,21,20,30,2,1,36,11
2023-11-16,00,Deutschland,Erwachsene,ERWACHSENE,1095,14372,1974,6580,1893,431,240,303,121,10,1,450,157
2023-11-16,00,Deutschland,Kinder,NICU,180,1179,543,177,434,98,30,18,34,3,2,43,10
2023-11-16,00,Deutschland,Kinder,PICU,144,421,227,154,165,74,21,19,30,2,1,35,10
2023-11-17,00,Deutschland,Erwachsene,ERWACHSENE,1092,14315,1954,6536,1892,428,240,301,123,12,1,455,153
2023-11-17,00,Deutschland,Kinder,NICU,179,1168,547,175,443,96,31,18,34,3,2,44,12
2023-11-17,00,Deutschland,Kinder,PICU,144,416,235,155,169,71,20,23,30,2,1,37,11
2023-11-18,00,Deutschland,Erwachsene,ERWACHSENE,1088,14040,2092,6544,1911,424,236,303,125,10,1,452,149
2023-11-18,00,Deutschland,Kinder,NICU,178,1131,565,179,446,93,35,17,33,3,2,47,12
2023-11-18,00,Deutschland,Kinder,PICU,143,410,232,156,166,69,22,22,30,2,1,39,10
2023-11-19,00,Deutschland,Erwachsene,ERWACHSENE,1085,13827,2212,6522,1997,423,234,302,126,9,1,456,144
2023-11-19,00,Deutschland,Kinder,NICU,178,1121,575,180,450,94,34,17,33,3,2,46,12
2023-11-19,00,Deutschland,Kinder,PICU,143,396,247,154,177,70,21,22,30,2,1,38,12
2023-11-20,00,Deutschland,Erwachsene,ERWACHSENE,1089,14004,2233,6547,2082,424,239,296,130,9,1,445,156
2023-11-20,00,Deutschland,Kinder,NICU,180,1144,578,175,460,94,37,16,33,3,2,46,12
2023-11-20,00,Deutschland,Kinder,PICU,145,407,247,150,183,74,17,24,30,2,1,35,13
2023-11-21,00,Deutschland,Erwachsene,ERWACHSENE,1090,14233,2041,6462,1972,418,225,313,134,10,1,446,165
2023-11-21,00,Deutschland,Kinder,NICU,180,1155,567,174,449,97,34,16,33,3,2,44,12
2023-11-21,00,Deutschland,Kinder,PICU,146,437,231,151,179,73,18,24,31,2,1,37,13
2023-11-22,00,Deutschland,Erwachsene,ERWACHSENE,1087,14234,2052,6474,1964,424,224,306,133,11,1,443,164
2023-11-22,00,Deutschland,Kinder,NICU,179,1173,540,173,432,96,32,18,33,3,2,46,13
2023-11-22,00,Deutschland,Kinder,PICU,145,449,218,151,158,71,20,24,30,2,1,40,12
2023-11-23,00,Deutschland,Erwachsene,ERWACHSENE,1084,14085,2102,6485,1990,418,224,304,138,11,2,440,156
2023-11-23,00,Deutschland,Kinder,NICU,177,1159,541,168,446,94,32,18,33,4,2,45,15
2023-11-23,00,Deutschland,Kinder,PICU,144,438,218,148,159,67,23,23,31,2,1,42,14
2023-11-24,00,Deutschland,Erwachsene,ERWACHSENE,1082,14037,2068,6457,1985,406,226,311,138,11,2,448,160
2023-11-24,00,Deutschland,Kinder,NICU,178,1164,532,171,431,93,32,20,33,4,2,47,13
2023-11-24,00,Deutschland,Kinder,PICU,144,447,212,146,153,70,19,24,31,2,1,38,14
2023-11-25,00,Deutschland,Erwachsene,ERWACHSENE,1086,13938,2140,6468,1965,413,222,312,138,11,2,450,161
2023-11-25,00,Deutschland,Kinder,NICU,179,1163,535,174,430,92,35,19,33,4,2,48,14
2023-11-25,00,Deutschland,Kinder,PICU,145,454,208,146,146,69,19,26,31,2,1,39,15
2023-11-26,00,Deutschland,Erwachsene,ERWACHSENE,1087,13785,2260,6473,2030,414,224,304,144,9,2,446,156
2023-11-26,00,Deutschland,Kinder,NICU,179,1156,543,173,436,92,35,18,34,4,2,47,15
2023-11-26,00,Deutschland,Kinder,PICU,144,446,210,147,149,67,18,28,31,2,1,40,17
2023-11-27,00,Deutschland,Erwachsene,ERWACHSENE,1086,13827,2298,6453,2087,426,224,292,143,8,3,439,155
2023-11-27,00,Deutschland,Kinder,NICU,180,1164,536,180,433,94,32,19,35,4,2,48,15
2023-11-27,00,Deutschland,Kinder,PICU,144,451,211,145,146,64,20,29,31,2,1,43,19
2023-11-28,00,Deutschland,Erwachsene,ERWACHSENE,1089,14167,2060,6417,1937,421,221,306,140,7,3,440,169
2023-11-28,00,Deutschland,Kinder,NICU,180,1153,549,185,435,95,32,19,34,4,2,48,15
2023-11-28,00,Deutschland,Kinder,PICU,145,459,211,145,148,65,20,30,30,3,1,45,19
2023-11-29,00,Deutschland,Erwachsene,ERWACHSENE,1091,14234,2065,6417,1920,422,214,315,138,9,3,438,168
2023-11-29,00,Deutschland,Kinder,NICU,181,1151,565,186,436,96,32,19,34,4,2,47,15
2023-11-29,00,Deutschland,Kinder,PICU,146,457,213,149,143,63,23,30,30,3,2,45,20
2023-11-30,00,Deutschland,Erwachsene,ERWACHSENE,1093,14284,2018,6477,1923,408,225,318,141,10,3,451,163
2023-11-30,00,Deutschland,Kinder,NICU,180,1156,549,186,435,96,34,17,33,4,2,47,13
2023-11-30,00,Deutschland,Kinder,PICU,145,455,219,147,149,64,25,27,29,3,2,46,18
2023-12-01,00,Deutschland,Erwachsene,ERWACHSENE,1091,14246,1887,6449,1833,400,214,336,140,10,4,458,169
2023-12-01,00,Deutschland,Kinder,NICU,180,1176,526,187,418,97,33,17,33,3,2,47,13
2023-12-01,00,Deutschland,Kinder,PICU,145,452,229,147,161,66,22,27,30,3,2,45,16
2023-12-02,00,Deutschland,Erwachsene,ERWACHSENE,1092,14083,1969,6440,1840,395,221,335,140,12,4,468,170
2023-12-02,00,Deutschland,Kinder,NICU,181,1163,547,187,427,96,34,16,35,2,2,46,12
2023-12-02,00,Deutschland,Kinder,PICU,146,460,228,147,162,65,24,26,31,3,2,46,17
2023-12-03,00,Deutschland,Erwachsene,ERWACHSENE,1093,13884,2108,6505,1942,397,226,326,143,11,5,465,166
2023-12-03,00,Deutschland,Kinder,NICU,180,1165,540,180,419,94,34,18,34,2,2,49,13
2023-12-03,00,Deutschland,Kinder,PICU,145,449,225,149,159,64,24,26,31,3,2,46,17
2023-12-04,00,Deutschland,Erwachsene,ERWACHSENE,1096,13861,2046,6517,1932,395,233,323,144,10,3,467,169
2023-12-04,00,Deutschland,Kinder,NICU,179,1164,532,177,411,92,33,20,34,2,2,50,11
2023-12-04,00,Deutschland,Kinder,PICU,144,420,222,156,140,63,22,28,31,2,2,45,16
2023-12-05,00,Deutschland,Erwachsene,ERWACHSENE,1088,14080,1843,6465,1791,381,222,339,145,8,3,475,171
2023-12-05,00,Deutschland,Kinder,NICU,179,1151,552,176,412,91,34,19,35,4,2,49,10
2023-12-05,00,Deutschland,Kinder,PICU,144,430,216,153,142,61,23,29,31,2,2,48,15
2023-12-06,00,Deutschland,Erwachsene,ERWACHSENE,1093,14300,1827,6444,1722,384,227,335,146,8,3,480,169
2023-12-06,00,Deutschland,Kinder,NICU,177,1159,521,173,399,88,37,18,34,4,2,51,11
2023-12-06,00,Deutschland,Kinder,PICU,143,452,203,146,139,60,23,29,31,3,1,46,14
2023-12-07,00,Deutschland,Erwachsene,ERWACHSENE,1092,14309,1777,6483,1661,380,221,345,145,8,2,484,166
2023-12-07,00,Deutschland,Kinder,NICU,177,1189,493,170,394,90,35,20,32,5,2,50,12
2023-12-07,00,Deutschland,Kinder,PICU,144,454,212,148,146,57,25,31,31,3,1,48,17
2023-12-08,00,Deutschland,Erwachsene,ERWACHSENE,1092,14294,1746,6537,1647,374,221,358,138,8,2,499,161
2023-12-08,00,Deutschland,Kinder,NICU,178,1206,489,169,404,91,33,22,32,5,3,49,15
2023-12-08,00,Deutschland,Kinder,PICU,145,467,205,152,147,58,22,34,31,4,2,50,19
2023-12-09,00,Deutschland,Erwachsene,ERWACHSENE,1092,14073,1837,6530,1674,370,222,361,138,11,1,505,160
2023-12-09,00,Deutschland,Kinder,NICU,179,1205,495,176,406,90,35,20,34,5,3,50,15
2023-12-09,00,Deutschland,Kinder,PICU,146,484,202,156,145,58,23,33,32,4,2,50,19
2023-12-10,00,Deutschland,Erwachsene,ERWACHSENE,1090,13932,1889,6520,1696,362,208,378,141,10,1,504,163
2023-12-10,00,Deutschland,Kinder,NICU,179,1197,502,174,402,90,35,20,34,5,3,51,13
2023-12-10,00,Deutschland,Kinder,PICU,146,480,206,155,148,63,19,32,32,3,2,47,16
2023-12-11,00,Deutschland,Erwachsene,ERWACHSENE,1081,13879,1936,6456,1770,363,207,372,138,10,1,501,159
2023-12-11,00,Deutschland,Kinder,NICU,179,1200,489,176,403,90,34,21,34,4,3,51,11
2023-12-11,00,Deutschland,Kinder,PICU,145,454,219,149,146,66,19,28,32,3,2,44,13
2023-12-12,00,Deutschland,Erwachsene,ERWACHSENE,1078,14115,1777,6438,1664,362,201,376,138,9,1,495,170
2023-12-12,00,Deutschland,Kinder,NICU,179,1206,484,171,406,90,36,20,33,4,3,51,12
2023-12-12,00,Deutschland,Kinder,PICU,145,494,197,148,135,65,20,29,31,3,2,46,13
2023-12-13,00,Deutschland,Erwachsene,ERWACHSENE,1077,14204,1677,6428,1594,349,202,387,138,9,2,510,162
2023-12-13,00,Deutschland,Kinder,NICU,179,1204,487,174,404,90,37,19,33,3,3,51,13
2023-12-13,00,Deutschland,Kinder,PICU,144,501,180,148,126,63,21,29,31,3,1,46,16
2023-12-14,00,Deutschland,Erwachsene,ERWACHSENE,1072,14169,1703,6396,1640,342,207,382,140,8,2,513,165
2023-12-14,00,Deutschland,Kinder,NICU,180,1196,503,177,408,91,39,18,32,3,3,52,13
2023-12-14,00,Deutschland,Kinder,PICU,144,511,171,145,119,62,22,28,32,2,1,46,17
2023-12-15,00,Deutschland,Erwachsene,ERWACHSENE,1068,13936,1671,6337,1634,335,213,381,138,8,1,513,173
2023-12-15,00,Deutschland,Kinder,NICU,180,1177,523,177,419,88,42,18,32,3,3,55,15
2023-12-15,00,Deutschland,Kinder,PICU,144,517,162,149,123,64,22,27,31,2,1,45,17
2023-12-16,00,Deutschland,Erwachsene,ERWACHSENE,1072,13780,1759,6409,1671,341,211,380,139,8,1,517,160
2023-12-16,00,Deutschland,Kinder,NICU,180,1161,535,184,427,91,37,18,34,2,3,51,13
2023-12-16,00,Deutschland,Kinder,PICU,144,492,184,147,128,62,22,29,31,2,1,49,18
2023-12-17,00,Deutschland,Erwachsene,ERWACHSENE,1074,13580,1936,6372,1754,339,208,384,142,9,2,520,153
2023-12-17,00,Deutschland,Kinder,NICU,180,1166,530,183,435,90,38,18,34,2,3,52,13
2023-12-17,00,Deutschland,Kinder,PICU,144,492,188,149,128,61,21,31,31,2,1,50,18
2023-12-18,00,Deutschland,Erwachsene,ERWACHSENE,1082,13635,2004,6464,1825,345,214,377,145,9,2,520,149
2023-12-18,00,Deutschland,Kinder,NICU,179,1152,553,180,432,90,35,20,34,2,3,51,14
2023-12-18,00,Deutschland,Kinder,PICU,143,497,173,142,120,62,20,30,31,2,1,48,18
2023-12-19,00,Deutschland,Erwachsene,ERWACHSENE,1082,13906,1829,6465,1713,340,213,381,147,9,2,520,155
2023-12-19,00,Deutschland,Kinder,NICU,180,1145,556,179,447,92,35,20,33,1,2,50,12
2023-12-19,00,Deutschland,Kinder,PICU,144,468,199,145,135,63,20,30,31,2,1,47,18
2023-12-20,00,Deutschland,Erwachsene,ERWACHSENE,1078,13867,1831,6400,1721,339,215,379,144,11,2,518,155
2023-12-20,00,Deutschland,Kinder,NICU,179,1169,519,181,433,90,37,20,32,1,2,52,10
2023-12-20,00,Deutschland,Kinder,PICU,144,494,188,147,135,61,23,29,31,3,1,49,21
2023-12-21,00,Deutschland,Erwachsene,ERWACHSENE,1078,13639,2000,6388,1847,347,213,374,143,11,2,511,151
2023-12-21,00,Deutschland,Kinder,NICU,176,1133,536,171,416,89,33,22,32,2,2,51,11
2023-12-21,00,Deutschland,Kinder,PICU,143,480,197,148,147,62,22,29,30,3,1,49,19
2023-12-22,00,Deutschland,Erwachsene,ERWACHSENE,1075,13490,2065,6418,1912,358,215,355,146,11,2,499,146
2023-12-22,00,Deutschland,Kinder,NICU,176,1108,545,168,405,87,36,21,32,1,2,53,12
2023-12-22,00,Deutschland,Kinder,PICU,143,474,202,149,152,62,20,30,31,3,1,48,19
2023-12-23,00,Deutschland,Erwachsene,ERWACHSENE,1077,13407,2192,6392,1955,355,233,341,147,11,2,502,153
2023-12-23,00,Deutschland,Kinder,NICU,180,1138,547,183,411,88,39,20,33,1,2,54,13
2023-12-23,00,Deutschland,Kinder,PICU,146,492,202,152,153,63,18,33,32,2,1,49,19
2023-12-24,00,Deutschland,Erwachsene,ERWACHSENE,1076,13254,2223,6374,1993,364,222,339,150,12,2,490,150
2023-12-24,00,Deutschland,Kinder,NICU,180,1151,529,184,393,85,40,21,34,1,2,55,15
2023-12-24,00,Deutschland,Kinder,PICU,146,483,212,151,159,62,21,31,32,2,1,50,20
2023-12-25,00,Deutschland,Erwachsene,ERWACHSENE,1071,13229,2245,6351,2023,364,217,336,153,12,2,483,145
2023-12-25,00,Deutschland,Kinder,NICU,179,1124,546,178,391,86,39,20,34,2,2,53,15
2023-12-25,00,Deutschland,Kinder,PICU,146,478,214,151,163,63,21,30,32,2,1,49,20
2023-12-26,00,Deutschland,Erwachsene,ERWACHSENE,1070,13290,2181,6357,1960,371,221,325,152,13,2,482,144
2023-12-26,00,Deutschland,Kinder,NICU,179,1158,517,177,387,86,37,22,34,3,2,53,15
2023-12-26,00,Deutschland,Kinder,PICU,146,476,215,150,160,63,21,30,32,2,1,49,21
2023-12-27,00,Deutschland,Erwachsene,ERWACHSENE,1074,13425,2175,6358,1950,368,230,326,149,14,1,486,152
2023-12-27,00,Deutschland,Kinder,NICU,179,1130,537,197,398,86,39,21,33,3,2,53,15
2023-12-27,00,Deutschland,Kinder,PICU,145,493,196,150,143,59,23,32,31,2,1,51,23
2023-12-28,00,Deutschland,Erwachsene,ERWACHSENE,1075,13481,2127,6336,1927,373,234,316,151,12,1,482,145
2023-12-28,00,Deutschland,Kinder,NICU,179,1129,540,196,397,88,37,21,33,3,2,52,13
2023-12-28,00,Deutschland,Kinder,PICU,142,455,193,143,136,58,23,32,29,3,1,51,23
2023-12-29,00,Deutschland,Erwachsene,ERWACHSENE,1071,13342,2094,6298,1903,366,231,324,149,11,1,486,146
2023-12-29,00,Deutschland,Kinder,NICU,179,1107,556,182,428,90,36,19,34,3,2,50,13
2023-12-29,00,Deutschland,Kinder,PICU,141,457,180,142,136,55,21,34,31,4,1,48,26
2023-12-30,00,Deutschland,Erwachsene,ERWACHSENE,1069,13177,2191,6267,1932,361,227,327,153,13,1,484,151
2023-12-30,00,Deutschland,Kinder,NICU,179,1125,546,183,416,91,34,20,34,4,2,49,12
2023-12-30,00,Deutschland,Kinder,PICU,141,444,194,144,136,55,22,32,32,5,1,47,23
2023-12-31,00,Deutschland,Erwachsene,ERWACHSENE,1068,13116,2291,6251,1999,360,230,322,155,12,1,476,152
2023-12-31,00,Deutschland,Kinder,NICU,179,1128,553,180,416,91,35,19,34,4,2,49,11
2023-12-31,00,Deutschland,Kinder,PICU,141,444,195,147,138,57,20,33,31,5,1,45,23
2024-01-01,00,Deutschland,Erwachsene,ERWACHSENE,1067,13181,2247,6217,2008,368,221,322,155,13,1,472,149
2024-01-01,00,Deutschland,Kinder,NICU,180,1127,559,188,430,95,30,20,35,3,2,46,9
2024-01-01,00,Deutschland,Kinder,PICU,142,451,196,150,135,56,20,33,33,4,1,46,22
2024-01-02,00,Deutschland,Erwachsene,ERWACHSENE,1065,13359,2195,6197,2011,374,219,309,162,9,1,455,145
2024-01-02,00,Deutschland,Kinder,NICU,180,1138,541,186,420,93,33,20,34,4,2,50,10
2024-01-02,00,Deutschland,Kinder,PICU,142,445,199,148,142,55,19,34,34,3,1,47,21
2024-01-03,00,Deutschland,Erwachsene,ERWACHSENE,1066,13619,2124,6229,1972,386,213,304,162,12,1,435,146
2024-01-03,00,Deutschland,Kinder,NICU,180,1141,542,187,426,95,30,21,34,6,2,48,10
2024-01-03,00,Deutschland,Kinder,PICU,143,473,186,148,133,54,20,35,34,4,1,48,25
2024-01-04,00,Deutschland,Erwachsene,ERWACHSENE,1062,13885,1948,6241,1815,378,209,315,159,12,1,438,158
2024-01-04,00,Deutschland,Kinder,NICU,179,1145,528,186,422,92,31,22,34,5,2,51,9
2024-01-04,00,Deutschland,Kinder,PICU,142,476,185,149,139,50,24,35,33,4,1,51,26
2024-01-05,00,Deutschland,Erwachsene,ERWACHSENE,1061,13955,1898,6246,1776,373,230,302,155,10,1,448,156
2024-01-05,00,Deutschland,Kinder,NICU,179,1144,526,187,422,96,30,18,35,2,2,46,8
2024-01-05,00,Deutschland,Kinder,PICU,141,459,184,141,141,52,23,32,34,4,1,48,24
2024-01-06,00,Deutschland,Erwachsene,ERWACHSENE,1060,13843,1938,6210,1794,371,227,304,157,8,1,451,158
2024-01-06,00,Deutschland,Kinder,NICU,178,1152,507,187,414,95,30,18,35,2,2,45,7
2024-01-06,00,Deutschland,Kinder,PICU,140,443,196,140,149,56,23,29,32,4,1,45,22
2024-01-07,00,Deutschland,Erwachsene,ERWACHSENE,1063,13675,2119,6203,1924,369,232,303,159,9,1,455,153
2024-01-07,00,Deutschland,Kinder,NICU,178,1149,515,188,418,96,30,17,35,2,2,44,7
2024-01-07,00,Deutschland,Kinder,PICU,140,442,203,137,151,58,20,29,33,4,1,41,21
2024-01-08,00,Deutschland,Erwachsene,ERWACHSENE,1069,13779,2193,6240,1993,392,222,292,162,10,1,436,154
2024-01-08,00,Deutschland,Kinder,NICU,178,1170,497,187,404,95,30,18,35,3,2,44,8
2024-01-08,00,Deutschland,Kinder,PICU,141,457,208,142,153,57,25,26,33,4,1,44,20
2024-01-09,00,Deutschland,Erwachsene,ERWACHSENE,1064,13991,2024,6134,1939,395,222,288,158,11,1,430,151
2024-01-09,00,Deutschland,Kinder,NICU,179,1169,505,187,421,98,32,14,35,4,3,42,7
2024-01-09,00,Deutschland,Kinder,PICU,142,451,218,148,159,57,25,26,34,5,1,41,21
2024-01-10,00,Deutschland,Erwachsene,ERWACHSENE,1061,14271,1910,6120,1852,389,224,286,161,11,2,425,153
2024-01-10,00,Deutschland,Kinder,NICU,179,1154,522,188,438,98,32,14,35,3,2,42,7
2024-01-10,00,Deutschland,Kinder,PICU,142,457,216,148,163,59,23,26,34,5,1,40,18
2024-01-11,00,Deutschland,Erwachsene,ERWACHSENE,1063,14307,1941,6129,1870,391,229,282,160,11,2,418,156
2024-01-11,00,Deutschland,Kinder,NICU,179,1178,499,189,427,98,31,15,35,3,2,42,8
2024-01-11,00,Deutschland,Kinder,PICU,142,447,225,147,157,61,21,25,35,5,1,38,18
2024-01-12,00,Deutschland,Erwachsene,ERWACHSENE,1059,14334,1860,6097,1867,391,215,289,163,8,2,413,147
2024-01-12,00,Deutschland,Kinder,NICU,179,1164,521,184,434,99,28,17,35,4,2,41,8
2024-01-12,00,Deutschland,Kinder,PICU,141,429,222,146,154,61,21,24,35,5,1,39,16
2024-01-13,00,Deutschland,Erwachsene,ERWACHSENE,1059,14156,1991,6137,1905,402,207,286,163,9,2,412,137
2024-01-13,00,Deutschland,Kinder,NICU,179,1150,529,180,428,99,30,15,35,4,2,38,8
2024-01-13,00,Deutschland,Kinder,PICU,141,429,221,144,155,61,22,23,35,5,1,37,16
2024-01-14,00,Deutschland,Erwachsene,ERWACHSENE,1055,13886,2140,6106,1955,401,204,278,171,9,1,409,134
2024-01-14,00,Deutschland,Kinder,NICU,178,1159,515,172,425,98,32,13,35,2,2,40,7
2024-01-14,00,Deutschland,Kinder,PICU,141,432,218,143,155,60,24,22,35,6,1,38,15
2024-01-15,00,Deutschland,Erwachsene,ERWACHSENE,1060,13897,2163,6162,2053,411,199,282,167,10,1,402,140
2024-01-15,00,Deutschland,Kinder,NICU,178,1138,532,171,444,98,31,14,35,3,3,40,8
2024-01-15,00,Deutschland,Kinder,PICU,143,458,214,149,169,59,25,23,36,5,1,41,16
2024-01-16,00,Deutschland,Erwachsene,ERWACHSENE,1063,14299,1951,6198,1899,410,201,285,166,11,2,406,141
2024-01-16,00,Deutschland,Kinder,NICU,179,1165,509,180,443,96,30,17,36,4,3,42,9
2024-01-16,00,Deutschland,Kinder,PICU,143,463,215,151,170,59,25,23,36,5,1,39,17
2024-01-17,00,Deutschland,Erwachsene,ERWACHSENE,1062,14173,1907,6104,1917,410,193,289,169,14,2,404,145
2024-01-17,00,Deutschland,Kinder,NICU,179,1173,499,182,438,94,30,19,36,4,3,43,12
2024-01-17,00,Deutschland,Kinder,PICU,143,473,212,149,161,60,26,23,34,5,1,42,15
2024-01-18,00,Deutschland,Erwachsene,ERWACHSENE,1062,14221,1889,6113,1872,411,192,285,173,13,1,393,148
2024-01-18,00,Deutschland,Kinder,NICU,179,1161,510,181,426,96,29,18,36,3,2,41,13
2024-01-18,00,Deutschland,Kinder,PICU,142,465,211,147,159,62,23,24,33,5,1,40,16
2024-01-19,00,Deutschland,Erwachsene,ERWACHSENE,1061,14229,1838,6135,1889,414,191,282,173,12,1,394,146
2024-01-19,00,Deutschland,Kinder,NICU,179,1176,501,191,437,96,28,20,35,4,3,41,14
2024-01-19,00,Deutschland,Kinder,PICU,142,473,202,148,147,56,26,27,33,6,2,44,19
2024-01-20,00,Deutschland,Erwachsene,ERWACHSENE,1062,14143,1836,6157,1839,408,188,290,175,13,1,393,148
2024-01-20,00,Deutschland,Kinder,NICU,179,1164,520,191,441,95,27,22,35,3,3,41,14
2024-01-20,00,Deutschland,Kinder,PICU,142,471,201,148,139,54,25,30,33,6,2,45,22
2024-01-21,00,Deutschland,Erwachsene,ERWACHSENE,1058,13923,1966,6176,1918,409,188,283,177,14,1,393,145
2024-01-21,00,Deutschland,Kinder,NICU,178,1173,518,191,429,95,25,22,36,4,3,40,15
2024-01-21,00,Deutschland,Kinder,PICU,142,469,203,148,142,55,24,29,34,6,2,45,20
2024-01-22,00,Deutschland,Erwachsene,ERWACHSENE,1058,14014,1985,6181,1920,403,189,291,174,13,1,388,153
2024-01-22,00,Deutschland,Kinder,NICU,177,1170,514,191,436,97,24,21,35,3,3,40,14
2024-01-22,00,Deutschland,Kinder,PICU,141,457,198,144,139,54,23,32,32,8,1,48,20
2024-01-23,00,Deutschland,Erwachsene,ERWACHSENE,1061,14347,1759,6196,1742,402,192,297,169,12,1,395,163
2024-01-23,00,Deutschland,Kinder,NICU,176,1140,524,184,427,96,24,20,36,4,3,38,13
2024-01-23,00,Deutschland,Kinder,PICU,140,461,196,143,140,60,18,29,33,6,1,41,16
2024-01-24,00,Deutschland,Erwachsene,ERWACHSENE,1064,14402,1709,6174,1694,398,187,308,170,14,1,397,165
2024-01-24,00,Deutschland,Kinder,NICU,176,1141,514,179,420,94,28,19,35,5,3,41,12
2024-01-24,00,Deutschland,Kinder,PICU,140,475,195,141,135,58,20,29,33,7,1,42,18
2024-01-25,00,Deutschland,Erwachsene,ERWACHSENE,1062,14422,1685,6169,1691,394,196,294,177,14,1,402,157
2024-01-25,00,Deutschland,Kinder,NICU,175,1129,522,175,424,94,28,19,34,4,2,39,12
2024-01-25,00,Deutschland,Kinder,PICU,140,464,204,139,140,58,20,29,33,5,1,42,17
2024-01-26,00,Deutschland,Erwachsene,ERWACHSENE,1061,14331,1658,6177,1632,392,184,304,180,14,2,401,158
2024-01-26,00,Deutschland,Kinder,NICU,175,1148,503,183,425,93,28,19,35,4,2,40,13
2024-01-26,00,Deutschland,Kinder,PICU,139,480,186,136,128,58,19,29,33,5,1,41,16
2024-01-27,00,Deutschland,Erwachsene,ERWACHSENE,1062,14115,1781,6184,1724,389,188,306,178,13,2,409,156
2024-01-27,00,Deutschland,Kinder,NICU,175,1144,503,183,428,93,27,19,36,3,2,39,13
2024-01-27,00,Deutschland,Kinder,PICU,139,461,203,137,142,59,14,32,34,5,1,40,17
2024-01-28,00,Deutschland,Erwachsene,ERWACHSENE,1057,13857,1960,6180,1785,385,189,304,178,13,2,410,154
2024-01-28,00,Deutschland,Kinder,NICU,175,1142,509,178,433,91,28,19,37,4,2,38,15
2024-01-28,00,Deutschland,Kinder,PICU,139,467,201,135,141,58,15,31,35,5,1,40,17
2024-01-29,00,Deutschland,Erwachsene,ERWACHSENE,1059,13948,1984,6179,1841,392,201,287,178,12,2,396,151
2024-01-29,00,Deutschland,Kinder,NICU,176,1133,528,178,452,91,32,17,36,3,2,41,14
2024-01-29,00,Deutschland,Kinder,PICU,141,492,188,139,136,57,16,34,34,4,1,43,21
2024-01-30,00,Deutschland,Erwachsene,ERWACHSENE,1059,14321,1755,6180,1720,397,189,297,175,13,2,392,159
2024-01-30,00,Deutschland,Kinder,NICU,176,1157,509,185,445,92,30,18,36,4,2,40,12
2024-01-30,00,Deutschland,Kinder,PICU,142,517,172,144,142,55,20,32,35,4,1,46,20
2024-01-31,00,Deutschland,Erwachsene,ERWACHSENE,1060,14367,1753,6202,1734,393,191,302,173,14,1,399,159
2024-01-31,00,Deutschland,Kinder,NICU,177,1174,494,181,446,92,29,20,36,4,2,40,13
2024-01-31,00,Deutschland,Kinder,PICU,142,517,163,144,131,57,19,31,35,4,1,44,19
2024-02-01,00,Deutschland,Erwachsene,ERWACHSENE,1058,14470,1684,6205,1622,389,209,292,167,16,1,405,164
2024-02-01,00,Deutschland,Kinder,NICU,177,1138,525,180,458,93,28,20,36,2,2,39,16
2024-02-01,00,Deutschland,Kinder,PICU,142,514,169,150,136,60,17,30,35,4,1,41,18
2024-02-02,00,Deutschland,Erwachsene,ERWACHSENE,1055,14344,1690,6189,1657,381,208,297,168,17,1,403,170
2024-02-02,00,Deutschland,Kinder,NICU,177,1132,532,180,468,93,27,21,36,2,3,41,16
2024-02-02,00,Deutschland,Kinder,PICU,142,530,154,152,132,57,18,32,35,4,1,43,18
2024-02-03,00,Deutschland,Erwachsene,ERWACHSENE,1055,14156,1850,6200,1712,382,200,299,173,15,1,410,161
2024-02-03,00,Deutschland,Kinder,NICU,177,1135,526,179,471,92,27,21,37,2,2,41,14
2024-02-03,00,Deutschland,Kinder,PICU,141,486,171,144,142,55,20,31,35,4,1,45,16
2024-02-04,00,Deutschland,Erwachsene,ERWACHSENE,1055,14070,2022,6217,1772,382,206,295,171,15,2,412,164
2024-02-04,00,Deutschland,Kinder,NICU,177,1128,537,172,463,93,25,22,37,3,2,41,13
2024-02-04,00,Deutschland,Kinder,PICU,141,484,183,146,150,54,22,30,35,5,1,44,18
2024-02-05,00,Deutschland,Erwachsene,ERWACHSENE,1061,14251,1980,6249,1766,390,204,292,174,17,2,409,154
2024-02-05,00,Deutschland,Kinder,NICU,176,1143,516,161,446,89,29,22,36,3,2,46,15
2024-02-05,00,Deutschland,Kinder,PICU,142,487,204,148,145,51,25,31,35,5,1,47,22
2024-02-06,00,Deutschland,Erwachsene,ERWACHSENE,1061,14644,1703,6247,1628,384,197,304,175,19,1,409,162
2024-02-06,00,Deutschland,Kinder,NICU,176,1148,516,170,456,94,25,20,37,3,2,42,12
2024-02-06,00,Deutschland,Kinder,PICU,142,499,187,147,154,53,24,29,36,6,1,44,22
2024-02-07,00,Deutschland,Erwachsene,ERWACHSENE,1057,14619,1674,6217,1597,370,204,307,175,21,1,408,176
2024-02-07,00,Deutschland,Kinder,NICU,176,1141,507,175,451,93,25,20,38,2,2,41,11
2024-02-07,00,Deutschland,Kinder,PICU,141,514,173,145,145,50,24,31,36,6,1,47,23
2024-02-08,00,Deutschland,Erwachsene,ERWACHSENE,1057,14629,1689,6179,1625,363,213,302,178,21,1,417,173
2024-02-08,00,Deutschland,Kinder,NICU,174,1146,487,170,438,95,23,18,38,2,2,38,10
2024-02-08,00,Deutschland,Kinder,PICU,139,500,173,145,138,49,24,30,36,7,1,45,21
2024-02-09,00,Deutschland,Erwachsene,ERWACHSENE,1051,14521,1633,6078,1581,359,210,304,177,19,1,409,175
2024-02-09,00,Deutschland,Kinder,NICU,173,1140,494,165,449,93,23,19,38,2,2,39,11
2024-02-09,00,Deutschland,Kinder,PICU,139,514,161,139,122,51,24,30,34,7,2,47,22
2024-02-10,00,Deutschland,Erwachsene,ERWACHSENE,1052,14413,1669,6122,1570,359,209,307,176,18,1,422,163
2024-02-10,00,Deutschland,Kinder,NICU,174,1139,491,168,430,92,27,17,38,2,2,41,12
2024-02-10,00,Deutschland,Kinder,PICU,140,501,177,142,126,52,25,30,33,8,2,48,23
2024-02-11,00,Deutschland,Erwachsene,ERWACHSENE,1047,14189,1796,6141,1638,360,201,314,171,20,1,426,162
2024-02-11,00,Deutschland,Kinder,NICU,175,1129,519,177,446,93,26,17,39,2,2,40,12
2024-02-11,00,Deutschland,Kinder,PICU,142,500,180,145,135,53,24,29,36,7,2,47,23
2024-02-12,00,Deutschland,Erwachsene,ERWACHSENE,1047,14069,1822,6228,1698,372,207,294,173,19,1,415,151
2024-02-12,00,Deutschland,Kinder,NICU,176,1156,515,175,462,94,28,16,38,3,2,41,11
2024-02-12,00,Deutschland,Kinder,PICU,143,493,191,148,140,57,23,26,37,6,1,44,19
2024-02-13,00,Deutschland,Erwachsene,ERWACHSENE,1052,14279,1692,6217,1652,359,214,302,176,19,1,417,162
2024-02-13,00,Deutschland,Kinder,NICU,176,1181,482,182,465,96,28,14,38,4,2,39,11
2024-02-13,00,Deutschland,Kinder,PICU,142,528,152,149,132,56,23,25,38,5,1,43,16
2024-02-14,00,Deutschland,Erwachsene,ERWACHSENE,1057,14351,1720,6205,1686,360,210,309,177,21,1,424,172
2024-02-14,00,Deutschland,Kinder,NICU,176,1202,465,178,444,94,29,15,38,4,2,41,11
2024-02-14,00,Deutschland,Kinder,PICU,142,529,163,145,134,56,23,25,38,5,1,44,16
2024-02-15,00,Deutschland,Erwachsene,ERWACHSENE,1058,14355,1700,6257,1739,365,206,308,178,21,1,421,171
2024-02-15,00,Deutschland,Kinder,NICU,176,1190,474,179,432,95,28,14,39,4,2,39,11
2024-02-15,00,Deutschland,Kinder,PICU,141,509,170,144,137,56,24,24,37,3,1,42,15
2024-02-16,00,Deutschland,Erwachsene,ERWACHSENE,1054,14198,1698,6238,1712,366,212,298,177,22,1,415,163
2024-02-16,00,Deutschland,Kinder,NICU,176,1200,479,179,427,95,27,15,39,4,2,39,13
2024-02-16,00,Deutschland,Kinder,PICU,140,479,176,141,139,56,24,23,37,4,2,41,14
2024-02-17,00,Deutschland,Erwachsene,ERWACHSENE,1052,13976,1824,6231,1746,383,191,302,175,24,1,405,156
2024-02-17,00,Deutschland,Kinder,NICU,176,1166,513,183,429,96,25,17,38,4,2,39,13
2024-02-17,00,Deutschland,Kinder,PICU,140,470,184,141,140,56,23,24,37,4,2,41,15
2024-02-18,00,Deutschland,Erwachsene,ERWACHSENE,1048,13761,1917,6219,1824,380,191,299,177,24,1,406,155
2024-02-18,00,Deutschland,Kinder,NICU,176,1159,513,183,423,95,26,17,38,4,2,41,13
2024-02-18,00,Deutschland,Kinder,PICU,139,464,186,138,144,57,22,24,36,3,2,41,13
2024-02-19,00,Deutschland,Erwachsene,ERWACHSENE,1046,13729,2001,6198,1845,384,192,289,180,23,1,397,150
2024-02-19,00,Deutschland,Kinder,NICU,176,1172,507,185,423,99,27,12,38,3,2,37,14
2024-02-19,00,Deutschland,Kinder,PICU,140,462,203,149,156,61,19,24,36,2,1,38,15
2024-02-20,00,Deutschland,Erwachsene,ERWACHSENE,1045,13990,1828,6158,1725,377,193,297,177,22,1,406,155
2024-02-20,00,Deutschland,Kinder,NICU,176,1160,519,180,443,98,25,15,38,3,2,38,14
2024-02-20,00,Deutschland,Kinder,PICU,140,463,199,146,151,61,19,24,36,2,1,37,15
2024-02-21,00,Deutschland,Erwachsene,ERWACHSENE,1045,14118,1825,6195,1737,383,202,284,175,24,1,402,152
2024-02-21,00,Deutschland,Kinder,NICU,176,1163,509,177,430,98,21,19,38,3,2,37,12
2024-02-21,00,Deutschland,Kinder,PICU,140,476,190,142,145,58,20,26,36,4,1,39,18
2024-02-22,00,Deutschland,Erwachsene,ERWACHSENE,1044,14112,1848,6156,1766,392,186,286,179,25,1,396,147
2024-02-22,00,Deutschland,Kinder,NICU,176,1166,506,178,437,97,23,17,39,3,2,37,12
2024-02-22,00,Deutschland,Kinder,PICU,140,484,184,142,146,57,21,25,37,3,1,38,18
2024-02-23,00,Deutschland,Erwachsene,ERWACHSENE,1039,14040,1831,6159,1748,396,178,288,176,28,1,388,152
2024-02-23,00,Deutschland,Kinder,NICU,175,1155,505,180,433,95,23,17,40,4,2,36,12
2024-02-23,00,Deutschland,Kinder,PICU,139,478,182,140,143,57,20,25,37,3,1,37,19
2024-02-24,00,Deutschland,Erwachsene,ERWACHSENE,1042,13966,1904,6149,1805,394,184,283,180,25,2,394,146
2024-02-24,00,Deutschland,Kinder,NICU,176,1165,512,180,426,95,22,19,40,4,2,37,13
2024-02-24,00,Deutschland,Kinder,PICU,140,469,192,140,146,58,19,26,37,3,1,38,17
2024-02-25,00,Deutschland,Erwachsene,ERWACHSENE,1040,13764,2067,6132,1870,397,185,284,173,25,2,402,146
2024-02-25,00,Deutschland,Kinder,NICU,177,1156,529,183,440,98,20,19,40,4,2,36,12
2024-02-25,00,Deutschland,Kinder,PICU,140,459,201,144,151,55,18,28,39,3,1,39,16
2024-02-26,00,Deutschland,Erwachsene,ERWACHSENE,1044,13822,2188,6263,1975,409,191,269,174,25,2,388,143
2024-02-26,00,Deutschland,Kinder,NICU,177,1158,527,179,443,99,21,17,40,3,2,35,12
2024-02-26,00,Deutschland,Kinder,PICU,140,448,215,139,169,55,19,27,39,2,1,40,17
2024-02-27,00,Deutschland,Erwachsene,ERWACHSENE,1049,14114,2027,6241,1931,401,191,279,177,20,1,393,139
2024-02-27,00,Deutschland,Kinder,NICU,177,1146,530,182,445,97,25,15,40,2,2,36,13
2024-02-27,00,Deutschland,Kinder,PICU,140,446,214,146,165,55,23,23,39,2,1,41,15
2024-02-28,00,Deutschland,Erwachsene,ERWACHSENE,1049,14120,1985,6186,1893,413,181,277,177,21,1,385,135
2024-02-28,00,Deutschland,Kinder,NICU,176,1157,504,177,444,98,23,14,41,3,2,33,12
2024-02-28,00,Deutschland,Kinder,PICU,139,445,200,138,150,57,20,24,38,2,1,37,15
2024-02-29,00,Deutschland,Erwachsene,ERWACHSENE,1046,14005,1989,6184,1914,408,188,271,178,18,1,384,136
2024-02-29,00,Deutschland,Kinder,NICU,176,1139,535,175,451,97,24,14,41,3,2,35,10
2024-02-29,00,Deutschland,Kinder,PICU,139,450,191,136,141,57,22,21,39,2,1,37,13
2024-03-01,00,Deutschland,Erwachsene,ERWACHSENE,1044,13985,1908,6175,1832,400,188,278,177,17,1,396,141
2024-03-01,00,Deutschland,Kinder,NICU,175,1101,556,175,447,95,24,15,41,4,2,35,10
2024-03-01,00,Deutschland,Kinder,PICU,138,454,184,137,135,54,24,22,38,3,1,41,14
2024-03-02,00,Deutschland,Erwachsene,ERWACHSENE,1048,13919,1955,6235,1847,394,190,287,176,16,2,398,143
2024-03-02,00,Deutschland,Kinder,NICU,174,1172,548,162,447,91,26,16,41,4,2,38,11
2024-03-02,00,Deutschland,Kinder,PICU,137,436,199,134,136,54,24,23,36,3,1,42,14
2024-03-03,00,Deutschland,Erwachsene,ERWACHSENE,1048,13612,2159,6243,1956,396,198,274,179,16,1,394,131
2024-03-03,00,Deutschland,Kinder,NICU,174,1096,544,168,435,89,26,17,42,4,2,39,12
2024-03-03,00,Deutschland,Kinder,PICU,137,435,199,136,140,52,24,24,37,3,1,43,15
2024-03-04,00,Deutschland,Erwachsene,ERWACHSENE,1047,13607,2193,6271,2085,403,192,274,177,17,1,377,144
2024-03-04,00,Deutschland,Kinder,NICU,175,1140,515,168,427,88,30,17,40,5,2,43,14
2024-03-04,00,Deutschland,Kinder,PICU,138,426,212,133,155,53,25,23,37,3,1,42,18
2024-03-05,00,Deutschland,Erwachsene,ERWACHSENE,1044,13768,2050,6243,1980,395,198,275,175,17,2,381,144
2024-03-05,00,Deutschland,Kinder,NICU,176,1153,514,172,426,92,27,16,41,5,2,40,11
2024-03-05,00,Deutschland,Kinder,PICU,139,444,206,132,152,53,24,24,38,3,1,41,16
2024-03-06,00,Deutschland,Erwachsene,ERWACHSENE,1044,13848,1984,6240,1912,398,207,264,174,19,2,380,149
2024-03-06,00,Deutschland,Kinder,NICU,175,1159,494,172,424,92,26,14,43,4,2,37,10
2024-03-06,00,Deutschland,Kinder,PICU,139,453,197,134,150,53,26,22,38,3,1,41,17
2024-03-07,00,Deutschland,Erwachsene,ERWACHSENE,1045,13781,2098,6224,1979,410,199,259,176,19,2,373,137
2024-03-07,00,Deutschland,Kinder,NICU,176,1148,515,171,430,89,27,16,44,3,2,39,9
2024-03-07,00,Deutschland,Kinder,PICU,139,455,200,133,152,54,27,23,35,3,1,43,17
2024-03-08,00,Deutschland,Erwachsene,ERWACHSENE,1042,13775,2010,6234,1950,410,196,261,174,18,2,374,138
2024-03-08,00,Deutschland,Kinder,NICU,176,1140,528,173,435,89,27,16,44,3,2,40,12
2024-03-08,00,Deutschland,Kinder,PICU,138,431,198,131,150,56,25,22,35,3,1,41,17
2024-03-09,00,Deutschland,Erwachsene,ERWACHSENE,1044,13634,2466,6174,1998,406,196,263,178,16,2,372,141
2024-03-09,00,Deutschland,Kinder,NICU,176,1161,509,174,414,90,25,17,44,3,1,39,12
2024-03-09,00,Deutschland,Kinder,PICU,138,428,189,133,145,56,21,25,36,3,1,41,15
2024-03-10,00,Deutschland,Erwachsene,ERWACHSENE,1040,13459,2230,6199,2041,408,190,264,177,16,2,372,137
2024-03-10,00,Deutschland,Kinder,NICU,176,1143,528,177,428,88,26,18,44,3,1,39,13
2024-03-10,00,Deutschland,Kinder,PICU,139,420,201,136,154,57,21,25,36,3,1,41,15
2024-03-11,00,Deutschland,Erwachsene,ERWACHSENE,1036,13392,2264,6256,2111,409,193,257,176,17,3,365,140
2024-03-11,00,Deutschland,Kinder,NICU,174,1125,529,175,432,87,26,20,41,5,1,40,15
2024-03-11,00,Deutschland,Kinder,PICU,138,421,205,137,146,55,22,27,34,3,1,44,16
2024-03-12,00,Deutschland,Erwachsene,ERWACHSENE,1038,13686,2056,6201,1974,405,195,257,180,16,3,368,141
2024-03-12,00,Deutschland,Kinder,NICU,177,1133,553,177,444,94,22,20,41,5,1,37,13
2024-03-12,00,Deutschland,Kinder,PICU,141,449,204,145,144,56,23,26,36,3,1,45,14
2024-03-13,00,Deutschland,Erwachsene,ERWACHSENE,1037,13736,2053,6196,2006,407,200,250,179,16,3,366,145
2024-03-13,00,Deutschland,Kinder,NICU,176,1136,529,179,437,97,20,20,39,5,1,35,12
2024-03-13,00,Deutschland,Kinder,PICU,141,474,186,143,142,56,22,29,34,3,1,46,16
2024-03-14,00,Deutschland,Erwachsene,ERWACHSENE,1039,13799,2055,6235,2045,417,194,249,178,15,3,368,139
2024-03-14,00,Deutschland,Kinder,NICU,174,1121,524,172,428,93,19,22,40,6,1,36,12
2024-03-14,00,Deutschland,Kinder,PICU,140,463,185,137,138,56,20,30,34,2,1,46,16
2024-03-15,00,Deutschland,Erwachsene,ERWACHSENE,1034,13789,1983,6230,1954,412,196,243,182,13,3,366,131
2024-03-15,00,Deutschland,Kinder,NICU,175,1134,511,171,432,91,25,19,40,5,1,37,11
2024-03-15,00,Deutschland,Kinder,PICU,141,463,194,135,145,55,20,31,35,2,1,47,17
2024-03-16,00,Deutschland,Erwachsene,ERWACHSENE,1034,13592,2103,6242,2048,415,191,238,189,14,3,359,127
2024-03-16,00,Deutschland,Kinder,NICU,175,1144,501,169,448,91,22,21,41,6,1,38,11
2024-03-16,00,Deutschland,Kinder,PICU,141,450,211,134,157,58,17,31,35,2,1,44,17
2024-03-17,00,Deutschland,Erwachsene,ERWACHSENE,1032,13363,2255,6255,2118,419,197,230,185,14,2,358,126
2024-03-17,00,Deutschland,Kinder,NICU,175,1146,497,170,445,92,23,19,41,5,1,37,10
2024-03-17,00,Deutschland,Kinder,PICU,141,450,209,136,155,58,18,30,35,2,1,44,18
2024-03-18,00,Deutschland,Erwachsene,ERWACHSENE,1031,13304,2335,6224,2217,424,192,228,186,15,2,347,128
2024-03-18,00,Deutschland,Kinder,NICU,176,1148,513,179,448,95,20,20,41,5,1,37,8
2024-03-18,00,Deutschland,Kinder,PICU,141,459,199,138,154,58,17,31,35,1,1,44,17
2024-03-19,00,Deutschland,Erwachsene,ERWACHSENE,1029,13491,2162,6221,2086,415,195,233,185,14,2,353,132
2024-03-19,00,Deutschland,Kinder,NICU,176,1146,527,188,452,96,20,18,42,3,1,35,6
2024-03-19,00,Deutschland,Kinder,PICU,141,448,210,143,159,57,17,31,36,1,1,42,16
2024-03-20,00,Deutschland,Erwachsene,ERWACHSENE,1025,13492,2106,6207,2019,416,192,233,183,13,2,354,130
2024-03-20,00,Deutschland,Kinder,NICU,176,1144,521,185,458,96,19,20,41,4,1,35,9
2024-03-20,00,Deutschland,Kinder,PICU,140,458,194,149,155,57,17,31,35,1,1,42,16
2024-03-21,00,Deutschland,Erwachsene,ERWACHSENE,1024,13612,1970,6207,1923,405,195,236,187,13,2,356,131
2024-03-21,00,Deutschland,Kinder,NICU,175,1109,535,177,457,97,20,18,40,3,1,33,8
2024-03-21,00,Deutschland,Kinder,PICU,139,453,196,146,134,57,16,31,35,1,1,42,15
2024-03-22,00,Deutschland,Erwachsene,ERWACHSENE,1021,13392,2069,6195,2017,416,191,230,183,13,2,356,117
2024-03-22,00,Deutschland,Kinder,NICU,173,1078,545,167,462,94,22,18,39,3,1,34,10
2024-03-22,00,Deutschland,Kinder,PICU,138,435,213,146,148,55,17,31,35,1,1,42,16
2024-03-23,00,Deutschland,Erwachsene,ERWACHSENE,1025,13288,2165,6235,2066,411,186,241,186,12,2,360,117
2024-03-23,00,Deutschland,Kinder,NICU,170,1080,525,166,445,94,19,18,39,3,1,33,7
2024-03-23,00,Deutschland,Kinder,PICU,137,432,206,143,154,53,19,30,35,1,1,43,16
2024-03-24,00,Deutschland,Erwachsene,ERWACHSENE,1024,13057,2337,6265,2170,415,186,237,185,12,2,361,112
2024-03-24,00,Deutschland,Kinder,NICU,170,1064,550,167,454,96,17,18,39,3,1,31,7
2024-03-24,00,Deutschland,Kinder,PICU,137,420,214,141,153,55,18,29,35,1,1,41,18
2024-03-25,00,Deutschland,Erwachsene,ERWACHSENE,1027,12976,2523,6306,2325,438,177,224,187,12,2,345,107
2024-03-25,00,Deutschland,Kinder,NICU,169,1061,545,169,445,95,18,18,38,4,1,31,8
2024-03-25,00,Deutschland,Kinder,PICU,136,407,220,142,161,58,16,29,33,1,1,40,16
2024-03-26,00,Deutschland,Erwachsene,ERWACHSENE,1030,13307,2336,6044,2241,434,181,225,189,13,2,344,106
2024-03-26,00,Deutschland,Kinder,NICU,172,1078,552,166,453,95,20,18,39,4,1,32,9
2024-03-26,00,Deutschland,Kinder,PICU,138,421,219,141,164,60,14,32,32,1,1,40,17
2024-03-27,00,Deutschland,Erwachsene,ERWACHSENE,1032,13418,2259,6045,2166,426,187,232,186,13,3,349,114
2024-03-27,00,Deutschland,Kinder,NICU,172,1090,536,164,446,92,21,19,40,3,1,32,10
2024-03-27,00,Deutschland,Kinder,PICU,138,427,211,139,157,57,14,33,34,1,1,42,16
2024-03-28,00,Deutschland,Erwachsene,ERWACHSENE,1030,13451,2204,6030,2102,415,190,234,190,11,3,351,119
2024-03-28,00,Deutschland,Kinder,NICU,173,1104,532,173,439,96,19,19,39,3,1,32,8
2024-03-28,00,Deutschland,Kinder,PICU,138,416,218,132,160,54,17,34,33,1,1,45,16
2024-03-29,00,Deutschland,Erwachsene,ERWACHSENE,1025,13146,2317,5964,2144,420,183,230,191,10,3,337,121
2024-03-29,00,Deutschland,Kinder,NICU,171,1077,538,171,434,96,19,17,39,3,1,30,5
2024-03-29,00,Deutschland,Kinder,PICU,137,400,229,137,167,55,17,32,33,1,1,43,17
2024-03-30,00,Deutschland,Erwachsene,ERWACHSENE,1030,12876,2605,6003,2385,436,178,216,199,10,3,324,108
2024-03-30,00,Deutschland,Kinder,NICU,171,1073,544,174,431,94,20,18,39,3,1,32,6
2024-03-30,00,Deutschland,Kinder,PICU,137,393,235,142,176,56,16,32,33,1,1,42,17
2024-03-31,00,Deutschland,Erwachsene,ERWACHSENE,1027,12825,2634,5959,2418,432,174,217,203,8,2,313,111
2024-03-31,00,Deutschland,Kinder,NICU,172,1071,548,170,426,95,21,18,38,4,1,32,8
2024-03-31,00,Deutschland,Kinder,PICU,136,382,246,142,178,56,20,28,32,2,1,44,17
2024-04-01,00,Deutschland,Erwachsene,ERWACHSENE,1024,12776,2614,5925,2374,432,163,223,205,9,2,316,105
2024-04-01,00,Deutschland,Kinder,NICU,173,1067,557,170,444,92,25,17,39,3,1,33,11
2024-04-01,00,Deutschland,Kinder,PICU,136,387,240,137,174,56,20,27,33,3,1,44,16
2024-04-02,00,Deutschland,Erwachsene,ERWACHSENE,1027,12861,2640,5958,2388,424,174,221,207,7,2,319,116
2024-04-02,00,Deutschland,Kinder,NICU,173,1074,567,169,438,96,20,18,39,3,1,29,10
2024-04-02,00,Deutschland,Kinder,PICU,137,398,233,136,172,59,19,26,33,2,1,40,17
2024-04-03,00,Deutschland,Erwachsene,ERWACHSENE,1027,13110,2418,5925,2306,428,158,236,204,10,3,318,120
2024-04-03,00,Deutschland,Kinder,NICU,174,1090,552,176,444,94,26,15,39,3,1,31,10
2024-04-03,00,Deutschland,Kinder,PICU,137,397,230,134,175,59,18,27,33,1,1,40,15
2024-04-04,00,Deutschland,Erwachsene,ERWACHSENE,1021,13115,2302,5899,2233,423,165,228,204,10,3,316,114
2024-04-04,00,Deutschland,Kinder,NICU,172,1056,562,172,446,94,25,14,39,2,1,30,8
2024-04-04,00,Deutschland,Kinder,PICU,135,393,231,133,175,59,19,25,32,1,1,39,13
2024-04-05,00,Deutschland,Erwachsene,ERWACHSENE,1020,13035,2306,5907,2237,423,160,233,203,11,3,319,108
2024-04-05,00,Deutschland,Kinder,NICU,171,1074,529,167,439,92,26,14,39,3,1,33,9
2024-04-05,00,Deutschland,Kinder,PICU,135,408,221,132,176,56,22,24,33,1,1,41,14
2024-04-06,00,Deutschland,Erwachsene,ERWACHSENE,1018,12923,2310,5883,2188,412,162,243,200,13,3,331,109
2024-04-06,00,Deutschland,Kinder,NICU,173,1104,527,170,451,90,28,14,41,3,1,34,10
2024-04-06,00,Deutschland,Kinder,PICU,137,404,230,132,176,59,22,23,33,1,1,40,14
2024-04-07,00,Deutschland,Erwachsene,ERWACHSENE,1018,12797,2395,5888,2277,416,164,235,202,13,3,330,104
2024-04-07,00,Deutschland,Kinder,NICU,173,1087,544,170,446,90,25,16,42,3,1,34,9
2024-04-07,00,Deutschland,Kinder,PICU,137,404,225,132,177,56,21,27,33,2,1,42,18
2024-04-08,00,Deutschland,Erwachsene,ERWACHSENE,1023,12981,2451,5954,2286,418,173,229,202,11,4,328,110
2024-04-08,00,Deutschland,Kinder,NICU,174,1091,547,178,447,91,24,17,42,3,1,34,11
2024-04-08,00,Deutschland,Kinder,PICU,137,409,219,131,164,54,22,27,34,2,1,43,20
2024-04-09,00,Deutschland,Erwachsene,ERWACHSENE,1030,13422,2288,6011,2251,433,169,225,202,13,4,320,114
2024-04-09,00,Deutschland,Kinder,NICU,174,1095,543,178,436,93,22,17,42,3,1,33,9
2024-04-09,00,Deutschland,Kinder,PICU,137,422,208,133,163,56,19,27,35,2,1,40,18
2024-04-10,00,Deutschland,Erwachsene,ERWACHSENE,1031,13527,2269,5964,2271,439,171,224,196,12,3,319,114
2024-04-10,00,Deutschland,Kinder,NICU,174,1104,531,178,442,94,21,18,41,3,1,33,8
2024-04-10,00,Deutschland,Kinder,PICU,137,422,203,133,158,56,20,26,35,2,1,41,17
2024-04-11,00,Deutschland,Erwachsene,ERWACHSENE,1025,13449,2276,5905,2250,433,169,226,196,13,3,322,111
2024-04-11,00,Deutschland,Kinder,NICU,174,1104,527,179,439,96,21,17,40,3,1,33,9
2024-04-11,00,Deutschland,Kinder,PICU,137,414,211,132,160,59,18,24,36,2,1,38,16
2024-04-12,00,Deutschland,Erwachsene,ERWACHSENE,1024,13418,2309,5921,2281,438,159,229,197,12,3,314,111
2024-04-12,00,Deutschland,Kinder,NICU,174,1115,521,182,439,94,22,17,41,3,1,34,9
2024-04-12,00,Deutschland,Kinder,PICU,136,385,224,133,169,59,20,22,35,2,1,39,16
2024-04-13,00,Deutschland,Erwachsene,ERWACHSENE,1022,13265,2355,5929,2297,437,156,231,197,10,3,320,101
2024-04-13,00,Deutschland,Kinder,NICU,172,1095,522,172,433,88,29,16,39,4,1,37,11
2024-04-13,00,Deutschland,Kinder,PICU,135,398,205,133,159,58,20,22,35,2,1,40,14
2024-04-14,00,Deutschland,Erwachsene,ERWACHSENE,1017,13062,2460,5935,2351,422,170,226,198,9,2,322,106
2024-04-14,00,Deutschland,Kinder,NICU,174,1118,525,181,434,92,25,18,39,4,1,35,12
2024-04-14,00,Deutschland,Kinder,PICU,136,397,209,132,171,57,22,22,35,2,1,41,16
2024-04-15,00,Deutschland,Erwachsene,ERWACHSENE,1021,13118,2469,5928,2406,441,164,219,196,10,2,313,101
2024-04-15,00,Deutschland,Kinder,NICU,174,1133,517,177,446,93,26,17,38,5,1,35,11
2024-04-15,00,Deutschland,Kinder,PICU,137,414,203,133,173,57,21,23,36,2,1,40,16
2024-04-16,00,Deutschland,Erwachsene,ERWACHSENE,1022,13378,2292,5910,2272,442,163,221,195,8,2,314,105
2024-04-16,00,Deutschland,Kinder,NICU,174,1122,528,169,459,94,25,17,38,4,1,35,11
2024-04-16,00,Deutschland,Kinder,PICU,139,448,193,136,173,58,20,24,37,3,1,40,17
2024-04-17,00,Deutschland,Erwachsene,ERWACHSENE,1024,13454,2321,5941,2296,450,160,216,197,10,1,310,104
2024-04-17,00,Deutschland,Kinder,NICU,174,1138,515,174,458,93,25,17,39,5,1,35,11
2024-04-17,00,Deutschland,Kinder,PICU,139,431,210,136,176,56,19,27,37,3,1,42,20
2024-04-18,00,Deutschland,Erwachsene,ERWACHSENE,1023,13474,2285,5941,2258,452,167,207,196,10,2,311,100
2024-04-18,00,Deutschland,Kinder,NICU,174,1141,510,170,449,94,24,17,39,5,1,34,10
2024-04-18,00,Deutschland,Kinder,PICU,139,433,210,135,170,57,19,27,36,3,1,42,19
2024-04-19,00,Deutschland,Erwachsene,ERWACHSENE,1020,13366,2341,5927,2303,454,169,199,197,10,2,309,94
2024-04-19,00,Deutschland,Kinder,NICU,176,1148,524,172,450,92,27,16,41,5,1,34,11
2024-04-19,00,Deutschland,Kinder,PICU,141,434,214,139,171,58,23,23,37,3,1,40,17
2024-04-20,00,Deutschland,Erwachsene,ERWACHSENE,1023,13232,2483,5941,2366,448,170,206,198,11,2,322,92
2024-04-20,00,Deutschland,Kinder,NICU,175,1117,539,171,434,94,24,17,40,4,1,34,9
2024-04-20,00,Deutschland,Kinder,PICU,140,427,226,137,171,55,23,24,38,3,1,41,17
2024-04-21,00,Deutschland,Erwachsene,ERWACHSENE,1018,12948,2625,5959,2426,447,163,209,198,10,2,318,95
2024-04-21,00,Deutschland,Kinder,NICU,175,1105,552,176,444,97,24,14,40,3,1,32,10
2024-04-21,00,Deutschland,Kinder,PICU,140,414,234,140,170,56,23,23,38,3,1,41,17
2024-04-22,00,Deutschland,Erwachsene,ERWACHSENE,1017,12973,2663,5925,2458,453,164,200,199,8,3,308,96
2024-04-22,00,Deutschland,Kinder,NICU,175,1130,526,171,442,95,26,15,39,4,1,35,11
2024-04-22,00,Deutschland,Kinder,PICU,140,402,243,140,176,55,23,23,39,3,1,40,16
2024-04-23,00,Deutschland,Erwachsene,ERWACHSENE,1019,13303,2379,5929,2290,453,164,200,201,10,1,307,95
2024-04-23,00,Deutschland,Kinder,NICU,174,1118,535,164,437,95,27,13,39,3,1,34,9
2024-04-23,00,Deutschland,Kinder,PICU,139,411,220,137,163,55,23,23,38,3,1,39,15
2024-04-24,00,Deutschland,Erwachsene,ERWACHSENE,1021,13403,2305,5918,2262,455,156,205,204,8,1,307,95
2024-04-24,00,Deutschland,Kinder,NICU,173,1099,537,164,435,94,25,15,39,4,1,35,10
2024-04-24,00,Deutschland,Kinder,PICU,138,426,202,137,159,53,21,25,39,3,2,40,16
2024-04-25,00,Deutschland,Erwachsene,ERWACHSENE,1024,13387,2354,5942,2311,445,164,209,205,7,1,312,98
2024-04-25,00,Deutschland,Kinder,NICU,172,1126,512,161,415,91,25,17,39,5,1,36,13
2024-04-25,00,Deutschland,Kinder,PICU,138,438,196,136,157,54,20,26,38,3,2,41,17
2024-04-26,00,Deutschland,Erwachsene,ERWACHSENE,1022,13343,2353,5932,2294,441,177,200,203,8,1,312,96
2024-04-26,00,Deutschland,Kinder,NICU,173,1143,496,161,416,96,24,14,39,2,1,33,9
2024-04-26,00,Deutschland,Kinder,PICU,140,432,221,136,165,56,20,25,39,4,2,42,16
2024-04-27,00,Deutschland,Erwachsene,ERWACHSENE,1021,13216,2369,5941,2325,436,168,213,203,7,1,317,90
2024-04-27,00,Deutschland,Kinder,NICU,173,1135,511,163,434,95,24,15,39,2,1,34,10
2024-04-27,00,Deutschland,Kinder,PICU,140,433,221,134,165,54,19,26,41,2,1,43,15
2024-04-28,00,Deutschland,Erwachsene,ERWACHSENE,1018,12980,2537,5902,2409,445,168,204,200,7,1,314,89
2024-04-28,00,Deutschland,Kinder,NICU,173,1123,522,161,424,94,25,15,39,2,1,34,10
2024-04-28,00,Deutschland,Kinder,PICU,140,438,216,135,162,54,20,26,40,2,1,44,15
2024-04-29,00,Deutschland,Erwachsene,ERWACHSENE,1019,13153,2468,5901,2359,447,165,202,204,11,1,309,91
2024-04-29,00,Deutschland,Kinder,NICU,172,1122,518,163,434,94,25,14,39,2,1,32,10
2024-04-29,00,Deutschland,Kinder,PICU,140,439,216,135,166,55,22,23,40,1,1,42,15
2024-04-30,00,Deutschland,Erwachsene,ERWACHSENE,1020,13458,2233,5908,2214,448,153,216,202,10,1,313,94
2024-04-30,00,Deutschland,Kinder,NICU,174,1128,522,163,431,95,23,15,41,1,1,30,9
2024-04-30,00,Deutschland,Kinder,PICU,142,449,212,138,165,58,21,23,40,1,0,40,15
2024-05-01,00,Deutschland,Erwachsene,ERWACHSENE,1018,13454,2167,5904,2120,445,153,223,196,10,1,317,100
2024-05-01,00,Deutschland,Kinder,NICU,174,1137,508,161,414,93,24,15,42,1,1,31,11
2024-05-01,00,Deutschland,Kinder,PICU,141,454,205,132,157,57,22,23,39,1,0,40,15
2024-05-02,00,Deutschland,Erwachsene,ERWACHSENE,1018,13275,2355,5913,2252,444,162,215,196,11,1,318,97
2024-05-02,00,Deutschland,Kinder,NICU,173,1121,523,155,416,95,22,15,41,1,1,30,10
2024-05-02,00,Deutschland,Kinder,PICU,141,435,226,135,167,57,23,22,39,2,0,40,15
2024-05-03,00,Deutschland,Erwachsene,ERWACHSENE,1015,13536,2054,5899,2026,429,166,219,200,10,1,321,101
2024-05-03,00,Deutschland,Kinder,NICU,173,1122,521,159,422,95,22,15,41,1,1,30,9
2024-05-03,00,Deutschland,Kinder,PICU,141,443,219,137,163,60,21,20,40,1,0,36,13
2024-05-04,00,Deutschland,Erwachsene,ERWACHSENE,1020,13408,2166,6004,2121,430,161,226,202,11,1,323,100
2024-05-04,00,Deutschland,Kinder,NICU,172,1103,524,157,406,96,22,13,41,1,1,29,8
2024-05-04,00,Deutschland,Kinder,PICU,141,447,216,139,165,63,19,20,39,3,0,34,12
2024-05-05,00,Deutschland,Erwachsene,ERWACHSENE,1017,13110,2359,5968,2243,422,163,225,206,13,1,319,102
2024-05-05,00,Deutschland,Kinder,NICU,174,1121,529,161,413,94,25,13,42,1,1,31,8
2024-05-05,00,Deutschland,Kinder,PICU,140,444,209,136,163,63,21,17,39,2,0,34,12
2024-05-06,00,Deutschland,Erwachsene,ERWACHSENE,1019,13136,2370,6016,2243,439,156,219,203,13,1,310,95
2024-05-06,00,Deutschland,Kinder,NICU,175,1099,550,167,422,98,22,13,42,1,1,30,6
2024-05-06,00,Deutschland,Kinder,PICU,140,433,217,136,169,66,16,18,40,1,0,30,11
2024-05-07,00,Deutschland,Erwachsene,ERWACHSENE,1019,13450,2071,5985,2073,427,167,226,197,9,1,330,106
2024-05-07,00,Deutschland,Kinder,NICU,175,1096,553,165,429,99,21,13,42,1,1,28,8
2024-05-07,00,Deutschland,Kinder,PICU,140,424,221,136,178,67,16,18,39,1,0,31,11
2024-05-08,00,Deutschland,Erwachsene,ERWACHSENE,1021,13435,2090,5986,2083,440,158,222,199,8,1,321,107
2024-05-08,00,Deutschland,Kinder,NICU,173,1075,557,165,434,97,21,13,42,1,1,28,6
2024-05-08,00,Deutschland,Kinder,PICU,138,421,222,133,170,63,16,20,39,1,0,33,10
2024-05-09,00,Deutschland,Erwachsene,ERWACHSENE,1024,13441,2114,6033,2058,428,166,230,198,9,2,327,112
2024-05-09,00,Deutschland,Kinder,NICU,173,1077,558,166,441,96,21,14,42,2,2,28,7
2024-05-09,00,Deutschland,Kinder,PICU,137,416,220,128,155,59,19,21,38,1,0,37,12
2024-05-10,00,Deutschland,Erwachsene,ERWACHSENE,1021,13086,2353,6051,2233,437,158,228,197,11,3,332,102
2024-05-10,00,Deutschland,Kinder,NICU,173,1075,555,165,441,98,23,10,42,2,2,27,5
2024-05-10,00,Deutschland,Kinder,PICU,137,400,230,126,167,58,20,20,39,2,0,38,12
2024-05-11,00,Deutschland,Erwachsene,ERWACHSENE,1019,12917,2377,6002,2244,434,159,230,195,12,4,336,94
2024-05-11,00,Deutschland,Kinder,NICU,172,1059,561,160,455,98,23,10,41,2,2,29,4
2024-05-11,00,Deutschland,Kinder,PICU,137,406,226,124,171,58,16,24,39,2,0,37,13
2024-05-12,00,Deutschland,Erwachsene,ERWACHSENE,1016,12746,2477,6005,2296,442,158,222,193,11,4,329,89
2024-05-12,00,Deutschland,Kinder,NICU,172,1058,566,160,452,98,22,12,40,3,2,31,4
2024-05-12,00,Deutschland,Kinder,PICU,137,394,241,125,173,57,16,26,38,3,0,38,14
2024-05-13,00,Deutschland,Erwachsene,ERWACHSENE,1017,12894,2478,6019,2323,446,150,225,195,13,4,321,92
2024-05-13,00,Deutschland,Kinder,NICU,172,1051,565,168,474,100,20,13,39,3,1,30,4
2024-05-13,00,Deutschland,Kinder,PICU,137,393,238,128,174,56,19,24,38,2,0,38,16
2024-05-14,00,Deutschland,Erwachsene,ERWACHSENE,1014,13232,2214,5986,2169,441,151,224,197,11,3,322,94
2024-05-14,00,Deutschland,Kinder,NICU,172,1061,552,169,466,99,23,11,39,2,1,31,3
2024-05-14,00,Deutschland,Kinder,PICU,137,421,218,124,163,56,18,25,38,1,0,37,16
2024-05-15,00,Deutschland,Erwachsene,ERWACHSENE,1017,13345,2129,5977,2100,439,150,229,198,10,3,329,94
2024-05-15,00,Deutschland,Kinder,NICU,173,1066,553,166,456,100,22,11,40,2,1,30,3
2024-05-15,00,Deutschland,Kinder,PICU,138,423,216,126,164,57,19,22,40,1,0,36,15
2024-05-16,00,Deutschland,Erwachsene,ERWACHSENE,1013,13336,2091,5930,2092,430,160,222,200,10,3,331,93
2024-05-16,00,Deutschland,Kinder,NICU,174,1076,554,169,470,98,22,12,42,3,1,30,5
2024-05-16,00,Deutschland,Kinder,PICU,139,417,221,130,163,61,19,20,39,1,0,35,12
2024-05-17,00,Deutschland,Erwachsene,ERWACHSENE,1013,13262,2141,5982,2140,432,162,221,197,9,3,329,94
2024-05-17,00,Deutschland,Kinder,NICU,173,1078,538,166,425,96,23,13,41,3,1,32,5
2024-05-17,00,Deutschland,Kinder,PICU,138,410,219,133,162,63,17,20,38,1,0,34,10
2024-05-18,00,Deutschland,Erwachsene,ERWACHSENE,1010,13100,2204,5962,2204,434,158,216,201,10,3,315,92
2024-05-18,00,Deutschland,Kinder,NICU,172,1055,554,163,426,95,23,12,42,2,1,30,7
2024-05-18,00,Deutschland,Kinder,PICU,137,410,206,124,157,60,20,19,38,1,0,37,10
2024-05-19,00,Deutschland,Erwachsene,ERWACHSENE,1006,12919,2349,5930,2279,429,156,220,200,12,3,316,86
2024-05-19,00,Deutschland,Kinder,NICU,172,1043,566,162,434,94,24,12,42,2,1,31,6
2024-05-19,00,Deutschland,Kinder,PICU,137,403,212,123,150,60,20,19,38,1,0,36,9
2024-05-20,00,Deutschland,Erwachsene,ERWACHSENE,1006,12860,2368,5872,2307,431,160,212,202,11,3,314,84
2024-05-20,00,Deutschland,Kinder,NICU,171,1051,554,162,429,96,23,13,39,2,1,31,6
2024-05-20,00,Deutschland,Kinder,PICU,137,396,217,125,155,59,21,18,39,1,0,36,8
2024-05-21,00,Deutschland,Erwachsene,ERWACHSENE,1004,12956,2428,5913,2268,443,159,197,204,11,3,305,83
2024-05-21,00,Deutschland,Kinder,NICU,172,1082,539,159,424,95,24,13,40,2,1,32,6
2024-05-21,00,Deutschland,Kinder,PICU,138,402,221,120,165,60,18,20,40,0,0,35,9
2024-05-22,00,Deutschland,Erwachsene,ERWACHSENE,1008,13228,2159,5959,2131,436,159,206,206,10,3,309,87
2024-05-22,00,Deutschland,Kinder,NICU,171,1091,521,159,409,93,25,13,40,2,1,31,8
2024-05-22,00,Deutschland,Kinder,PICU,138,418,206,117,150,61,19,18,40,0,0,35,8
2024-05-23,00,Deutschland,Erwachsene,ERWACHSENE,1009,13266,2118,5951,2164,436,159,203,210,10,3,298,92
2024-05-23,00,Deutschland,Kinder,NICU,172,1101,512,167,408,90,28,14,40,4,1,34,10
2024-05-23,00,Deutschland,Kinder,PICU,138,428,204,116,150,59,21,18,40,0,0,36,11
2024-05-24,00,Deutschland,Erwachsene,ERWACHSENE,1003,13205,2086,5927,2142,420,162,209,211,9,3,306,98
2024-05-24,00,Deutschland,Kinder,NICU,173,1098,524,170,426,93,26,14,40,4,1,32,9
2024-05-24,00,Deutschland,Kinder,PICU,139,422,209,118,151,60,21,18,40,1,0,36,10
2024-05-25,00,Deutschland,Erwachsene,ERWACHSENE,1004,13035,2168,5951,2192,423,168,206,206,9,3,313,93
2024-05-25,00,Deutschland,Kinder,NICU,173,1116,508,170,411,89,28,14,42,5,1,33,9
2024-05-25,00,Deutschland,Kinder,PICU,139,416,213,117,158,61,19,18,41,1,0,36,8
2024-05-26,00,Deutschland,Erwachsene,ERWACHSENE,1005,12834,2346,5964,2301,420,160,214,210,10,3,317,94
2024-05-26,00,Deutschland,Kinder,NICU,174,1093,546,168,423,89,27,15,43,5,1,34,9
2024-05-26,00,Deutschland,Kinder,PICU,139,398,227,119,165,60,20,19,40,1,0,37,9
2024-05-27,00,Deutschland,Erwachsene,ERWACHSENE,1009,12867,2458,5965,2396,439,160,206,203,9,3,312,90
2024-05-27,00,Deutschland,Kinder,NICU,174,1094,541,173,430,92,25,16,41,5,1,35,8
2024-05-27,00,Deutschland,Kinder,PICU,139,399,229,117,169,63,19,16,41,1,0,33,7
2024-05-28,00,Deutschland,Erwachsene,ERWACHSENE,1009,13118,2284,5914,2254,434,170,203,201,9,3,315,92
2024-05-28,00,Deutschland,Kinder,NICU,172,1070,538,169,457,91,25,16,40,5,1,35,9
2024-05-28,00,Deutschland,Kinder,PICU,137,418,209,118,159,60,18,18,41,0,0,35,8
2024-05-29,00,Deutschland,Erwachsene,ERWACHSENE,1006,13155,2186,5877,2145,425,169,211,200,10,3,319,99
2024-05-29,00,Deutschland,Kinder,NICU,172,1079,526,171,441,91,24,17,40,4,1,35,8
2024-05-29,00,Deutschland,Kinder,PICU,137,426,206,116,152,59,19,18,41,0,0,36,8
2024-05-30,00,Deutschland,Erwachsene,ERWACHSENE,1008,13154,2263,5918,2192,428,171,213,195,11,3,324,97
2024-05-30,00,Deutschland,Kinder,NICU,172,1077,532,171,450,91,23,18,40,4,1,34,7
2024-05-30,00,Deutschland,Kinder,PICU,137,416,209,117,160,59,18,19,41,1,0,36,6
2024-05-31,00,Deutschland,Erwachsene,ERWACHSENE,1003,12914,2371,5858,2280,426,172,212,192,8,3,326,88
2024-05-31,00,Deutschland,Kinder,NICU,171,1070,521,170,430,89,25,17,40,4,1,33,8
2024-05-31,00,Deutschland,Kinder,PICU,135,376,227,117,169,60,15,18,42,1,0,32,4
2024-06-01,00,Deutschland,Erwachsene,ERWACHSENE,1006,12819,2435,5871,2305,428,172,216,189,7,3,337,85
2024-06-01,00,Deutschland,Kinder,NICU,171,1067,537,171,435,91,25,16,39,4,1,31,10
2024-06-01,00,Deutschland,Kinder,PICU,135,362,234,120,175,62,16,17,40,1,0,32,5
2024-06-02,00,Deutschland,Erwachsene,ERWACHSENE,1001,12661,2498,5854,2376,435,167,212,186,9,3,333,81
2024-06-02,00,Deutschland,Kinder,NICU,172,1074,544,170,443,91,27,14,40,3,1,32,9
2024-06-02,00,Deutschland,Kinder,PICU,136,375,224,123,175,65,14,17,40,1,0,30,5
2024-06-03,00,Deutschland,Erwachsene,ERWACHSENE,1005,12806,2497,5871,2402,440,158,213,193,11,3,322,88
2024-06-03,00,Deutschland,Kinder,NICU,172,1054,561,169,449,92,24,16,40,2,1,34,8
2024-06-03,00,Deutschland,Kinder,PICU,136,352,240,128,179,66,13,16,41,1,0,28,5
2024-06-04,00,Deutschland,Erwachsene,ERWACHSENE,1006,13145,2252,5854,2278,437,158,216,194,10,3,319,94
2024-06-04,00,Deutschland,Kinder,NICU,172,1053,562,166,457,92,22,18,40,2,1,33,9
2024-06-04,00,Deutschland,Kinder,PICU,136,366,236,125,177,63,14,18,41,1,0,29,8
2024-06-05,00,Deutschland,Erwachsene,ERWACHSENE,1005,13178,2231,5811,2226,447,156,207,194,11,3,311,84
2024-06-05,00,Deutschland,Kinder,NICU,172,1063,541,168,450,94,20,17,41,2,1,31,9
2024-06-05,00,Deutschland,Kinder,PICU,136,387,223,120,186,63,14,18,41,1,0,30,7
2024-06-06,00,Deutschland,Erwachsene,ERWACHSENE,1007,13226,2253,5857,2263,447,148,216,195,11,3,315,83
2024-06-06,00,Deutschland,Kinder,NICU,172,1093,523,165,444,91,21,19,41,3,1,32,11
2024-06-06,00,Deutschland,Kinder,PICU,137,394,222,122,175,64,14,17,42,1,0,30,6
2024-06-07,00,Deutschland,Erwachsene,ERWACHSENE,1001,13044,2310,5822,2326,441,150,212,197,12,3,309,90
2024-06-07,00,Deutschland,Kinder,NICU,171,1101,497,167,416,92,22,17,40,3,1,32,11
2024-06-07,00,Deutschland,Kinder,PICU,136,390,223,122,181,62,14,18,42,1,0,31,7
2024-06-08,00,Deutschland,Erwachsene,ERWACHSENE,1001,12896,2361,5830,2314,425,162,211,202,11,3,322,91
2024-06-08,00,Deutschland,Kinder,NICU,172,1117,502,167,418,93,20,20,39,3,1,34,12
2024-06-08,00,Deutschland,Kinder,PICU,136,371,238,126,190,65,11,19,41,1,0,30,8
2024-06-09,00,Deutschland,Erwachsene,ERWACHSENE,994,12651,2463,5836,2353,422,163,205,203,13,3,316,90
2024-06-09,00,Deutschland,Kinder,NICU,172,1123,493,164,418,94,19,21,38,4,1,34,12
2024-06-09,00,Deutschland,Kinder,PICU,136,366,241,124,186,64,11,20,41,2,0,30,10
2024-06-10,00,Deutschland,Erwachsene,ERWACHSENE,997,12683,2554,5887,2463,428,168,194,206,13,3,309,83
2024-06-10,00,Deutschland,Kinder,NICU,172,1137,481,163,412,93,20,18,41,3,1,32,13
2024-06-10,00,Deutschland,Kinder,PICU,136,370,249,124,190,64,12,18,42,0,0,30,9
2024-06-11,00,Deutschland,Erwachsene,ERWACHSENE,999,12993,2336,5858,2315,436,169,192,201,12,3,309,80
2024-06-11,00,Deutschland,Kinder,NICU,172,1131,496,164,430,93,23,15,41,3,1,31,14
2024-06-11,00,Deutschland,Kinder,PICU,137,411,222,120,176,62,12,22,41,0,0,31,12
2024-06-12,00,Deutschland,Erwachsene,ERWACHSENE,1000,13037,2288,5854,2300,439,174,185,201,13,3,301,85
2024-06-12,00,Deutschland,Kinder,NICU,172,1118,508,167,431,95,22,14,41,3,1,32,10
2024-06-12,00,Deutschland,Kinder,PICU,137,406,220,124,177,61,14,20,42,0,0,31,12
2024-06-13,00,Deutschland,Erwachsene,ERWACHSENE,996,13020,2244,5860,2299,432,176,184,203,11,2,306,83
2024-06-13,00,Deutschland,Kinder,NICU,171,1124,488,164,441,93,26,12,40,3,1,32,12
2024-06-13,00,Deutschland,Kinder,PICU,136,406,224,124,181,61,16,18,41,0,0,30,11
2024-06-14,00,Deutschland,Erwachsene,ERWACHSENE,995,13001,2240,5889,2273,437,171,182,204,11,2,308,76
2024-06-14,00,Deutschland,Kinder,NICU,172,1119,501,163,453,94,22,16,40,3,1,33,10
2024-06-14,00,Deutschland,Kinder,PICU,137,444,202,131,164,62,12,22,41,0,0,30,12
2024-06-15,00,Deutschland,Erwachsene,ERWACHSENE,1002,12882,2348,5919,2259,420,178,193,210,10,2,323,79
2024-06-15,00,Deutschland,Kinder,NICU,174,1126,518,165,449,92,26,15,41,3,1,36,10
2024-06-15,00,Deutschland,Kinder,PICU,139,437,215,133,171,60,14,23,42,0,0,32,12
2024-06-16,00,Deutschland,Erwachsene,ERWACHSENE,995,12580,2542,5884,2425,425,171,188,210,11,2,311,75
2024-06-16,00,Deutschland,Kinder,NICU,174,1137,506,163,445,87,29,17,41,4,1,41,14
2024-06-16,00,Deutschland,Kinder,PICU,139,422,225,132,181,59,13,25,42,0,0,33,12
2024-06-17,00,Deutschland,Erwachsene,ERWACHSENE,993,12573,2555,5879,2456,432,167,189,204,11,2,308,77
2024-06-17,00,Deutschland,Kinder,NICU,174,1161,486,172,439,87,29,15,43,4,1,40,11
2024-06-17,00,Deutschland,Kinder,PICU,139,410,230,133,182,61,12,24,42,0,0,32,10
2024-06-18,00,Deutschland,Erwachsene,ERWACHSENE,994,12855,2355,5833,2332,429,167,193,204,10,1,305,84
2024-06-18,00,Deutschland,Kinder,NICU,173,1150,490,169,438,87,28,16,42,4,1,39,10
2024-06-18,00,Deutschland,Kinder,PICU,139,417,220,135,174,59,14,24,42,0,0,35,13
2024-06-19,00,Deutschland,Erwachsene,ERWACHSENE,993,12982,2211,5821,2176,419,168,198,207,11,1,308,86
2024-06-19,00,Deutschland,Kinder,NICU,173,1157,489,169,426,88,27,16,42,4,1,38,10
2024-06-19,00,Deutschland,Kinder,PICU,139,416,219,135,180,61,14,22,42,0,0,34,11
2024-06-20,00,Deutschland,Erwachsene,ERWACHSENE,996,13088,2133,5832,2164,420,173,196,206,11,1,312,86
2024-06-20,00,Deutschland,Kinder,NICU,172,1153,483,168,417,89,27,15,41,4,1,38,9
2024-06-20,00,Deutschland,Kinder,PICU,138,412,214,134,170,62,15,21,40,0,0,34,11
2024-06-21,00,Deutschland,Erwachsene,ERWACHSENE,995,13042,2132,5788,2124,419,162,208,205,7,1,318,81
2024-06-21,00,Deutschland,Kinder,NICU,172,1161,481,166,411,93,25,14,40,4,1,35,8
2024-06-21,00,Deutschland,Kinder,PICU,138,413,225,134,162,62,14,23,39,0,0,34,12
2024-06-22,00,Deutschland,Erwachsene,ERWACHSENE,995,12703,2290,5785,2234,402,171,218,203,9,2,333,87
2024-06-22,00,Deutschland,Kinder,NICU,172,1150,474,164,401,93,25,14,40,4,1,35,8
2024-06-22,00,Deutschland,Kinder,PICU,137,406,220,125,157,61,17,21,38,0,0,34,11
2024-06-23,00,Deutschland,Erwachsene,ERWACHSENE,993,12563,2396,5789,2300,419,164,208,201,9,2,317,82
2024-06-23,00,Deutschland,Kinder,NICU,172,1128,491,161,410,92,26,14,40,4,1,36,8
2024-06-23,00,Deutschland,Kinder,PICU,137,394,225,126,161,58,20,22,37,0,0,37,15
2024-06-24,00,Deutschland,Erwachsene,ERWACHSENE,993,12623,2467,5830,2338,436,159,197,200,11,2,299,86
2024-06-24,00,Deutschland,Kinder,NICU,171,1097,512,160,424,92,27,13,39,4,1,37,8
2024-06-24,00,Deutschland,Kinder,PICU,136,397,225,128,164,54,20,23,39,1,0,37,15
2024-06-25,00,Deutschland,Erwachsene,ERWACHSENE,993,12851,2297,5802,2281,443,157,193,199,10,2,297,81
2024-06-25,00,Deutschland,Kinder,NICU,172,1087,522,159,434,93,26,13,40,4,1,36,7
2024-06-25,00,Deutschland,Kinder,PICU,137,391,233,129,167,55,20,22,40,1,0,38,14
2024-06-26,00,Deutschland,Erwachsene,ERWACHSENE,993,13018,2200,5795,2209,427,162,202,201,6,1,307,90
2024-06-26,00,Deutschland,Kinder,NICU,172,1115,507,162,429,92,25,16,39,4,1,37,6
2024-06-26,00,Deutschland,Kinder,PICU,137,410,225,131,163,56,21,21,39,1,0,38,14
2024-06-27,00,Deutschland,Erwachsene,ERWACHSENE,990,12900,2248,5813,2250,406,168,209,206,6,1,316,96
2024-06-27,00,Deutschland,Kinder,NICU,172,1114,505,162,426,92,26,15,39,4,1,37,6
2024-06-27,00,Deutschland,Kinder,PICU,137,411,226,133,173,57,20,21,39,1,0,37,14
2024-06-28,00,Deutschland,Erwachsene,ERWACHSENE,982,12900,2255,5842,2208,406,165,205,205,6,1,315,93
2024-06-28,00,Deutschland,Kinder,NICU,171,1111,501,153,430,89,28,15,39,4,1,39,8
2024-06-28,00,Deutschland,Kinder,PICU,137,408,232,130,169,57,19,22,39,1,0,37,13
2024-06-29,00,Deutschland,Erwachsene,ERWACHSENE,989,12904,2310,5911,2268,405,168,207,208,7,1,320,94
2024-06-29,00,Deutschland,Kinder,NICU,171,1110,512,151,442,85,34,15,37,4,1,44,10
2024-06-29,00,Deutschland,Kinder,PICU,137,389,232,128,174,58,22,18,39,1,0,36,12
2024-06-30,00,Deutschland,Erwachsene,ERWACHSENE,985,12692,2425,5873,2332,410,160,210,204,8,1,314,90
2024-06-30,00,Deutschland,Kinder,NICU,172,1105,519,154,443,88,32,15,37,4,1,42,8
2024-06-30,00,Deutschland,Kinder,PICU,137,376,244,130,174,62,19,17,39,2,0,33,11
2024-07-01,00,Deutschland,Erwachsene,ERWACHSENE,987,12725,2521,5848,2455,435,158,192,201,8,0,299,79
2024-07-01,00,Deutschland,Kinder,NICU,171,1099,526,150,445,91,30,14,36,4,1,39,8
2024-07-01,00,Deutschland,Kinder,PICU,138,398,232,130,169,61,22,16,39,2,0,34,11
2024-07-02,00,Deutschland,Erwachsene,ERWACHSENE,990,13051,2365,5812,2342,438,153,198,200,9,0,302,85
2024-07-02,00,Deutschland,Kinder,NICU,171,1080,532,161,443,92,27,15,37,4,1,37,7
2024-07-02,00,Deutschland,Kinder,PICU,137,399,226,129,170,63,20,15,39,1,0,32,9
2024-07-03,00,Deutschland,Erwachsene,ERWACHSENE,988,13085,2338,5785,2254,433,152,201,201,8,0,302,87
2024-07-03,00,Deutschland,Kinder,NICU,171,1082,530,160,424,89,29,14,39,4,1,36,9
2024-07-03,00,Deutschland,Kinder,PICU,137,413,211,130,163,59,22,17,39,1,0,34,13
2024-07-04,00,Deutschland,Erwachsene,ERWACHSENE,986,13178,2232,5778,2204,436,152,196,201,7,1,300,84
2024-07-04,00,Deutschland,Kinder,NICU,172,1089,530,163,426,91,29,14,38,4,1,36,10
2024-07-04,00,Deutschland,Kinder,PICU,136,389,224,128,156,57,23,17,39,2,0,37,13
2024-07-05,00,Deutschland,Erwachsene,ERWACHSENE,987,12935,2235,5804,2177,443,149,195,199,6,1,300,83
2024-07-05,00,Deutschland,Kinder,NICU,172,1097,522,161,438,90,30,14,38,5,1,38,9
2024-07-05,00,Deutschland,Kinder,PICU,136,380,233,125,157,53,25,19,39,2,0,40,16
2024-07-06,00,Deutschland,Erwachsene,ERWACHSENE,988,12742,2354,5803,2232,437,140,207,203,7,2,305,81
2024-07-06,00,Deutschland,Kinder,NICU,172,1089,531,158,451,93,28,12,39,5,1,36,6
2024-07-06,00,Deutschland,Kinder,PICU,137,400,226,127,160,55,24,19,39,2,0,39,15
2024-07-07,00,Deutschland,Erwachsene,ERWACHSENE,986,12533,2505,5778,2333,440,139,202,204,8,2,295,84
2024-07-07,00,Deutschland,Kinder,NICU,171,1095,512,162,433,91,29,13,38,4,1,36,7
2024-07-07,00,Deutschland,Kinder,PICU,137,406,221,126,157,55,25,18,39,2,0,38,14
2024-07-08,00,Deutschland,Erwachsene,ERWACHSENE,986,12582,2519,5778,2380,440,148,194,203,7,1,298,90
2024-07-08,00,Deutschland,Kinder,NICU,170,1100,506,164,418,91,29,12,38,3,1,35,8
2024-07-08,00,Deutschland,Kinder,PICU,136,383,238,128,165,58,21,18,39,2,0,36,12
2024-07-09,00,Deutschland,Erwachsene,ERWACHSENE,985,12739,2385,5754,2303,445,150,187,202,7,1,284,91
2024-07-09,00,Deutschland,Kinder,NICU,171,1100,518,162,428,94,26,12,39,3,1,33,8
2024-07-09,00,Deutschland,Kinder,PICU,137,387,233,128,170,60,20,19,38,2,0,35,12
2024-07-10,00,Deutschland,Erwachsene,ERWACHSENE,985,12920,2217,5772,2214,437,155,189,203,8,1,291,94
2024-07-10,00,Deutschland,Kinder,NICU,171,1071,550,172,444,95,25,11,40,2,1,32,5
2024-07-10,00,Deutschland,Kinder,PICU,137,402,224,129,164,61,20,18,38,2,0,34,10
2024-07-11,00,Deutschland,Erwachsene,ERWACHSENE,984,12908,2220,5765,2186,427,160,190,206,8,2,295,100
2024-07-11,00,Deutschland,Kinder,NICU,171,1088,543,170,448,94,26,11,40,2,1,33,6
2024-07-11,00,Deutschland,Kinder,PICU,138,402,228,130,172,61,22,17,38,2,0,34,12
2024-07-12,00,Deutschland,Erwachsene,ERWACHSENE,980,12893,2128,5746,2103,412,163,196,208,7,2,296,104
2024-07-12,00,Deutschland,Kinder,NICU,169,1082,548,159,440,93,29,9,38,3,1,34,6
2024-07-12,00,Deutschland,Kinder,PICU,135,394,210,126,158,58,21,19,37,2,0,35,12
2024-07-13,00,Deutschland,Erwachsene,ERWACHSENE,988,12832,2247,5793,2201,420,171,194,202,7,2,313,95
2024-07-13,00,Deutschland,Kinder,NICU,172,1101,556,159,433,94,31,10,37,3,2,37,6
2024-07-13,00,Deutschland,Kinder,PICU,137,395,222,126,156,58,23,20,36,2,0,38,13
2024-07-14,00,Deutschland,Erwachsene,ERWACHSENE,981,12595,2337,5808,2248,424,164,194,199,5,0,310,90
2024-07-14,00,Deutschland,Kinder,NICU,171,1088,559,160,426,95,30,10,36,4,2,35,8
2024-07-14,00,Deutschland,Kinder,PICU,136,380,225,128,162,60,25,19,32,2,0,38,13
2024-07-15,00,Deutschland,Erwachsene,ERWACHSENE,987,12645,2467,5787,2405,430,173,189,194,7,0,309,89
2024-07-15,00,Deutschland,Kinder,NICU,171,1085,556,158,439,95,29,11,36,4,1,33,9
2024-07-15,00,Deutschland,Kinder,PICU,137,391,230,130,171,63,22,20,32,2,0,37,12
2024-07-16,00,Deutschland,Erwachsene,ERWACHSENE,988,12857,2317,5713,2332,426,174,189,198,8,1,305,87
2024-07-16,00,Deutschland,Kinder,NICU,172,1080,565,167,442,93,29,12,38,5,1,34,10
2024-07-16,00,Deutschland,Kinder,PICU,138,406,225,129,167,63,20,22,33,2,0,36,12
2024-07-17,00,Deutschland,Erwachsene,ERWACHSENE,985,12842,2288,5657,2321,431,174,191,188,8,1,305,93
2024-07-17,00,Deutschland,Kinder,NICU,172,1078,568,162,438,92,29,12,39,5,1,35,10
2024-07-17,00,Deutschland,Kinder,PICU,138,412,223,132,160,61,22,21,34,1,0,36,12
2024-07-18,00,Deutschland,Erwachsene,ERWACHSENE,988,12960,2236,5685,2266,440,164,195,188,8,1,300,90
2024-07-18,00,Deutschland,Kinder,NICU,170,1082,556,162,431,93,29,10,38,5,1,33,10
2024-07-18,00,Deutschland,Kinder,PICU,138,406,231,133,174,61,21,22,34,2,0,36,12
2024-07-19,00,Deutschland,Erwachsene,ERWACHSENE,985,12803,2326,5694,2308,437,164,195,188,9,1,298,91
2024-07-19,00,Deutschland,Kinder,NICU,168,1074,540,158,425,90,27,12,39,3,2,34,8
2024-07-19,00,Deutschland,Kinder,PICU,137,395,237,133,177,61,19,22,35,2,0,35,11
2024-07-20,00,Deutschland,Erwachsene,ERWACHSENE,981,12616,2363,5668,2229,428,171,194,187,7,1,309,88
2024-07-20,00,Deutschland,Kinder,NICU,167,1075,529,159,433,91,26,12,38,3,2,34,8
2024-07-20,00,Deutschland,Kinder,PICU,136,400,226,134,176,62,20,18,36,2,0,32,9
2024-07-21,00,Deutschland,Erwachsene,ERWACHSENE,982,12428,2516,5685,2360,435,156,199,191,7,1,300,84
2024-07-21,00,Deutschland,Kinder,NICU,167,1072,530,160,437,90,27,12,38,3,2,35,9
2024-07-21,00,Deutschland,Kinder,PICU,136,385,243,135,184,60,20,19,37,2,0,33,10
2024-07-22,00,Deutschland,Erwachsene,ERWACHSENE,981,12520,2496,5670,2362,434,154,199,193,7,1,293,87
2024-07-22,00,Deutschland,Kinder,NICU,167,1065,542,169,450,92,26,11,38,3,2,33,9
2024-07-22,00,Deutschland,Kinder,PICU,135,382,245,136,186,61,20,17,37,2,0,31,10
2024-07-23,00,Deutschland,Erwachsene,ERWACHSENE,983,12806,2305,5705,2274,429,152,205,196,7,1,295,98
2024-07-23,00,Deutschland,Kinder,NICU,167,1055,559,159,449,95,24,11,37,3,1,31,9
2024-07-23,00,Deutschland,Kinder,PICU,135,391,241,134,180,63,19,15,38,2,0,28,9
2024-07-24,00,Deutschland,Erwachsene,ERWACHSENE,984,12861,2282,5718,2266,426,155,204,198,8,1,291,103
2024-07-24,00,Deutschland,Kinder,NICU,168,1058,561,155,442,93,24,12,39,3,2,32,10
2024-07-24,00,Deutschland,Kinder,PICU,135,398,232,136,169,60,19,17,39,2,0,30,10
2024-07-25,00,Deutschland,Erwachsene,ERWACHSENE,982,12712,2376,5747,2322,426,158,202,195,9,1,297,105
2024-07-25,00,Deutschland,Kinder,NICU,168,1068,545,156,438,93,23,13,39,3,1,32,9
2024-07-25,00,Deutschland,Kinder,PICU,135,395,240,138,168,59,21,16,39,2,0,31,11
2024-07-26,00,Deutschland,Erwachsene,ERWACHSENE,970,12509,2360,5678,2325,428,152,201,188,8,1,290,98
2024-07-26,00,Deutschland,Kinder,NICU,167,1056,541,155,442,92,24,12,39,4,1,32,10
2024-07-26,00,Deutschland,Kinder,PICU,133,388,217,125,163,58,20,16,39,2,0,30,9
2024-07-27,00,Deutschland,Erwachsene,ERWACHSENE,975,12455,2532,5687,2280,436,151,194,193,9,1,283,94
2024-07-27,00,Deutschland,Kinder,NICU,168,1051,549,155,439,89,25,14,40,4,1,33,11
2024-07-27,00,Deutschland,Kinder,PICU,134,382,227,121,163,60,18,15,41,1,0,27,8
2024-07-28,00,Deutschland,Erwachsene,ERWACHSENE,973,12194,2573,5667,2423,441,146,189,196,10,1,283,89
2024-07-28,00,Deutschland,Kinder,NICU,168,1040,566,155,464,94,21,14,39,4,1,31,9
2024-07-28,00,Deutschland,Kinder,PICU,134,373,240,119,179,61,15,18,40,1,0,28,7
2024-07-29,00,Deutschland,Erwachsene,ERWACHSENE,975,12185,2686,5668,2525,446,147,187,194,9,1,277,91
2024-07-29,00,Deutschland,Kinder,NICU,168,1049,554,159,459,91,26,13,38,4,1,35,9
2024-07-29,00,Deutschland,Kinder,PICU,134,364,252,119,189,61,19,14,40,0,0,28,7
2024-07-30,00,Deutschland,Erwachsene,ERWACHSENE,979,12546,2502,5749,2444,437,150,192,199,7,1,279,96
2024-07-30,00,Deutschland,Kinder,NICU,167,1022,566,154,449,89,26,13,39,5,1,35,10
2024-07-30,00,Deutschland,Kinder,PICU,133,377,230,118,174,61,19,13,40,0,0,28,7
2024-07-31,00,Deutschland,Erwachsene,ERWACHSENE,975,12741,2304,5689,2296,435,150,199,190,11,1,283,101
2024-07-31,00,Deutschland,Kinder,NICU,167,1036,560,159,452,91,25,13,38,5,1,34,11
2024-07-31,00,Deutschland,Kinder,PICU,134,385,226,117,172,63,18,13,40,0,0,28,7
2024-08-01,00,Deutschland,Erwachsene,ERWACHSENE,972,12642,2342,5705,2264,438,148,199,186,12,1,288,97
2024-08-01,00,Deutschland,Kinder,NICU,167,1028,574,160,460,92,26,12,37,3,1,34,9
2024-08-01,00,Deutschland,Kinder,PICU,134,371,237,117,183,64,17,13,40,0,0,27,5
2024-08-02,00,Deutschland,Erwachsene,ERWACHSENE,967,12614,2260,5682,2227,427,152,199,188,11,1,291,97
2024-08-02,00,Deutschland,Kinder,NICU,165,1007,575,153,445,94,25,11,35,3,1,32,9
2024-08-02,00,Deutschland,Kinder,PICU,133,383,223,117,173,64,18,12,39,0,0,28,5
2024-08-03,00,Deutschland,Erwachsene,ERWACHSENE,969,12444,2375,5680,2287,414,153,214,187,11,1,306,101
2024-08-03,00,Deutschland,Kinder,NICU,165,1015,565,153,449,94,24,12,35,2,1,32,9
2024-08-03,00,Deutschland,Kinder,PICU,133,374,232,115,172,64,18,12,39,0,0,29,5
2024-08-04,00,Deutschland,Erwachsene,ERWACHSENE,966,12194,2518,5692,2323,422,157,201,185,11,1,299,97
2024-08-04,00,Deutschland,Kinder,NICU,165,1013,562,152,459,96,22,12,35,2,1,31,9
2024-08-04,00,Deutschland,Kinder,PICU,133,377,231,116,174,64,18,12,39,0,0,28,5
2024-08-05,00,Deutschland,Erwachsene,ERWACHSENE,968,12124,2702,5705,2487,445,146,188,188,11,1,282,89
2024-08-05,00,Deutschland,Kinder,NICU,166,1024,560,156,457,95,22,13,36,2,1,31,9
2024-08-05,00,Deutschland,Kinder,PICU,134,360,245,117,182,64,17,14,39,0,0,29,5
2024-08-06,00,Deutschland,Erwachsene,ERWACHSENE,968,12300,2547,5649,2416,441,146,191,189,11,1,288,88
2024-08-06,00,Deutschland,Kinder,NICU,166,1029,567,157,456,93,25,11,37,1,1,32,11
2024-08-06,00,Deutschland,Kinder,PICU,135,373,244,119,186,63,18,14,40,0,0,29,6
2024-08-07,00,Deutschland,Erwachsene,ERWACHSENE,963,12418,2403,5557,2333,443,148,189,182,10,1,287,87
2024-08-07,00,Deutschland,Kinder,NICU,166,1027,554,153,451,95,24,11,36,1,1,32,8
2024-08-07,00,Deutschland,Kinder,PICU,135,386,226,115,180,65,17,13,40,0,0,28,7
2024-08-08,00,Deutschland,Erwachsene,ERWACHSENE,964,12497,2344,5583,2307,439,150,190,184,11,1,289,92
2024-08-08,00,Deutschland,Kinder,NICU,166,1039,541,150,447,93,25,12,36,2,1,34,8
2024-08-08,00,Deutschland,Kinder,PICU,134,372,233,115,179,64,16,15,39,0,0,27,8
2024-08-09,00,Deutschland,Erwachsene,ERWACHSENE,963,12345,2381,5574,2345,437,147,195,183,10,1,294,92
2024-08-09,00,Deutschland,Kinder,NICU,168,1046,543,149,445,96,23,13,36,2,1,33,8
2024-08-09,00,Deutschland,Kinder,PICU,136,381,242,120,188,63,20,14,39,0,0,30,8
2024-08-10,00,Deutschland,Erwachsene,ERWACHSENE,966,12261,2372,5585,2317,437,141,202,185,9,1,290,88
2024-08-10,00,Deutschland,Kinder,NICU,170,1061,561,162,449,97,23,13,37,1,1,33,9
2024-08-10,00,Deutschland,Kinder,PICU,138,382,244,121,193,66,18,13,41,0,0,30,6
2024-08-11,00,Deutschland,Erwachsene,ERWACHSENE,963,11979,2476,5580,2349,439,146,190,187,9,1,291,78
2024-08-11,00,Deutschland,Kinder,NICU,171,1058,574,172,449,96,25,13,37,2,1,35,11
2024-08-11,00,Deutschland,Kinder,PICU,138,376,246,121,184,63,18,16,41,0,0,33,9
2024-08-12,00,Deutschland,Erwachsene,ERWACHSENE,967,12054,2535,5615,2407,432,158,188,188,12,2,295,83
2024-08-12,00,Deutschland,Kinder,NICU,168,1027,577,168,471,95,25,12,36,2,1,34,11
2024-08-12,00,Deutschland,Kinder,PICU,137,377,253,129,194,65,19,14,39,0,0,32,9
2024-08-13,00,Deutschland,Erwachsene,ERWACHSENE,968,12395,2435,5578,2392,438,156,188,185,10,2,288,82
2024-08-13,00,Deutschland,Kinder,NICU,169,1043,571,175,471,98,23,11,37,2,1,32,10
2024-08-13,00,Deutschland,Kinder,PICU,137,390,241,130,187,64,18,16,39,0,0,32,9
2024-08-14,00,Deutschland,Erwachsene,ERWACHSENE,966,12460,2379,5579,2297,429,161,187,188,11,2,288,88
2024-08-14,00,Deutschland,Kinder,NICU,169,1039,575,175,478,99,23,11,36,2,1,32,9
2024-08-14,00,Deutschland,Kinder,PICU,137,385,252,131,186,65,20,15,37,0,0,34,10
2024-08-15,00,Deutschland,Erwachsene,ERWACHSENE,965,12507,2327,5603,2280,424,159,195,186,12,2,292,93
2024-08-15,00,Deutschland,Kinder,NICU,169,1022,590,174,482,99,24,10,36,2,1,32,9
2024-08-15,00,Deutschland,Kinder,PICU,137,379,254,133,189,65,20,15,37,0,0,34,9
2024-08-16,00,Deutschland,Erwachsene,ERWACHSENE,962,12363,2383,5597,2338,427,158,187,189,12,2,289,83
2024-08-16,00,Deutschland,Kinder,NICU,170,1048,570,177,488,101,23,10,36,2,1,31,9
2024-08-16,00,Deutschland,Kinder,PICU,138,395,245,134,185,63,20,17,38,0,0,35,10
2024-08-17,00,Deutschland,Erwachsene,ERWACHSENE,962,12270,2413,5632,2349,431,158,188,184,12,2,288,80
2024-08-17,00,Deutschland,Kinder,NICU,170,1056,569,173,491,101,23,10,36,2,1,31,10
2024-08-17,00,Deutschland,Kinder,PICU,137,385,248,133,193,64,18,17,38,0,0,34,9
2024-08-18,00,Deutschland,Erwachsene,ERWACHSENE,963,12053,2581,5663,2428,441,145,191,185,12,2,283,77
2024-08-18,00,Deutschland,Kinder,NICU,167,1044,550,159,488,96,23,10,38,2,1,31,10
2024-08-18,00,Deutschland,Kinder,PICU,136,375,258,132,195,64,19,13,40,0,0,31,8
2024-08-19,00,Deutschland,Erwachsene,ERWACHSENE,965,12049,2654,5611,2525,451,139,188,186,11,3,274,79
2024-08-19,00,Deutschland,Kinder,NICU,166,1019,561,159,486,96,25,10,35,2,1,33,11
2024-08-19,00,Deutschland,Kinder,PICU,134,384,244,131,188,64,18,14,38,0,0,30,11
2024-08-20,00,Deutschland,Erwachsene,ERWACHSENE,963,12261,2474,5612,2401,449,146,180,187,12,3,269,75
2024-08-20,00,Deutschland,Kinder,NICU,166,1035,555,153,488,96,22,12,36,2,1,32,10
2024-08-20,00,Deutschland,Kinder,PICU,133,375,235,126,182,63,20,12,38,0,0,30,9
2024-08-21,00,Deutschland,Erwachsene,ERWACHSENE,962,12383,2373,5631,2334,451,138,182,190,11,2,264,74
2024-08-21,00,Deutschland,Kinder,NICU,166,1020,577,152,497,96,22,12,36,2,1,32,11
2024-08-21,00,Deutschland,Kinder,PICU,134,389,233,129,184,65,20,11,38,0,0,29,9
2024-08-22,00,Deutschland,Erwachsene,ERWACHSENE,964,12381,2387,5656,2368,450,150,174,189,10,2,265,74
2024-08-22,00,Deutschland,Kinder,NICU,166,1019,575,155,485,95,23,12,36,2,1,33,11
2024-08-22,00,Deutschland,Kinder,PICU,134,378,241,131,193,67,19,10,38,0,0,29,6
2024-08-23,00,Deutschland,Erwachsene,ERWACHSENE,962,12366,2293,5614,2318,446,149,179,187,11,1,272,76
2024-08-23,00,Deutschland,Kinder,NICU,166,1016,589,155,492,96,23,11,36,2,1,32,10
2024-08-23,00,Deutschland,Kinder,PICU,134,361,253,130,185,65,20,11,38,0,0,31,7
2024-08-24,00,Deutschland,Erwachsene,ERWACHSENE,961,12167,2380,5599,2373,436,155,178,191,10,3,279,78
2024-08-24,00,Deutschland,Kinder,NICU,165,993,603,156,486,94,24,10,37,2,1,32,10
2024-08-24,00,Deutschland,Kinder,PICU,133,350,256,129,196,65,20,12,36,0,0,32,7
2024-08-25,00,Deutschland,Erwachsene,ERWACHSENE,958,11884,2460,5562,2440,432,158,181,186,12,2,282,84
2024-08-25,00,Deutschland,Kinder,NICU,165,997,590,155,474,93,25,10,37,2,1,32,11
2024-08-25,00,Deutschland,Kinder,PICU,133,355,252,128,192,65,20,12,36,0,0,31,8
2024-08-26,00,Deutschland,Erwachsene,ERWACHSENE,959,12122,2443,5603,2418,435,155,183,184,12,2,283,79
2024-08-26,00,Deutschland,Kinder,NICU,165,1008,582,155,481,94,24,10,37,1,1,30,10
2024-08-26,00,Deutschland,Kinder,PICU,134,350,271,129,199,69,20,10,35,0,0,29,6
2024-08-27,00,Deutschland,Erwachsene,ERWACHSENE,955,12269,2378,5513,2384,444,158,169,183,11,2,268,78
2024-08-27,00,Deutschland,Kinder,NICU,164,995,582,155,467,93,26,10,35,1,1,32,11
2024-08-27,00,Deutschland,Kinder,PICU,133,353,271,127,207,64,22,10,37,0,0,30,7
2024-08-28,00,Deutschland,Erwachsene,ERWACHSENE,954,12294,2374,5518,2375,441,154,171,187,10,3,266,82
2024-08-28,00,Deutschland,Kinder,NICU,165,1000,580,154,459,93,26,10,36,1,1,31,11
2024-08-28,00,Deutschland,Kinder,PICU,134,379,251,127,200,64,22,11,37,0,0,30,8
2024-08-29,00,Deutschland,Erwachsene,ERWACHSENE,955,12387,2299,5512,2277,436,159,169,190,8,3,265,81
2024-08-29,00,Deutschland,Kinder,NICU,166,1010,582,155,462,90,29,11,36,1,1,35,12
2024-08-29,00,Deutschland,Kinder,PICU,135,398,234,127,187,66,21,11,37,0,0,31,8
2024-08-30,00,Deutschland,Erwachsene,ERWACHSENE,955,12334,2303,5540,2274,421,162,173,198,9,3,271,88
2024-08-30,00,Deutschland,Kinder,NICU,165,1019,560,153,447,87,29,12,37,1,1,35,13
2024-08-30,00,Deutschland,Kinder,PICU,133,379,229,123,179,62,21,12,38,0,0,32,8
2024-08-31,00,Deutschland,Erwachsene,ERWACHSENE,961,12296,2347,5610,2308,416,163,183,198,9,3,283,83
2024-08-31,00,Deutschland,Kinder,NICU,167,1038,566,152,460,89,29,12,37,1,1,35,15
2024-08-31,00,Deutschland,Kinder,PICU,135,380,229,121,176,64,19,13,39,0,0,31,7
2024-09-01,00,Deutschland,Erwachsene,ERWACHSENE,963,12126,2476,5640,2400,417,163,179,203,9,3,284,74
2024-09-01,00,Deutschland,Kinder,NICU,167,1054,546,163,453,88,29,13,37,2,1,36,17
2024-09-01,00,Deutschland,Kinder,PICU,135,376,232,124,188,64,19,13,39,0,0,30,8
2024-09-02,00,Deutschland,Erwachsene,ERWACHSENE,966,12186,2502,5657,2420,429,153,182,201,9,2,278,78
2024-09-02,00,Deutschland,Kinder,NICU,167,1039,564,157,462,90,27,13,37,2,1,35,16
2024-09-02,00,Deutschland,Kinder,PICU,136,370,241,124,190,67,19,12,38,0,0,29,6
2024-09-03,00,Deutschland,Erwachsene,ERWACHSENE,965,12396,2329,5642,2352,433,153,179,199,8,2,277,77
2024-09-03,00,Deutschland,Kinder,NICU,167,1047,554,158,458,91,25,13,38,2,1,34,14
2024-09-03,00,Deutschland,Kinder,PICU,135,361,239,119,181,68,18,11,38,0,0,27,4
2024-09-04,00,Deutschland,Erwachsene,ERWACHSENE,967,12454,2355,5602,2408,437,157,174,198,8,1,273,82
2024-09-04,00,Deutschland,Kinder,NICU,166,1048,535,158,451,91,27,10,38,1,1,34,11
2024-09-04,00,Deutschland,Kinder,PICU,135,376,233,118,180,67,19,12,37,0,0,27,6
2024-09-05,00,Deutschland,Erwachsene,ERWACHSENE,966,12528,2272,5593,2308,427,159,179,200,9,2,279,91
2024-09-05,00,Deutschland,Kinder,NICU,165,1045,534,155,444,88,28,13,36,2,1,38,12
2024-09-05,00,Deutschland,Kinder,PICU,133,356,236,114,180,63,22,13,35,0,0,29,9
2024-09-06,00,Deutschland,Erwachsene,ERWACHSENE,962,12382,2317,5596,2330,438,150,178,195,11,2,267,85
2024-09-06,00,Deutschland,Kinder,NICU,164,1031,536,153,439,84,31,12,37,2,1,38,14
2024-09-06,00,Deutschland,Kinder,PICU,132,360,231,113,175,60,21,16,35,0,0,31,10
2024-09-07,00,Deutschland,Erwachsene,ERWACHSENE,962,12235,2372,5584,2333,423,158,179,201,14,1,283,82
2024-09-07,00,Deutschland,Kinder,NICU,166,1038,543,154,449,87,32,12,35,1,1,39,15
2024-09-07,00,Deutschland,Kinder,PICU,133,365,229,112,180,58,20,18,37,0,0,33,11
2024-09-08,00,Deutschland,Erwachsene,ERWACHSENE,957,12062,2449,5585,2321,411,159,186,200,14,1,289,91
2024-09-08,00,Deutschland,Kinder,NICU,166,1024,556,163,452,88,31,11,36,1,1,37,14
2024-09-08,00,Deutschland,Kinder,PICU,133,359,236,115,183,59,21,16,37,0,0,33,10
2024-09-09,00,Deutschland,Erwachsene,ERWACHSENE,960,12175,2479,5657,2371,430,155,174,200,13,2,279,78
2024-09-09,00,Deutschland,Kinder,NICU,165,1034,535,160,456,89,30,11,35,1,1,36,13
2024-09-09,00,Deutschland,Kinder,PICU,133,372,238,116,185,58,22,17,36,0,0,34,12
2024-09-10,00,Deutschland,Erwachsene,ERWACHSENE,960,12435,2275,5561,2203,427,155,178,199,13,2,277,82
2024-09-10,00,Deutschland,Kinder,NICU,166,1055,528,160,444,91,25,13,37,1,1,34,13
2024-09-10,00,Deutschland,Kinder,PICU,134,380,240,115,189,62,18,20,34,0,0,33,13
2024-09-11,00,Deutschland,Erwachsene,ERWACHSENE,963,12508,2236,5583,2216,422,163,177,200,13,2,288,84
2024-09-11,00,Deutschland,Kinder,NICU,166,1042,541,159,450,89,28,12,37,1,1,35,12
2024-09-11,00,Deutschland,Kinder,PICU,134,369,255,113,177,60,20,20,34,0,0,36,13
2024-09-12,00,Deutschland,Erwachsene,ERWACHSENE,961,12405,2276,5577,2271,422,164,178,196,11,2,285,79
2024-09-12,00,Deutschland,Kinder,NICU,165,1016,556,162,455,89,26,14,36,1,1,36,11
2024-09-12,00,Deutschland,Kinder,PICU,134,387,238,116,164,60,18,22,34,0,0,36,15
2024-09-13,00,Deutschland,Erwachsene,ERWACHSENE,958,12298,2294,5556,2301,424,155,181,197,11,2,282,79
2024-09-13,00,Deutschland,Kinder,NICU,165,1014,555,167,456,90,26,13,36,1,1,35,11
2024-09-13,00,Deutschland,Kinder,PICU,134,378,245,117,170,61,17,22,34,0,0,35,15
2024-09-14,00,Deutschland,Erwachsene,ERWACHSENE,959,12073,2433,5578,2383,419,157,183,199,11,2,283,81
2024-09-14,00,Deutschland,Kinder,NICU,166,1015,563,172,456,89,26,13,38,1,1,35,11
2024-09-14,00,Deutschland,Kinder,PICU,135,374,252,117,175,61,14,23,37,0,0,34,13
2024-09-15,00,Deutschland,Erwachsene,ERWACHSENE,953,11740,2529,5561,2406,415,159,178,200,10,2,282,77
2024-09-15,00,Deutschland,Kinder,NICU,164,999,552,168,446,89,24,13,38,1,1,33,9
2024-09-15,00,Deutschland,Kinder,PICU,133,352,265,121,178,63,13,20,37,0,0,31,11
2024-09-16,00,Deutschland,Erwachsene,ERWACHSENE,952,11762,2527,5550,2481,440,152,167,192,10,2,269,80
2024-09-16,00,Deutschland,Kinder,NICU,164,1002,551,169,445,88,25,13,38,1,1,33,9
2024-09-16,00,Deutschland,Kinder,PICU,133,357,257,123,185,63,15,18,37,0,0,31,8
2024-09-17,00,Deutschland,Erwachsene,ERWACHSENE,952,11850,2474,5588,2422,450,145,163,193,12,1,256,78
2024-09-17,00,Deutschland,Kinder,NICU,165,989,584,166,469,91,23,13,38,1,1,32,10
2024-09-17,00,Deutschland,Kinder,PICU,134,366,250,124,177,63,16,21,34,0,0,32,11
2024-09-18,00,Deutschland,Erwachsene,ERWACHSENE,950,12084,2251,5562,2252,442,147,169,191,12,1,263,76
2024-09-18,00,Deutschland,Kinder,NICU,164,958,597,163,477,89,25,13,37,1,1,33,10
2024-09-18,00,Deutschland,Kinder,PICU,134,387,244,125,177,62,16,22,34,0,0,33,11
2024-09-19,00,Deutschland,Erwachsene,ERWACHSENE,949,12113,2232,5563,2193,427,156,174,191,12,1,267,81
2024-09-19,00,Deutschland,Kinder,NICU,165,985,590,161,475,87,25,15,38,1,1,36,10
2024-09-19,00,Deutschland,Kinder,PICU,134,380,250,124,185,63,14,22,35,0,0,32,8
2024-09-20,00,Deutschland,Erwachsene,ERWACHSENE,942,12058,2142,5501,2138,428,158,170,185,12,1,274,73
2024-09-20,00,Deutschland,Kinder,NICU,164,983,590,155,476,88,25,14,37,1,1,36,9
2024-09-20,00,Deutschland,Kinder,PICU,134,374,245,128,173,63,14,22,35,0,0,31,8
2024-09-21,00,Deutschland,Erwachsene,ERWACHSENE,944,11896,2225,5500,2165,423,154,177,189,12,1,278,77
2024-09-21,00,Deutschland,Kinder,NICU,163,956,602,156,484,84,28,14,37,2,1,39,8
2024-09-21,00,Deutschland,Kinder,PICU,134,367,257,122,178,60,13,23,38,0,0,34,8
2024-09-22,00,Deutschland,Erwachsene,ERWACHSENE,944,11808,2292,5543,2209,422,156,177,188,11,0,282,74
2024-09-22,00,Deutschland,Kinder,NICU,164,961,612,160,486,85,29,13,37,2,1,39,9
2024-09-22,00,Deutschland,Kinder,PICU,135,368,260,127,182,58,13,26,38,0,0,36,10
2024-09-23,00,Deutschland,Erwachsene,ERWACHSENE,944,12005,2339,5524,2306,430,147,181,185,12,1,275,75
2024-09-23,00,Deutschland,Kinder,NICU,165,997,583,160,472,87,28,14,36,2,1,39,9
2024-09-23,00,Deutschland,Kinder,PICU,135,379,260,127,183,59,16,24,36,0,0,38,10
2024-09-24,00,Deutschland,Erwachsene,ERWACHSENE,945,12258,2203,5507,2125,423,146,191,184,11,2,283,84
2024-09-24,00,Deutschland,Kinder,NICU,165,1001,574,158,461,90,26,13,36,2,1,36,8
2024-09-24,00,Deutschland,Kinder,PICU,135,383,254,130,182,59,18,21,37,0,0,36,10
2024-09-25,00,Deutschland,Erwachsene,ERWACHSENE,948,12395,2123,5542,2091,419,150,193,185,11,1,289,89
2024-09-25,00,Deutschland,Kinder,NICU,165,995,573,165,472,90,26,13,36,2,1,36,10
2024-09-25,00,Deutschland,Kinder,PICU,134,389,247,124,184,60,16,21,37,0,0,35,8
2024-09-26,00,Deutschland,Erwachsene,ERWACHSENE,947,12396,2070,5530,2063,417,153,187,189,10,1,280,84
2024-09-26,00,Deutschland,Kinder,NICU,166,1004,576,164,467,89,26,14,37,4,1,37,11
2024-09-26,00,Deutschland,Kinder,PICU,135,394,237,124,180,59,17,21,38,0,0,36,10
2024-09-27,00,Deutschland,Erwachsene,ERWACHSENE,946,12283,2132,5488,2119,420,151,183,191,12,1,280,81
2024-09-27,00,Deutschland,Kinder,NICU,165,997,574,165,453,89,23,15,38,4,1,35,7
2024-09-27,00,Deutschland,Kinder,PICU,134,399,224,121,169,59,16,21,38,0,0,35,9
2024-09-28,00,Deutschland,Erwachsene,ERWACHSENE,950,12194,2205,5507,2125,411,151,191,196,9,1,284,78
2024-09-28,00,Deutschland,Kinder,NICU,165,1008,564,169,446,90,22,15,38,3,1,34,7
2024-09-28,00,Deutschland,Kinder,PICU,134,383,239,125,179,57,15,23,39,0,0,34,11
2024-09-29,00,Deutschland,Erwachsene,ERWACHSENE,949,11955,2364,5473,2201,409,155,192,192,9,1,291,81
2024-09-29,00,Deutschland,Kinder,NICU,165,1003,571,164,445,90,23,15,37,4,1,35,7
2024-09-29,00,Deutschland,Kinder,PICU,134,371,254,123,184,56,15,24,39,0,0,35,11
2024-09-30,00,Deutschland,Erwachsene,ERWACHSENE,950,12001,2446,5532,2290,411,164,186,188,8,1,286,87
2024-09-30,00,Deutschland,Kinder,NICU,165,1018,552,167,443,93,24,12,36,4,1,34,7
2024-09-30,00,Deutschland,Kinder,PICU,134,374,249,120,184,57,16,23,38,0,0,36,11
2024-10-01,00,Deutschland,Erwachsene,ERWACHSENE,953,12337,2208,5540,2163,420,157,180,195,8,0,275,87
2024-10-01,00,Deutschland,Kinder,NICU,164,994,569,169,452,93,23,13,35,3,1,34,7
2024-10-01,00,Deutschland,Kinder,PICU,133,368,246,120,181,58,15,23,37,0,0,36,10
2024-10-02,00,Deutschland,Erwachsene,ERWACHSENE,948,12320,2188,5499,2180,428,150,178,191,11,0,272,88
2024-10-02,00,Deutschland,Kinder,NICU,165,1033,540,166,457,94,23,12,36,3,1,33,8
2024-10-02,00,Deutschland,Kinder,PICU,134,369,247,122,179,60,15,21,38,0,0,34,10
2024-10-03,00,Deutschland,Erwachsene,ERWACHSENE,948,12233,2139,5540,2104,420,154,180,193,12,0,277,86
2024-10-03,00,Deutschland,Kinder,NICU,166,1040,539,166,457,95,23,12,36,3,1,33,8
2024-10-03,00,Deutschland,Kinder,PICU,134,377,241,122,183,58,18,19,39,0,0,35,12
2024-10-04,00,Deutschland,Erwachsene,ERWACHSENE,947,11861,2354,5491,2241,417,161,172,196,10,0,274,87
2024-10-04,00,Deutschland,Kinder,NICU,167,1044,552,169,449,96,23,12,36,3,1,33,8
2024-10-04,00,Deutschland,Kinder,PICU,134,351,254,128,195,59,20,17,38,1,0,36,10
2024-10-05,00,Deutschland,Erwachsene,ERWACHSENE,945,11873,2344,5473,2259,417,154,174,199,11,0,274,84
2024-10-05,00,Deutschland,Kinder,NICU,169,1065,537,170,467,97,24,12,36,3,1,34,8
2024-10-05,00,Deutschland,Kinder,PICU,136,355,256,126,194,58,21,19,38,1,0,37,11
2024-10-06,00,Deutschland,Erwachsene,ERWACHSENE,941,11742,2362,5431,2263,418,151,172,199,13,0,269,79
2024-10-06,00,Deutschland,Kinder,NICU,169,1068,539,169,453,94,26,13,36,3,1,36,11
2024-10-06,00,Deutschland,Kinder,PICU,136,345,263,130,196,59,20,18,39,1,0,37,10
2024-10-07,00,Deutschland,Erwachsene,ERWACHSENE,944,12079,2301,5595,2191,407,164,171,201,12,0,275,85
2024-10-07,00,Deutschland,Kinder,NICU,169,1066,538,170,453,94,26,13,36,3,1,35,10
2024-10-07,00,Deutschland,Kinder,PICU,138,366,262,131,196,62,20,16,40,1,0,35,9
2024-10-08,00,Deutschland,Erwachsene,ERWACHSENE,947,12391,2091,5566,2064,415,151,182,198,11,0,274,87
2024-10-08,00,Deutschland,Kinder,NICU,169,1061,540,169,457,94,26,13,36,3,1,35,11
2024-10-08,00,Deutschland,Kinder,PICU,138,388,247,131,185,64,19,17,38,1,0,34,10
2024-10-09,00,Deutschland,Erwachsene,ERWACHSENE,941,12447,2030,5544,2010,409,150,185,196,9,0,269,90
2024-10-09,00,Deutschland,Kinder,NICU,170,1084,531,173,451,97,21,15,37,4,1,31,11
2024-10-09,00,Deutschland,Kinder,PICU,139,408,240,132,177,61,20,18,40,2,0,35,13
2024-10-10,00,Deutschland,Erwachsene,ERWACHSENE,941,12476,2015,5535,1994,412,144,188,196,7,1,269,87
2024-10-10,00,Deutschland,Kinder,NICU,171,1078,558,177,464,98,20,16,37,3,1,33,12
2024-10-10,00,Deutschland,Kinder,PICU,139,408,241,134,180,62,19,19,39,2,0,36,13
2024-10-11,00,Deutschland,Erwachsene,ERWACHSENE,943,12479,1945,5576,1934,413,148,180,201,6,1,266,89
2024-10-11,00,Deutschland,Kinder,NICU,169,1060,553,172,456,96,22,14,37,2,1,32,12
2024-10-11,00,Deutschland,Kinder,PICU,137,410,231,126,181,61,21,17,38,1,0,36,12
2024-10-12,00,Deutschland,Erwachsene,ERWACHSENE,946,12320,2028,5575,2038,407,149,186,203,5,1,278,87
2024-10-12,00,Deutschland,Kinder,NICU,167,1050,533,177,437,93,23,14,37,3,1,33,13
2024-10-12,00,Deutschland,Kinder,PICU,136,394,231,125,166,57,20,19,40,2,0,36,12
2024-10-13,00,Deutschland,Erwachsene,ERWACHSENE,941,12106,2157,5518,2099,401,150,188,201,7,2,278,89
2024-10-13,00,Deutschland,Kinder,NICU,167,1035,548,174,447,91,25,14,37,4,1,35,14
2024-10-13,00,Deutschland,Kinder,PICU,136,394,232,121,172,56,18,22,40,2,0,36,12
2024-10-14,00,Deutschland,Erwachsene,ERWACHSENE,941,12003,2244,5476,2144,400,157,180,203,6,2,273,90
2024-10-14,00,Deutschland,Kinder,NICU,167,1021,554,166,447,88,27,14,38,5,1,37,11
2024-10-14,00,Deutschland,Kinder,PICU,134,367,246,121,183,58,20,18,38,1,0,34,9
2024-10-15,00,Deutschland,Erwachsene,ERWACHSENE,942,12264,2076,5520,2021,405,167,174,195,6,1,282,89
2024-10-15,00,Deutschland,Kinder,NICU,166,1026,536,164,444,89,27,14,36,5,1,37,12
2024-10-15,00,Deutschland,Kinder,PICU,133,373,236,121,180,58,19,20,36,2,0,35,12
2024-10-16,00,Deutschland,Erwachsene,ERWACHSENE,941,12276,2061,5493,2001,412,163,173,192,6,2,277,92
2024-10-16,00,Deutschland,Kinder,NICU,166,1016,532,164,448,92,25,12,37,4,1,33,9
2024-10-16,00,Deutschland,Kinder,PICU,133,383,221,122,163,57,18,21,37,1,0,34,12
2024-10-17,00,Deutschland,Erwachsene,ERWACHSENE,938,12304,1967,5461,1993,407,160,176,194,8,2,280,89
2024-10-17,00,Deutschland,Kinder,NICU,165,1020,522,153,431,89,26,12,38,4,1,34,9
2024-10-17,00,Deutschland,Kinder,PICU,133,387,215,121,162,57,21,19,36,0,0,35,10
2024-10-18,00,Deutschland,Erwachsene,ERWACHSENE,935,12306,1912,5453,1917,401,160,178,195,8,2,284,89
2024-10-18,00,Deutschland,Kinder,NICU,165,1017,530,162,442,89,24,15,37,4,1,34,11
2024-10-18,00,Deutschland,Kinder,PICU,133,391,210,118,166,56,19,21,37,0,0,35,10
2024-10-19,00,Deutschland,Erwachsene,ERWACHSENE,934,12191,1946,5439,1949,399,155,187,192,7,2,290,90
2024-10-19,00,Deutschland,Kinder,NICU,165,1005,546,163,453,89,25,16,35,3,1,36,14
2024-10-19,00,Deutschland,Kinder,PICU,133,391,221,124,162,58,19,20,36,1,0,34,12
2024-10-20,00,Deutschland,Erwachsene,ERWACHSENE,933,11966,2113,5442,2048,402,157,181,192,8,2,286,91
2024-10-20,00,Deutschland,Kinder,NICU,165,1005,544,163,449,89,25,15,36,3,1,36,13
2024-10-20,00,Deutschland,Kinder,PICU,133,380,228,123,174,59,20,17,37,1,0,34,9
2024-10-21,00,Deutschland,Erwachsene,ERWACHSENE,933,11982,2159,5445,2035,406,151,184,191,8,2,281,93
2024-10-21,00,Deutschland,Kinder,NICU,162,1000,544,161,441,89,26,13,34,3,1,36,12
2024-10-21,00,Deutschland,Kinder,PICU,130,362,237,119,169,60,18,16,36,1,0,32,7
2024-10-22,00,Deutschland,Erwachsene,ERWACHSENE,934,12089,2094,5490,1993,410,147,190,186,6,2,284,91
2024-10-22,00,Deutschland,Kinder,NICU,164,1002,547,163,445,88,25,14,37,3,1,36,10
2024-10-22,00,Deutschland,Kinder,PICU,132,374,237,121,171,61,18,16,37,1,0,32,6
2024-10-23,00,Deutschland,Erwachsene,ERWACHSENE,937,12250,2021,5508,1984,409,152,190,185,7,2,283,95
2024-10-23,00,Deutschland,Kinder,NICU,164,1040,521,155,432,89,23,15,37,2,1,34,10
2024-10-23,00,Deutschland,Kinder,PICU,132,344,252,126,174,61,18,16,37,1,0,29,9
2024-10-24,00,Deutschland,Erwachsene,ERWACHSENE,937,12258,2053,5490,2001,407,165,181,183,8,1,291,92
2024-10-24,00,Deutschland,Kinder,NICU,164,1032,537,168,434,89,24,15,36,2,1,35,11
2024-10-24,00,Deutschland,Kinder,PICU,132,345,250,130,174,64,15,17,36,1,0,29,7
2024-10-25,00,Deutschland,Erwachsene,ERWACHSENE,938,12223,2076,5506,2042,401,162,188,186,7,1,296,91
2024-10-25,00,Deutschland,Kinder,NICU,164,1043,524,174,435,89,24,14,37,2,1,35,11
2024-10-25,00,Deutschland,Kinder,PICU,133,343,249,139,176,63,16,16,38,1,0,29,6
2024-10-26,00,Deutschland,Erwachsene,ERWACHSENE,937,12111,2082,5456,2013,396,158,191,191,7,1,299,86
2024-10-26,00,Deutschland,Kinder,NICU,163,1027,526,169,431,88,23,16,36,2,1,36,12
2024-10-26,00,Deutschland,Kinder,PICU,132,324,260,133,177,61,16,17,38,1,0,31,6
2024-10-27,00,Deutschland,Erwachsene,ERWACHSENE,936,11997,2132,5484,2080,399,154,190,192,7,1,289,88
2024-10-27,00,Deutschland,Kinder,NICU,163,1017,540,167,428,87,24,16,36,2,2,37,12
2024-10-27,00,Deutschland,Kinder,PICU,132,325,259,132,180,62,18,14,38,1,0,31,6
2024-10-28,00,Deutschland,Erwachsene,ERWACHSENE,939,12086,2166,5524,2101,405,161,186,186,5,1,288,91
2024-10-28,00,Deutschland,Kinder,NICU,164,1023,545,168,426,90,20,19,35,2,1,35,13
2024-10-28,00,Deutschland,Kinder,PICU,133,350,252,134,182,64,12,19,38,1,0,28,7
2024-10-29,00,Deutschland,Erwachsene,ERWACHSENE,944,12476,2012,5543,1976,413,157,188,185,7,2,287,95
2024-10-29,00,Deutschland,Kinder,NICU,164,1010,570,169,440,96,19,15,34,2,1,32,9
2024-10-29,00,Deutschland,Kinder,PICU,133,351,249,137,176,63,14,20,36,1,0,30,10
2024-10-30,00,Deutschland,Erwachsene,ERWACHSENE,945,12503,2005,5564,1958,411,157,186,190,7,2,278,106
2024-10-30,00,Deutschland,Kinder,NICU,162,1005,560,166,441,95,19,16,32,2,1,33,10
2024-10-30,00,Deutschland,Kinder,PICU,131,347,246,127,175,61,15,19,36,1,0,29,11
2024-10-31,00,Deutschland,Erwachsene,ERWACHSENE,941,12391,2040,5534,2015,410,153,190,187,8,2,277,107
2024-10-31,00,Deutschland,Kinder,NICU,161,992,554,165,432,92,22,14,33,2,1,34,8
2024-10-31,00,Deutschland,Kinder,PICU,131,346,250,115,172,60,16,18,37,1,0,31,10
2024-11-01,00,Deutschland,Erwachsene,ERWACHSENE,933,12139,2130,5480,2046,400,154,191,187,8,2,279,104
2024-11-01,00,Deutschland,Kinder,NICU,160,970,567,167,430,91,23,13,33,1,1,33,9
2024-11-01,00,Deutschland,Kinder,PICU,129,346,244,113,168,60,15,17,37,1,0,30,9
2024-11-02,00,Deutschland,Erwachsene,ERWACHSENE,931,11957,2256,5483,2130,404,154,177,195,8,2,272,92
2024-11-02,00,Deutschland,Kinder,NICU,160,945,591,152,449,91,24,12,33,1,1,33,7
2024-11-02,00,Deutschland,Kinder,PICU,129,341,240,115,165,62,16,14,37,1,0,28,7
2024-11-03,00,Deutschland,Erwachsene,ERWACHSENE,929,11853,2307,5454,2191,401,153,182,192,7,2,278,88
2024-11-03,00,Deutschland,Kinder,NICU,161,949,597,151,450,91,23,13,34,1,1,32,8
2024-11-03,00,Deutschland,Kinder,PICU,130,350,237,116,169,58,15,17,40,1,0,30,7
2024-11-04,00,Deutschland,Erwachsene,ERWACHSENE,932,11958,2286,5495,2210,407,152,182,190,7,2,276,85
2024-11-04,00,Deutschland,Kinder,NICU,162,973,592,157,464,90,26,12,34,1,1,35,9
2024-11-04,00,Deutschland,Kinder,PICU,131,364,253,115,180,58,17,16,40,2,0,31,9
2024-11-05,00,Deutschland,Erwachsene,ERWACHSENE,935,12246,2140,5445,2078,410,146,185,193,8,2,277,81
2024-11-05,00,Deutschland,Kinder,NICU,163,1005,568,158,459,91,26,12,34,1,1,36,8
2024-11-05,00,Deutschland,Kinder,PICU,132,373,245,115,168,57,17,18,40,2,0,33,8
2024-11-06,00,Deutschland,Erwachsene,ERWACHSENE,941,12394,2048,5454,2037,402,150,197,191,9,2,292,93
2024-11-06,00,Deutschland,Kinder,NICU,163,1004,568,154,450,92,24,13,34,2,1,33,9
2024-11-06,00,Deutschland,Kinder,PICU,131,383,232,115,163,55,16,21,39,2,0,34,11
2024-11-07,00,Deutschland,Erwachsene,ERWACHSENE,938,12345,2006,5481,2026,403,142,204,188,9,2,290,93
2024-11-07,00,Deutschland,Kinder,NICU,163,1012,560,154,447,89,27,13,34,3,1,35,12
2024-11-07,00,Deutschland,Kinder,PICU,132,388,229,121,172,56,17,20,39,2,0,34,11
2024-11-08,00,Deutschland,Erwachsene,ERWACHSENE,939,12302,2042,5485,2033,408,148,196,186,8,2,292,86
2024-11-08,00,Deutschland,Kinder,NICU,164,1034,544,158,444,89,26,15,34,2,1,35,12
2024-11-08,00,Deutschland,Kinder,PICU,133,383,241,124,181,59,18,18,38,1,0,34,9
2024-11-09,00,Deutschland,Erwachsene,ERWACHSENE,939,12128,2193,5532,2144,400,158,190,190,9,2,302,81
2024-11-09,00,Deutschland,Kinder,NICU,164,1029,550,153,441,88,25,17,34,2,1,37,13
2024-11-09,00,Deutschland,Kinder,PICU,133,387,244,123,182,58,17,20,38,1,0,35,9
2024-11-10,00,Deutschland,Erwachsene,ERWACHSENE,935,11932,2311,5510,2244,394,153,195,192,9,2,298,85
2024-11-10,00,Deutschland,Kinder,NICU,165,1013,581,158,454,91,23,17,34,2,1,35,11
2024-11-10,00,Deutschland,Kinder,PICU,134,377,247,127,186,60,16,19,39,1,0,33,7
2024-11-11,00,Deutschland,Erwachsene,ERWACHSENE,933,11980,2273,5509,2223,395,155,197,185,8,2,293,92
2024-11-11,00,Deutschland,Kinder,NICU,163,1022,546,160,447,93,21,16,33,1,1,33,10
2024-11-11,00,Deutschland,Kinder,PICU,132,363,253,120,185,59,17,18,38,1,0,33,7
2024-11-12,00,Deutschland,Erwachsene,ERWACHSENE,933,12382,2063,5495,2047,400,146,200,186,7,1,288,90
2024-11-12,00,Deutschland,Kinder,NICU,163,1033,533,156,452,90,23,15,35,1,1,34,9
2024-11-12,00,Deutschland,Kinder,PICU,133,379,242,118,166,61,16,18,38,1,0,31,8
2024-11-13,00,Deutschland,Erwachsene,ERWACHSENE,932,12453,2016,5490,2004,400,151,191,189,7,1,277,90
2024-11-13,00,Deutschland,Kinder,NICU,162,1016,555,155,457,91,23,14,34,2,1,32,8
2024-11-13,00,Deutschland,Kinder,PICU,132,392,233,119,163,61,19,15,37,1,0,31,7
2024-11-14,00,Deutschland,Erwachsene,ERWACHSENE,931,12439,2035,5482,1989,400,155,189,186,8,1,280,93
2024-11-14,00,Deutschland,Kinder,NICU,162,1024,547,156,451,90,25,14,33,3,1,34,11
2024-11-14,00,Deutschland,Kinder,PICU,131,368,240,122,172,59,21,14,37,1,0,32,7
2024-11-15,00,Deutschland,Erwachsene,ERWACHSENE,930,12471,1930,5447,1931,398,155,187,189,4,0,280,90
2024-11-15,00,Deutschland,Kinder,NICU,162,1018,558,159,456,92,24,14,32,3,1,33,10
2024-11-15,00,Deutschland,Kinder,PICU,131,368,241,122,169,58,21,16,36,1,0,34,9
2024-11-16,00,Deutschland,Erwachsene,ERWACHSENE,930,12350,1993,5382,1979,398,154,187,190,5,3,289,89
2024-11-16,00,Deutschland,Kinder,NICU,162,1024,548,165,448,95,19,16,32,3,1,30,8
2024-11-16,00,Deutschland,Kinder,PICU,131,366,243,126,175,59,17,18,37,1,0,31,9
2024-11-17,00,Deutschland,Erwachsene,ERWACHSENE,928,12179,2065,5392,1984,386,151,193,197,5,3,287,89
2024-11-17,00,Deutschland,Kinder,NICU,161,1022,536,151,436,92,21,16,32,3,1,32,9
2024-11-17,00,Deutschland,Kinder,PICU,132,354,255,127,175,61,17,17,37,1,0,32,8
2024-11-18,00,Deutschland,Erwachsene,ERWACHSENE,930,12162,2221,5412,2080,397,152,189,191,6,3,281,95
2024-11-18,00,Deutschland,Kinder,NICU,162,1021,550,146,438,91,24,15,32,3,1,35,9
2024-11-18,00,Deutschland,Kinder,PICU,132,356,242,126,170,61,17,17,37,1,0,33,6
2024-11-19,00,Deutschland,Erwachsene,ERWACHSENE,926,12455,1960,5371,1924,399,147,190,189,7,3,274,97
2024-11-19,00,Deutschland,Kinder,NICU,162,1009,563,149,438,95,21,14,32,3,1,31,10
2024-11-19,00,Deutschland,Kinder,PICU,132,355,248,127,175,64,17,15,36,1,0,31,6
2024-11-20,00,Deutschland,Erwachsene,ERWACHSENE,926,12519,1871,5369,1872,393,158,185,189,8,4,271,105
2024-11-20,00,Deutschland,Kinder,NICU,163,1009,558,150,435,94,20,15,34,3,1,30,12
2024-11-20,00,Deutschland,Kinder,PICU,132,368,231,127,165,61,18,16,37,1,0,33,7
2024-11-21,00,Deutschland,Erwachsene,ERWACHSENE,929,12551,1900,5396,1900,397,152,190,189,9,3,271,101
2024-11-21,00,Deutschland,Kinder,NICU,164,1020,561,152,427,92,18,16,38,2,1,29,12
2024-11-21,00,Deutschland,Kinder,PICU,132,392,228,127,159,62,19,14,37,1,0,31,7
2024-11-22,00,Deutschland,Erwachsene,ERWACHSENE,926,12518,1824,5382,1908,395,147,190,193,9,2,273,96
2024-11-22,00,Deutschland,Kinder,NICU,164,1030,556,151,421,93,18,16,37,2,1,28,13
2024-11-22,00,Deutschland,Kinder,PICU,132,398,222,126,164,63,17,15,37,1,0,30,8
2024-11-23,00,Deutschland,Erwachsene,ERWACHSENE,933,12389,1934,5440,1945,392,147,199,194,10,2,285,100
2024-11-23,00,Deutschland,Kinder,NICU,164,1009,570,156,429,92,20,16,36,2,1,30,10
2024-11-23,00,Deutschland,Kinder,PICU,132,381,243,122,175,61,17,17,37,1,0,30,9
2024-11-24,00,Deutschland,Erwachsene,ERWACHSENE,932,12199,2055,5496,2052,391,151,195,194,10,1,281,106
2024-11-24,00,Deutschland,Kinder,NICU,163,1000,572,163,432,91,20,17,35,2,1,31,11
2024-11-24,00,Deutschland,Kinder,PICU,131,372,245,123,184,61,15,17,38,0,0,28,8
2024-11-25,00,Deutschland,Erwachsene,ERWACHSENE,930,12177,2056,5443,2031,393,145,200,191,12,1,277,107
2024-11-25,00,Deutschland,Kinder,NICU,161,989,570,162,443,93,18,14,36,2,1,29,11
2024-11-25,00,Deutschland,Kinder,PICU,129,357,240,117,188,62,14,14,39,1,0,22,8
2024-11-26,00,Deutschland,Erwachsene,ERWACHSENE,933,12334,1958,5443,1951,396,149,194,193,11,1,272,105
2024-11-26,00,Deutschland,Kinder,NICU,163,1004,575,158,457,95,14,17,37,2,1,28,11
2024-11-26,00,Deutschland,Kinder,PICU,131,394,219,129,168,63,14,16,38,1,0,25,8
2024-11-27,00,Deutschland,Erwachsene,ERWACHSENE,931,12526,1765,5368,1809,394,134,208,194,12,2,273,107
2024-11-27,00,Deutschland,Kinder,NICU,164,1033,560,157,442,94,16,15,39,2,1,28,11
2024-11-27,00,Deutschland,Kinder,PICU,132,405,230,125,172,64,15,15,38,1,0,24,10
2024-11-28,00,Deutschland,Erwachsene,ERWACHSENE,929,12440,1813,5374,1819,404,136,199,189,11,3,275,102
2024-11-28,00,Deutschland,Kinder,NICU,164,1032,564,155,448,94,19,15,36,2,1,29,13
2024-11-28,00,Deutschland,Kinder,PICU,132,379,237,129,182,67,11,16,38,1,0,22,9
2024-11-29,00,Deutschland,Erwachsene,ERWACHSENE,931,12371,1876,5361,1862,404,142,189,195,10,3,276,96
2024-11-29,00,Deutschland,Kinder,NICU,164,1027,570,157,448,95,17,16,36,3,1,28,13
2024-11-29,00,Deutschland,Kinder,PICU,132,388,233,132,187,70,11,14,37,0,0,21,6
2024-11-30,00,Deutschland,Erwachsene,ERWACHSENE,932,12275,1900,5377,1863,402,137,199,193,10,3,290,89
2024-11-30,00,Deutschland,Kinder,NICU,164,1007,580,158,450,92,16,19,37,3,1,31,11
2024-11-30,00,Deutschland,Kinder,PICU,132,379,246,131,188,66,14,15,37,0,0,27,7
2024-12-01,00,Deutschland,Erwachsene,ERWACHSENE,926,12001,2045,5315,1962,397,136,197,195,10,3,285,90
2024-12-01,00,Deutschland,Kinder,NICU,164,1003,580,162,437,92,18,17,37,3,1,31,11
2024-12-01,00,Deutschland,Kinder,PICU,132,378,247,131,182,65,15,14,38,0,0,27,8
2024-12-02,00,Deutschland,Erwachsene,ERWACHSENE,927,12127,2094,5328,2022,406,145,187,188,8,3,278,91
2024-12-02,00,Deutschland,Kinder,NICU,163,1001,569,162,441,91,21,15,36,3,1,32,12
2024-12-02,00,Deutschland,Kinder,PICU,132,396,241,132,183,65,16,15,36,0,0,29,10
2024-12-03,00,Deutschland,Erwachsene,ERWACHSENE,925,12297,1925,5304,1905,397,149,189,189,8,1,279,96
2024-12-03,00,Deutschland,Kinder,NICU,163,998,568,161,446,88,22,15,38,4,1,31,13
2024-12-03,00,Deutschland,Kinder,PICU,132,401,239,134,184,67,16,13,36,1,0,28,8
2024-12-04,00,Deutschland,Erwachsene,ERWACHSENE,926,12390,1894,5289,1892,397,144,193,191,10,1,275,99
2024-12-04,00,Deutschland,Kinder,NICU,161,975,556,153,441,87,21,15,38,3,1,31,12
2024-12-04,00,Deutschland,Kinder,PICU,131,369,252,130,181,65,15,15,36,1,0,28,11
2024-12-05,00,Deutschland,Erwachsene,ERWACHSENE,925,12343,1911,5313,1868,402,139,194,189,8,1,275,96
2024-12-05,00,Deutschland,Kinder,NICU,160,971,556,151,444,86,18,17,39,2,1,30,10
2024-12-05,00,Deutschland,Kinder,PICU,130,374,240,129,183,68,13,14,35,1,0,25,9
2024-12-06,00,Deutschland,Erwachsene,ERWACHSENE,921,12364,1796,5300,1794,392,149,193,186,6,0,284,97
2024-12-06,00,Deutschland,Kinder,NICU,159,973,555,146,442,88,18,15,38,2,1,29,9
2024-12-06,00,Deutschland,Kinder,PICU,129,378,227,127,177,67,13,14,35,2,0,27,7
2024-12-07,00,Deutschland,Erwachsene,ERWACHSENE,924,12206,1925,5318,1842,390,148,193,192,6,0,282,98
2024-12-07,00,Deutschland,Kinder,NICU,159,948,579,145,437,91,15,16,37,2,1,28,9
2024-12-07,00,Deutschland,Kinder,PICU,129,370,236,125,176,67,14,13,35,1,0,27,8
2024-12-08,00,Deutschland,Erwachsene,ERWACHSENE,920,11959,2047,5294,1893,393,152,185,189,7,0,287,90
2024-12-08,00,Deutschland,Kinder,NICU,159,962,563,155,431,90,15,16,38,2,1,28,9
2024-12-08,00,Deutschland,Kinder,PICU,130,363,240,126,183,68,14,13,35,1,0,26,8
2024-12-09,00,Deutschland,Erwachsene,ERWACHSENE,920,11925,2089,5309,1979,406,145,176,192,7,0,274,88
2024-12-09,00,Deutschland,Kinder,NICU,162,977,583,160,448,93,16,16,37,3,1,29,9
2024-12-09,00,Deutschland,Kinder,PICU,132,376,237,124,163,68,14,15,35,1,0,27,10
2024-12-10,00,Deutschland,Erwachsene,ERWACHSENE,918,12103,1871,5252,1864,394,149,187,187,7,0,288,97
2024-12-10,00,Deutschland,Kinder,NICU,162,984,586,162,451,91,15,17,39,3,1,29,10
2024-12-10,00,Deutschland,Kinder,PICU,132,369,233,126,167,69,12,16,35,1,0,27,10
2024-12-11,00,Deutschland,Erwachsene,ERWACHSENE,918,12145,1834,5259,1822,391,149,185,192,8,0,286,100
2024-12-11,00,Deutschland,Kinder,NICU,162,979,579,168,452,91,17,15,39,3,1,30,9
2024-12-11,00,Deutschland,Kinder,PICU,132,378,224,127,168,68,12,16,36,0,0,27,9
2024-12-12,00,Deutschland,Erwachsene,ERWACHSENE,919,12143,1894,5281,1856,383,151,194,190,8,0,289,102
2024-12-12,00,Deutschland,Kinder,NICU,164,1018,566,168,448,89,19,16,40,3,1,31,11
2024-12-12,00,Deutschland,Kinder,PICU,134,403,224,137,166,66,15,16,37,0,0,29,10
2024-12-13,00,Deutschland,Erwachsene,ERWACHSENE,918,12041,1936,5303,1922,366,150,211,190,10,0,303,105
2024-12-13,00,Deutschland,Kinder,NICU,163,1004,581,174,452,88,21,16,38,3,1,32,12
2024-12-13,00,Deutschland,Kinder,PICU,132,400,213,132,158,63,16,16,37,0,0,29,9
2024-12-14,00,Deutschland,Erwachsene,ERWACHSENE,920,11975,1970,5319,1919,372,150,210,187,7,0,304,103
2024-12-14,00,Deutschland,Kinder,NICU,162,998,587,170,452,87,20,15,40,3,1,31,10
2024-12-14,00,Deutschland,Kinder,PICU,131,377,235,127,180,63,14,16,38,1,0,28,8
2024-12-15,00,Deutschland,Erwachsene,ERWACHSENE,915,11640,2067,5286,2028,384,146,197,187,6,0,286,93
2024-12-15,00,Deutschland,Kinder,NICU,163,1025,576,168,453,89,20,14,40,3,1,31,11
2024-12-15,00,Deutschland,Kinder,PICU,132,361,252,129,193,64,14,16,38,1,0,29,7
2024-12-16,00,Deutschland,Erwachsene,ERWACHSENE,918,11819,2113,5297,2077,392,154,186,185,7,0,286,92
2024-12-16,00,Deutschland,Kinder,NICU,160,1008,558,167,435,88,18,15,39,2,1,29,9
2024-12-16,00,Deutschland,Kinder,PICU,130,363,242,130,184,61,14,17,38,1,0,30,8
2024-12-17,00,Deutschland,Erwachsene,ERWACHSENE,921,12096,1896,5267,1949,390,151,192,187,7,0,282,100
2024-12-17,00,Deutschland,Kinder,NICU,159,995,567,161,440,91,16,15,37,2,1,28,7
2024-12-17,00,Deutschland,Kinder,PICU,129,363,243,129,186,62,13,19,35,1,0,31,7
2024-12-18,00,Deutschland,Erwachsene,ERWACHSENE,923,12187,1864,5293,1896,381,156,195,190,7,0,289,107
2024-12-18,00,Deutschland,Kinder,NICU,160,999,567,163,450,92,15,16,37,2,1,27,8
2024-12-18,00,Deutschland,Kinder,PICU,130,368,241,129,193,60,16,19,35,1,0,31,10
2024-12-19,00,Deutschland,Erwachsene,ERWACHSENE,915,12089,1879,5269,1870,384,160,181,189,9,0,285,101
2024-12-19,00,Deutschland,Kinder,NICU,160,985,575,170,447,91,15,14,40,2,1,26,8
2024-12-19,00,Deutschland,Kinder,PICU,130,364,243,128,184,62,15,17,36,1,0,29,10
2024-12-20,00,Deutschland,Erwachsene,ERWACHSENE,914,12037,1887,5299,1876,378,156,187,192,9,0,297,103
2024-12-20,00,Deutschland,Kinder,NICU,161,997,581,178,445,92,16,14,39,2,1,27,8
2024-12-20,00,Deutschland,Kinder,PICU,131,376,242,133,182,63,15,17,36,1,0,30,9
2024-12-21,00,Deutschland,Erwachsene,ERWACHSENE,919,11840,1982,5328,1875,382,150,197,189,11,0,291,106
2024-12-21,00,Deutschland,Kinder,NICU,161,1012,568,178,441,91,17,13,40,2,1,28,8
2024-12-21,00,Deutschland,Kinder,PICU,131,365,250,137,191,60,18,17,36,1,0,32,11
2024-12-22,00,Deutschland,Erwachsene,ERWACHSENE,920,11690,2128,5355,2005,381,153,195,190,11,0,295,101
2024-12-22,00,Deutschland,Kinder,NICU,160,1005,563,174,444,89,18,14,39,2,1,29,9
2024-12-22,00,Deutschland,Kinder,PICU,130,367,242,132,188,57,18,19,36,1,0,33,12
2024-12-23,00,Deutschland,Erwachsene,ERWACHSENE,919,11581,2265,5358,2083,395,154,182,187,10,0,282,91
2024-12-23,00,Deutschland,Kinder,NICU,159,977,566,174,446,86,21,14,38,2,1,30,10
2024-12-23,00,Deutschland,Kinder,PICU,129,364,245,132,186,59,19,16,35,1,0,32,11
2024-12-24,00,Deutschland,Erwachsene,ERWACHSENE,918,11590,2262,5364,2125,404,150,180,183,11,0,273,92
2024-12-24,00,Deutschland,Kinder,NICU,160,992,563,175,438,88,20,13,39,3,1,29,8
2024-12-24,00,Deutschland,Kinder,PICU,130,365,256,137,185,62,18,14,36,1,0,28,11
2024-12-25,00,Deutschland,Erwachsene,ERWACHSENE,915,11513,2295,5337,2182,402,146,181,185,8,0,274,79
2024-12-25,00,Deutschland,Kinder,NICU,158,977,561,172,431,88,18,13,39,2,1,27,7
2024-12-25,00,Deutschland,Kinder,PICU,126,337,255,132,182,59,18,13,36,1,0,27,10
2024-12-26,00,Deutschland,Erwachsene,ERWACHSENE,911,11491,2258,5323,2148,412,133,180,185,9,1,269,73
2024-12-26,00,Deutschland,Kinder,NICU,159,980,564,172,434,90,17,12,40,2,1,25,7
2024-12-26,00,Deutschland,Kinder,PICU,127,333,258,129,183,56,17,15,39,3,0,27,12
2024-12-27,00,Deutschland,Erwachsene,ERWACHSENE,907,11526,2217,5320,2084,403,138,183,182,7,1,276,75
2024-12-27,00,Deutschland,Kinder,NICU,156,940,573,171,439,92,15,12,37,2,1,24,7
2024-12-27,00,Deutschland,Kinder,PICU,123,297,254,118,176,56,15,14,38,3,0,25,10
2024-12-28,00,Deutschland,Erwachsene,ERWACHSENE,909,11485,2288,5333,2129,409,139,184,176,7,1,274,77
2024-12-28,00,Deutschland,Kinder,NICU,161,970,596,176,470,94,17,12,38,3,1,27,9
2024-12-28,00,Deutschland,Kinder,PICU,128,323,262,122,196,60,17,14,37,2,0,27,11
2024-12-29,00,Deutschland,Erwachsene,ERWACHSENE,905,11422,2398,5297,2111,405,135,186,178,5,1,271,81
2024-12-29,00,Deutschland,Kinder,NICU,161,977,590,185,468,95,19,11,36,3,1,28,10
2024-12-29,00,Deutschland,Kinder,PICU,129,325,266,126,197,63,18,13,35,2,0,27,11
2024-12-30,00,Deutschland,Erwachsene,ERWACHSENE,912,11569,2212,5329,2077,409,135,189,178,6,0,272,74
2024-12-30,00,Deutschland,Kinder,NICU,160,980,583,178,460,94,19,11,36,3,1,28,9
2024-12-30,00,Deutschland,Kinder,PICU,129,331,283,136,202,62,18,14,35,2,0,27,12
2024-12-31,00,Deutschland,Erwachsene,ERWACHSENE,908,11641,2175,5314,2026,409,136,180,182,6,0,271,76
2024-12-31,00,Deutschland,Kinder,NICU,161,976,596,173,444,96,18,11,36,3,1,27,8
2024-12-31,00,Deutschland,Kinder,PICU,130,340,284,134,212,63,20,13,34,1,0,28,12
2025-01-01,00,Deutschland,Erwachsene,ERWACHSENE,903,11566,2147,5263,1990,410,138,170,184,7,0,263,74
2025-01-01,00,Deutschland,Kinder,NICU,161,959,611,177,466,94,20,11,36,3,1,28,9
2025-01-01,00,Deutschland,Kinder,PICU,130,334,279,129,201,64,19,14,33,1,0,28,12
2025-01-02,00,Deutschland,Erwachsene,ERWACHSENE,908,11742,2129,5286,1997,390,150,179,188,5,0,268,90
2025-01-02,00,Deutschland,Kinder,NICU,160,952,609,165,466,96,18,10,36,2,1,24,9
2025-01-02,00,Deutschland,Kinder,PICU,130,340,273,134,202,64,19,15,32,2,0,27,12
2025-01-03,00,Deutschland,Erwachsene,ERWACHSENE,903,11822,1976,5215,1912,388,152,182,180,6,0,276,87
2025-01-03,00,Deutschland,Kinder,NICU,160,963,600,176,462,96,18,10,36,2,1,25,9
2025-01-03,00,Deutschland,Kinder,PICU,129,337,269,122,195,63,21,13,32,2,0,27,13
2025-01-04,00,Deutschland,Erwachsene,ERWACHSENE,903,11854,1894,5256,1843,383,150,183,186,6,0,275,87
2025-01-04,00,Deutschland,Kinder,NICU,159,955,588,169,448,94,16,11,38,1,1,24,9
2025-01-04,00,Deutschland,Kinder,PICU,129,323,281,119,207,57,23,13,36,2,0,28,15
2025-01-05,00,Deutschland,Erwachsene,ERWACHSENE,904,11734,1990,5267,1879,382,146,190,185,8,0,280,87
2025-01-05,00,Deutschland,Kinder,NICU,159,970,577,167,441,95,15,11,38,1,1,23,9
2025-01-05,00,Deutschland,Kinder,PICU,128,323,265,114,200,56,22,14,36,1,0,31,14
2025-01-06,00,Deutschland,Erwachsene,ERWACHSENE,905,11934,1966,5300,1888,379,134,206,185,7,0,277,98
2025-01-06,00,Deutschland,Kinder,NICU,158,934,592,161,442,95,16,10,37,1,1,23,11
2025-01-06,00,Deutschland,Kinder,PICU,127,329,264,122,198,57,20,15,35,1,0,29,14
2025-01-07,00,Deutschland,Erwachsene,ERWACHSENE,906,12123,1786,5271,1812,386,127,206,186,7,0,263,105
2025-01-07,00,Deutschland,Kinder,NICU,159,943,599,156,451,91,18,11,39,1,1,26,10
2025-01-07,00,Deutschland,Kinder,PICU,127,342,255,120,191,55,21,14,37,3,0,29,13
2025-01-08,00,Deutschland,Erwachsene,ERWACHSENE,911,12377,1691,5263,1753,383,132,208,187,8,0,264,104
2025-01-08,00,Deutschland,Kinder,NICU,160,956,600,159,460,93,16,11,40,1,1,24,8
2025-01-08,00,Deutschland,Kinder,PICU,127,363,238,123,176,56,22,13,36,2,0,30,13
2025-01-09,00,Deutschland,Erwachsene,ERWACHSENE,915,12515,1651,5310,1724,383,133,209,189,9,0,269,108
2025-01-09,00,Deutschland,Kinder,NICU,161,962,606,159,460,93,17,11,40,1,1,25,8
2025-01-09,00,Deutschland,Kinder,PICU,127,353,234,127,173,58,19,14,36,2,0,28,13
2025-01-10,00,Deutschland,Erwachsene,ERWACHSENE,914,12585,1593,5296,1708,379,141,206,187,10,0,272,120
2025-01-10,00,Deutschland,Kinder,NICU,161,963,609,158,456,95,18,8,40,1,1,23,8
2025-01-10,00,Deutschland,Kinder,PICU,127,361,227,126,170,57,20,14,36,1,0,30,12
2025-01-11,00,Deutschland,Erwachsene,ERWACHSENE,910,12394,1705,5276,1761,366,141,210,192,12,0,277,121
2025-01-11,00,Deutschland,Kinder,NICU,161,948,618,162,457,95,18,8,40,1,1,23,8
2025-01-11,00,Deutschland,Kinder,PICU,128,362,232,131,176,60,18,13,37,0,0,27,10
2025-01-12,00,Deutschland,Erwachsene,ERWACHSENE,908,12123,1871,5253,1893,367,137,210,193,13,0,274,116
2025-01-12,00,Deutschland,Kinder,NICU,161,960,607,168,458,94,19,8,40,1,1,24,8
2025-01-12,00,Deutschland,Kinder,PICU,128,356,235,139,177,61,18,12,37,0,0,26,9
2025-01-13,00,Deutschland,Erwachsene,ERWACHSENE,910,12207,1882,5290,1914,374,131,209,195,13,0,268,114
2025-01-13,00,Deutschland,Kinder,NICU,161,966,603,163,461,95,18,8,40,1,1,23,6
2025-01-13,00,Deutschland,Kinder,PICU,129,375,233,138,179,63,16,14,36,0,0,24,11
2025-01-14,00,Deutschland,Erwachsene,ERWACHSENE,909,12554,1709,5262,1806,366,146,201,195,11,0,266,120
2025-01-14,00,Deutschland,Kinder,NICU,161,972,600,164,467,95,18,8,40,1,1,22,7
2025-01-14,00,Deutschland,Kinder,PICU,129,386,236,126,174,63,17,13,36,0,0,23,10
2025-01-15,00,Deutschland,Erwachsene,ERWACHSENE,909,12604,1715,5252,1806,377,140,201,190,9,0,263,117
2025-01-15,00,Deutschland,Kinder,NICU,161,952,616,168,485,95,18,8,40,1,1,22,8
2025-01-15,00,Deutschland,Kinder,PICU,130,390,248,127,178,63,18,13,36,0,0,24,12
2025-01-16,00,Deutschland,Erwachsene,ERWACHSENE,911,12673,1707,5273,1793,380,134,204,192,7,0,262,114
2025-01-16,00,Deutschland,Kinder,NICU,161,953,626,168,484,96,18,8,39,1,1,23,7
2025-01-16,00,Deutschland,Kinder,PICU,130,380,244,127,170,65,17,13,35,0,0,25,11
2025-01-17,00,Deutschland,Erwachsene,ERWACHSENE,904,12620,1641,5246,1739,361,141,212,189,10,0,272,128
2025-01-17,00,Deutschland,Kinder,NICU,160,958,623,167,470,98,16,8,38,1,1,21,8
2025-01-17,00,Deutschland,Kinder,PICU,129,390,229,126,166,67,15,13,34,0,0,23,10
2025-01-18,00,Deutschland,Erwachsene,ERWACHSENE,910,12413,1771,5221,1800,357,149,210,193,12,0,275,128
2025-01-18,00,Deutschland,Kinder,NICU,160,975,602,165,454,95,17,10,38,1,1,24,10
2025-01-18,00,Deutschland,Kinder,PICU,129,376,243,125,174,67,15,13,34,0,0,24,10
2025-01-19,00,Deutschland,Erwachsene,ERWACHSENE,912,12270,1920,5239,1895,356,152,209,194,11,0,280,125
2025-01-19,00,Deutschland,Kinder,NICU,159,967,593,162,460,96,17,10,36,1,1,23,10
2025-01-19,00,Deutschland,Kinder,PICU,128,375,237,126,172,66,16,13,33,0,0,25,10
2025-01-20,00,Deutschland,Erwachsene,ERWACHSENE,912,12343,1947,5241,1932,363,146,207,195,13,1,276,126
2025-01-20,00,Deutschland,Kinder,NICU,160,1039,588,166,464,96,16,10,38,1,1,22,9
2025-01-20,00,Deutschland,Kinder,PICU,129,385,233,129,182,66,15,13,35,0,0,24,7
2025-01-21,00,Deutschland,Erwachsene,ERWACHSENE,911,12455,1787,5197,1830,373,140,204,193,11,1,265,122
2025-01-21,00,Deutschland,Kinder,NICU,160,998,579,170,459,94,16,9,41,1,1,21,9
2025-01-21,00,Deutschland,Kinder,PICU,128,390,213,129,167,65,15,16,32,0,0,24,11
2025-01-22,00,Deutschland,Erwachsene,ERWACHSENE,908,12585,1614,5170,1730,370,137,205,195,12,1,267,122
2025-01-22,00,Deutschland,Kinder,NICU,160,1027,551,178,426,94,15,10,41,1,1,20,10
2025-01-22,00,Deutschland,Kinder,PICU,128,399,205,126,161,64,15,15,34,0,0,24,10
2025-01-23,00,Deutschland,Erwachsene,ERWACHSENE,902,12524,1615,5140,1700,365,144,198,194,13,1,264,123
2025-01-23,00,Deutschland,Kinder,NICU,158,1021,523,167,424,96,14,8,40,1,1,16,8
2025-01-23,00,Deutschland,Kinder,PICU,128,409,211,126,171,66,14,15,33,0,0,24,9
2025-01-24,00,Deutschland,Erwachsene,ERWACHSENE,900,12549,1579,5130,1679,364,146,199,190,12,1,264,127
2025-01-24,00,Deutschland,Kinder,NICU,158,1047,502,169,414,95,14,8,41,1,1,16,8
2025-01-24,00,Deutschland,Kinder,PICU,127,394,210,128,165,64,15,15,33,0,0,25,9
2025-01-25,00,Deutschland,Erwachsene,ERWACHSENE,899,12371,1674,5130,1701,364,150,190,194,12,0,262,124
2025-01-25,00,Deutschland,Kinder,NICU,160,1030,534,166,431,95,15,9,41,2,1,19,8
2025-01-25,00,Deutschland,Kinder,PICU,129,404,208,129,157,64,15,17,33,0,0,27,10
2025-01-26,00,Deutschland,Erwachsene,ERWACHSENE,893,12074,1810,5102,1770,359,149,191,193,14,0,267,123
2025-01-26,00,Deutschland,Kinder,NICU,161,1023,552,172,426,96,15,11,39,2,1,21,9
2025-01-26,00,Deutschland,Kinder,PICU,130,397,217,128,162,64,15,19,32,0,0,29,11
2025-01-27,00,Deutschland,Erwachsene,ERWACHSENE,900,12330,1718,5138,1709,358,143,208,190,15,1,274,131
2025-01-27,00,Deutschland,Kinder,NICU,161,1039,552,172,432,95,17,10,39,2,1,22,9
2025-01-27,00,Deutschland,Kinder,PICU,131,399,220,133,161,68,14,17,32,0,0,28,10
2025-01-28,00,Deutschland,Erwachsene,ERWACHSENE,901,12618,1484,5111,1549,361,139,212,188,13,1,272,131
2025-01-28,00,Deutschland,Kinder,NICU,161,1035,547,169,433,95,18,10,38,2,1,22,10
2025-01-28,00,Deutschland,Kinder,PICU,130,420,195,128,159,65,14,18,33,0,0,28,11
2025-01-29,00,Deutschland,Erwachsene,ERWACHSENE,903,12731,1444,5102,1528,349,137,225,191,14,1,286,138
2025-01-29,00,Deutschland,Kinder,NICU,161,1043,543,159,427,95,19,10,37,2,1,23,10
2025-01-29,00,Deutschland,Kinder,PICU,130,421,192,129,147,65,11,21,33,0,0,28,12
2025-01-30,00,Deutschland,Erwachsene,ERWACHSENE,903,12741,1447,5092,1535,346,143,224,189,13,1,288,136
2025-01-30,00,Deutschland,Kinder,NICU,161,1039,539,161,427,93,20,10,38,2,1,24,10
2025-01-30,00,Deutschland,Kinder,PICU,130,409,205,128,152,64,11,20,35,0,0,28,11
2025-01-31,00,Deutschland,Erwachsene,ERWACHSENE,897,12540,1514,5089,1522,347,137,220,192,14,1,279,128
2025-01-31,00,Deutschland,Kinder,NICU,162,1030,562,156,444,94,19,11,38,2,1,24,10
2025-01-31,00,Deutschland,Kinder,PICU,131,418,202,126,146,64,11,21,35,0,0,29,12
2025-02-01,00,Deutschland,Erwachsene,ERWACHSENE,897,12394,1603,5114,1622,339,134,227,196,17,1,283,122
2025-02-01,00,Deutschland,Kinder,NICU,162,1009,579,159,456,96,18,11,37,2,1,24,10
2025-02-01,00,Deutschland,Kinder,PICU,131,418,193,127,150,63,15,18,35,0,0,28,12
2025-02-02,00,Deutschland,Erwachsene,ERWACHSENE,896,12271,1698,5165,1679,348,128,221,198,14,1,276,117
2025-02-02,00,Deutschland,Kinder,NICU,162,1020,566,159,444,95,18,13,36,3,1,26,11
2025-02-02,00,Deutschland,Kinder,PICU,131,424,193,127,146,64,13,20,34,0,0,28,12
2025-02-03,00,Deutschland,Erwachsene,ERWACHSENE,894,12341,1707,5153,1679,355,128,214,196,16,0,271,113
2025-02-03,00,Deutschland,Kinder,NICU,161,1014,561,156,449,96,17,13,35,3,1,26,10
2025-02-03,00,Deutschland,Kinder,PICU,130,419,191,126,148,65,13,19,33,0,0,27,12
2025-02-04,00,Deutschland,Erwachsene,ERWACHSENE,893,12454,1627,5113,1661,352,131,215,194,15,0,268,124
2025-02-04,00,Deutschland,Kinder,NICU,160,1004,554,160,436,97,17,12,34,2,1,26,9
2025-02-04,00,Deutschland,Kinder,PICU,129,401,206,123,157,64,13,18,34,0,0,27,10
2025-02-05,00,Deutschland,Erwachsene,ERWACHSENE,895,12465,1666,5162,1667,364,123,213,194,13,0,261,118
2025-02-05,00,Deutschland,Kinder,NICU,160,1006,556,159,447,97,16,13,34,1,1,26,9
2025-02-05,00,Deutschland,Kinder,PICU,129,411,194,122,150,63,12,20,34,0,0,26,11
2025-02-06,00,Deutschland,Erwachsene,ERWACHSENE,897,12507,1621,5189,1617,359,134,210,193,12,0,268,123
2025-02-06,00,Deutschland,Kinder,NICU,160,1017,546,158,452,93,19,13,35,1,1,28,10
2025-02-06,00,Deutschland,Kinder,PICU,129,404,197,120,145,62,12,20,35,0,0,27,10
2025-02-07,00,Deutschland,Erwachsene,ERWACHSENE,892,12385,1640,5135,1650,352,137,206,196,14,0,269,123
2025-02-07,00,Deutschland,Kinder,NICU,160,1017,545,159,436,96,19,11,34,1,1,26,10
2025-02-07,00,Deutschland,Kinder,PICU,129,400,205,122,151,65,14,15,35,0,0,24,9
2025-02-08,00,Deutschland,Erwachsene,ERWACHSENE,893,12330,1679,5167,1683,347,139,207,199,12,0,275,116
2025-02-08,00,Deutschland,Kinder,NICU,160,1006,558,157,426,94,20,12,34,3,1,28,10
2025-02-08,00,Deutschland,Kinder,PICU,129,399,202,120,149,64,13,17,35,0,0,25,10
2025-02-09,00,Deutschland,Erwachsene,ERWACHSENE,894,12162,1784,5127,1721,354,142,197,200,13,0,271,109
2025-02-09,00,Deutschland,Kinder,NICU,159,1003,556,152,428,95,20,12,32,3,1,28,10
2025-02-09,00,Deutschland,Kinder,PICU,128,401,206,123,152,66,12,18,32,0,0,25,10
2025-02-10,00,Deutschland,Erwachsene,ERWACHSENE,895,12328,1702,5146,1694,358,140,194,202,15,0,269,109
2025-02-10,00,Deutschland,Kinder,NICU,161,1001,573,158,448,96,20,11,34,3,1,27,11
2025-02-10,00,Deutschland,Kinder,PICU,129,419,199,124,150,66,11,19,33,0,0,25,10
2025-02-11,00,Deutschland,Erwachsene,ERWACHSENE,894,12568,1508,5118,1565,352,143,195,202,14,0,268,117
2025-02-11,00,Deutschland,Kinder,NICU,161,984,585,158,450,96,19,11,35,2,1,25,11
2025-02-11,00,Deutschland,Kinder,PICU,129,422,197,124,145,64,12,18,35,0,0,25,11
2025-02-12,00,Deutschland,Erwachsene,ERWACHSENE,897,12674,1488,5135,1574,349,145,204,197,14,0,273,130
2025-02-12,00,Deutschland,Kinder,NICU,161,976,584,159,456,95,18,12,36,2,1,25,11
2025-02-12,00,Deutschland,Kinder,PICU,129,431,196,121,147,61,17,16,35,0,0,28,10
2025-02-13,00,Deutschland,Erwachsene,ERWACHSENE,893,12624,1499,5099,1565,347,147,197,200,13,0,266,125
2025-02-13,00,Deutschland,Kinder,NICU,161,974,586,150,456,94,20,13,34,4,1,26,14
2025-02-13,00,Deutschland,Kinder,PICU,129,432,190,119,139,61,17,16,35,1,0,28,10
2025-02-14,00,Deutschland,Erwachsene,ERWACHSENE,888,12503,1523,5108,1575,359,136,196,195,12,0,267,112
2025-02-14,00,Deutschland,Kinder,NICU,161,998,566,152,444,93,18,16,34,4,2,27,14
2025-02-14,00,Deutschland,Kinder,PICU,129,426,193,128,138,57,17,20,35,1,0,29,14
2025-02-15,00,Deutschland,Erwachsene,ERWACHSENE,892,12337,1568,5098,1605,353,138,199,200,12,0,270,112
2025-02-15,00,Deutschland,Kinder,NICU,161,997,575,152,446,93,18,15,35,4,2,27,14
2025-02-15,00,Deutschland,Kinder,PICU,129,417,200,132,145,57,17,19,36,1,0,29,15
2025-02-16,00,Deutschland,Erwachsene,ERWACHSENE,891,12154,1696,5098,1688,349,139,199,202,13,0,274,109
2025-02-16,00,Deutschland,Kinder,NICU,161,984,585,156,446,92,18,15,36,4,2,27,14
2025-02-16,00,Deutschland,Kinder,PICU,129,417,203,133,145,56,17,19,37,1,0,29,15
2025-02-17,00,Deutschland,Erwachsene,ERWACHSENE,891,12155,1734,5138,1762,368,123,196,202,10,0,261,103
2025-02-17,00,Deutschland,Kinder,NICU,161,962,616,156,469,96,17,13,35,2,1,25,12
2025-02-17,00,Deutschland,Kinder,PICU,129,424,202,132,145,57,18,18,36,0,0,29,16
2025-02-18,00,Deutschland,Erwachsene,ERWACHSENE,894,12444,1554,5105,1643,359,131,209,193,11,0,265,124
2025-02-18,00,Deutschland,Kinder,NICU,161,971,616,154,484,100,16,12,33,2,1,24,11
2025-02-18,00,Deutschland,Kinder,PICU,129,423,198,138,139,57,18,17,37,0,0,28,13
2025-02-19,00,Deutschland,Erwachsene,ERWACHSENE,893,12471,1526,5127,1620,350,142,206,193,13,1,272,126
2025-02-19,00,Deutschland,Kinder,NICU,161,969,616,157,483,98,16,14,33,3,1,25,13
2025-02-19,00,Deutschland,Kinder,PICU,128,427,177,130,147,57,18,17,36,0,0,29,14
2025-02-20,00,Deutschland,Erwachsene,ERWACHSENE,894,12506,1517,5128,1602,362,129,203,198,12,0,261,117
2025-02-20,00,Deutschland,Kinder,NICU,159,958,598,153,474,97,17,13,32,3,1,25,13
2025-02-20,00,Deutschland,Kinder,PICU,126,411,171,127,136,57,17,17,35,0,0,29,14
2025-02-21,00,Deutschland,Erwachsene,ERWACHSENE,894,12524,1491,5140,1594,350,133,212,197,14,0,267,123
2025-02-21,00,Deutschland,Kinder,NICU,159,964,591,154,474,96,18,13,32,2,1,25,12
2025-02-21,00,Deutschland,Kinder,PICU,127,402,199,136,146,57,19,17,34,0,0,30,15
2025-02-22,00,Deutschland,Erwachsene,ERWACHSENE,897,12471,1485,5172,1587,347,137,210,201,15,0,273,120
2025-02-22,00,Deutschland,Kinder,NICU,160,992,571,165,466,93,19,13,35,1,1,28,10
2025-02-22,00,Deutschland,Kinder,PICU,128,405,197,136,157,58,18,18,34,0,0,32,13
2025-02-23,00,Deutschland,Erwachsene,ERWACHSENE,894,12269,1638,5192,1659,340,136,215,201,15,0,283,122
2025-02-23,00,Deutschland,Kinder,NICU,160,975,587,167,468,94,18,13,35,1,1,26,10
2025-02-23,00,Deutschland,Kinder,PICU,128,392,205,136,159,59,18,17,34,0,0,30,13
2025-02-24,00,Deutschland,Erwachsene,ERWACHSENE,891,12404,1577,5146,1618,344,133,216,196,13,0,281,123
2025-02-24,00,Deutschland,Kinder,NICU,160,989,576,156,458,95,18,12,35,1,1,25,9
2025-02-24,00,Deutschland,Kinder,PICU,129,397,217,139,173,63,19,14,33,0,0,28,11
2025-02-25,00,Deutschland,Erwachsene,ERWACHSENE,888,12582,1441,5094,1514,335,143,215,193,12,0,277,130
2025-02-25,00,Deutschland,Kinder,NICU,162,1004,583,159,459,97,20,10,35,1,1,25,9
2025-02-25,00,Deutschland,Kinder,PICU,131,435,214,146,161,63,19,16,33,0,0,28,14
2025-02-26,00,Deutschland,Erwachsene,ERWACHSENE,888,12617,1377,5104,1526,333,142,218,193,13,0,283,128
2025-02-26,00,Deutschland,Kinder,NICU,162,1002,574,157,444,97,19,10,36,1,1,24,8
2025-02-26,00,Deutschland,Kinder,PICU,131,444,212,147,159,62,21,15,33,0,0,29,14
2025-02-27,00,Deutschland,Erwachsene,ERWACHSENE,885,12523,1416,5110,1514,343,137,212,191,15,1,278,124
2025-02-27,00,Deutschland,Kinder,NICU,161,1006,562,148,435,98,18,10,35,1,1,24,7
2025-02-27,00,Deutschland,Kinder,PICU,130,440,207,138,146,59,22,16,33,0,0,31,15
2025-02-28,00,Deutschland,Erwachsene,ERWACHSENE,883,12472,1407,5102,1502,338,139,212,192,14,0,278,126
2025-02-28,00,Deutschland,Kinder,NICU,161,998,571,150,453,97,19,10,35,1,1,24,9
2025-02-28,00,Deutschland,Kinder,PICU,128,429,194,128,150,60,20,17,31,0,0,31,15
2025-03-01,00,Deutschland,Erwachsene,ERWACHSENE,879,12274,1447,5078,1521,336,131,218,192,14,1,287,116
2025-03-01,00,Deutschland,Kinder,NICU,160,1000,542,148,441,94,19,11,36,1,1,26,8
2025-03-01,00,Deutschland,Kinder,PICU,128,426,202,126,153,61,20,16,31,0,0,32,14
2025-03-02,00,Deutschland,Erwachsene,ERWACHSENE,880,12119,1570,5109,1575,333,144,215,186,13,2,298,119
2025-03-02,00,Deutschland,Kinder,NICU,159,986,548,151,445,95,17,10,37,1,1,24,6
2025-03-02,00,Deutschland,Kinder,PICU,128,423,198,128,148,60,19,18,31,0,0,32,14
2025-03-03,00,Deutschland,Erwachsene,ERWACHSENE,882,12090,1675,5078,1688,351,142,200,187,17,2,277,114
2025-03-03,00,Deutschland,Kinder,NICU,156,963,551,148,442,93,19,9,35,1,1,25,5
2025-03-03,00,Deutschland,Kinder,PICU,126,398,197,126,141,57,21,18,30,0,0,33,15
2025-03-04,00,Deutschland,Erwachsene,ERWACHSENE,884,12251,1599,5079,1679,356,146,195,185,17,1,272,120
2025-03-04,00,Deutschland,Kinder,NICU,156,938,576,147,468,92,20,10,34,1,1,27,6
2025-03-04,00,Deutschland,Kinder,PICU,126,398,189,125,145,58,20,17,31,0,0,33,13
2025-03-05,00,Deutschland,Erwachsene,ERWACHSENE,887,12338,1618,5098,1644,364,144,192,185,17,1,264,120
2025-03-05,00,Deutschland,Kinder,NICU,157,941,591,150,477,93,20,10,34,1,1,27,7
2025-03-05,00,Deutschland,Kinder,PICU,125,411,188,126,137,57,20,17,31,0,0,33,13
2025-03-06,00,Deutschland,Erwachsene,ERWACHSENE,885,12300,1605,5056,1697,372,133,190,188,16,1,255,107
2025-03-06,00,Deutschland,Kinder,NICU,157,957,575,152,467,91,21,10,35,1,1,28,7
2025-03-06,00,Deutschland,Kinder,PICU,125,410,180,127,140,58,19,16,32,0,0,31,12
2025-03-07,00,Deutschland,Erwachsene,ERWACHSENE,885,12230,1629,5078,1704,380,129,183,191,19,1,256,96
2025-03-07,00,Deutschland,Kinder,NICU,157,939,593,155,471,92,19,10,36,1,1,26,6
2025-03-07,00,Deutschland,Kinder,PICU,124,389,186,116,138,56,22,14,32,0,0,32,11
2025-03-08,00,Deutschland,Erwachsene,ERWACHSENE,885,12139,1663,5082,1709,363,138,188,194,18,1,262,107
2025-03-08,00,Deutschland,Kinder,NICU,157,930,595,153,471,89,20,10,38,1,1,27,7
2025-03-08,00,Deutschland,Kinder,PICU,124,374,192,116,136,56,20,15,33,0,0,31,12
2025-03-09,00,Deutschland,Erwachsene,ERWACHSENE,885,12023,1738,5157,1756,364,137,186,196,17,1,263,105
2025-03-09,00,Deutschland,Kinder,NICU,158,937,603,163,463,90,19,11,38,1,1,28,6
2025-03-09,00,Deutschland,Kinder,PICU,125,359,211,119,140,58,19,15,33,0,0,30,11
2025-03-10,00,Deutschland,Erwachsene,ERWACHSENE,887,12171,1730,5199,1695,358,147,182,198,17,1,269,104
2025-03-10,00,Deutschland,Kinder,NICU,159,949,609,166,474,92,19,10,38,1,1,26,7
2025-03-10,00,Deutschland,Kinder,PICU,127,409,204,128,149,59,21,15,32,0,0,31,13
2025-03-11,00,Deutschland,Erwachsene,ERWACHSENE,890,12364,1649,5180,1712,366,145,183,194,17,1,266,103
2025-03-11,00,Deutschland,Kinder,NICU,159,954,596,164,471,91,20,11,37,2,1,28,7
2025-03-11,00,Deutschland,Kinder,PICU,128,418,203,131,155,61,19,16,32,0,0,29,15
2025-03-12,00,Deutschland,Erwachsene,ERWACHSENE,890,12474,1538,5177,1621,361,142,190,195,16,0,266,107
2025-03-12,00,Deutschland,Kinder,NICU,160,964,594,158,473,93,20,11,36,3,1,29,7
2025-03-12,00,Deutschland,Kinder,PICU,129,432,187,131,141,60,20,16,33,0,0,31,14
2025-03-13,00,Deutschland,Erwachsene,ERWACHSENE,893,12480,1568,5172,1646,359,142,191,199,15,0,261,112
2025-03-13,00,Deutschland,Kinder,NICU,159,973,580,156,457,91,21,10,37,2,1,29,8
2025-03-13,00,Deutschland,Kinder,PICU,128,416,208,130,145,60,17,18,33,1,0,32,13
2025-03-14,00,Deutschland,Erwachsene,ERWACHSENE,890,12374,1614,5125,1664,361,131,197,199,14,1,257,109
2025-03-14,00,Deutschland,Kinder,NICU,159,994,578,157,447,90,21,10,38,2,1,28,8
2025-03-14,00,Deutschland,Kinder,PICU,129,428,197,133,141,62,15,19,33,1,0,30,12
2025-03-15,00,Deutschland,Erwachsene,ERWACHSENE,890,12215,1675,5125,1687,358,124,203,203,14,1,263,106
2025-03-15,00,Deutschland,Kinder,NICU,159,983,588,153,453,88,22,10,39,2,1,28,10
2025-03-15,00,Deutschland,Kinder,PICU,129,419,209,135,151,61,16,19,33,1,0,31,13
2025-03-16,00,Deutschland,Erwachsene,ERWACHSENE,890,12108,1760,5051,1804,373,126,190,199,14,1,260,97
2025-03-16,00,Deutschland,Kinder,NICU,159,971,591,147,454,89,22,9,39,2,1,27,9
2025-03-16,00,Deutschland,Kinder,PICU,128,416,209,123,154,59,17,19,33,1,0,34,11
2025-03-17,00,Deutschland,Erwachsene,ERWACHSENE,888,12046,1868,5141,1877,371,140,180,195,13,0,253,107
2025-03-17,00,Deutschland,Kinder,NICU,160,955,619,153,470,91,21,9,39,2,1,26,8
2025-03-17,00,Deutschland,Kinder,PICU,129,413,206,115,161,59,19,18,33,1,0,35,13
2025-03-18,00,Deutschland,Erwachsene,ERWACHSENE,886,12158,1716,5104,1720,369,130,192,193,15,0,253,108
2025-03-18,00,Deutschland,Kinder,NICU,159,939,616,154,478,92,20,8,39,2,1,22,7
2025-03-18,00,Deutschland,Kinder,PICU,128,420,208,119,150,60,17,18,33,1,0,31,13
2025-03-19,00,Deutschland,Erwachsene,ERWACHSENE,876,12081,1675,5012,1680,368,127,182,197,18,0,241,106
2025-03-19,00,Deutschland,Kinder,NICU,159,939,615,160,483,93,19,8,39,2,1,22,7
2025-03-19,00,Deutschland,Kinder,PICU,128,417,214,118,152,60,17,18,33,1,0,31,10
2025-03-20,00,Deutschland,Erwachsene,ERWACHSENE,877,12138,1605,4992,1635,376,124,181,194,19,1,245,103
2025-03-20,00,Deutschland,Kinder,NICU,158,938,613,158,489,92,19,9,38,2,1,24,7
2025-03-20,00,Deutschland,Kinder,PICU,127,394,212,116,156,61,16,17,33,1,0,29,9
2025-03-21,00,Deutschland,Erwachsene,ERWACHSENE,877,12060,1657,4999,1657,371,124,183,197,17,0,249,100
2025-03-21,00,Deutschland,Kinder,NICU,157,956,594,157,463,88,20,11,38,2,1,28,7
2025-03-21,00,Deutschland,Kinder,PICU,126,385,219,111,167,57,17,16,36,0,0,31,8
2025-03-22,00,Deutschland,Erwachsene,ERWACHSENE,878,11907,1768,5012,1749,371,124,184,197,16,0,254,94
2025-03-22,00,Deutschland,Kinder,NICU,155,937,583,151,457,88,19,10,38,2,1,26,7
2025-03-22,00,Deutschland,Kinder,PICU,124,388,206,113,155,56,20,13,35,0,0,32,8
2025-03-23,00,Deutschland,Erwachsene,ERWACHSENE,873,11676,1884,5065,1820,364,124,187,196,16,0,255,96
2025-03-23,00,Deutschland,Kinder,NICU,155,937,585,152,457,89,19,9,38,2,1,25,6
2025-03-23,00,Deutschland,Kinder,PICU,124,377,217,113,162,55,21,13,35,0,0,33,8
2025-03-24,00,Deutschland,Erwachsene,ERWACHSENE,874,11788,1900,5015,1884,367,131,180,194,16,0,248,99
2025-03-24,00,Deutschland,Kinder,NICU,157,933,613,158,466,91,20,8,38,2,1,25,6
2025-03-24,00,Deutschland,Kinder,PICU,125,363,230,115,168,54,22,14,35,0,0,35,7
2025-03-25,00,Deutschland,Erwachsene,ERWACHSENE,871,11881,1799,4954,1789,362,134,177,196,19,2,246,101
2025-03-25,00,Deutschland,Kinder,NICU,157,958,596,158,452,95,17,8,37,2,1,22,7
2025-03-25,00,Deutschland,Kinder,PICU,127,381,227,118,176,55,20,15,37,0,0,33,9
2025-03-26,00,Deutschland,Erwachsene,ERWACHSENE,874,11984,1767,4954,1794,361,134,177,200,16,2,250,98
2025-03-26,00,Deutschland,Kinder,NICU,157,982,569,155,445,95,17,8,37,2,1,22,7
2025-03-26,00,Deutschland,Kinder,PICU,127,400,212,118,159,56,17,18,36,0,0,31,10
2025-03-27,00,Deutschland,Erwachsene,ERWACHSENE,877,11990,1771,4968,1790,365,132,176,202,16,2,244,100
2025-03-27,00,Deutschland,Kinder,NICU,156,952,588,155,465,93,17,8,38,2,1,22,6
2025-03-27,00,Deutschland,Kinder,PICU,127,402,212,128,161,60,19,14,34,0,0,29,10
2025-03-28,00,Deutschland,Erwachsene,ERWACHSENE,868,11792,1839,4945,1838,365,139,166,196,15,1,245,97
2025-03-28,00,Deutschland,Kinder,NICU,154,942,587,148,448,92,17,7,38,2,1,21,6
2025-03-28,00,Deutschland,Kinder,PICU,125,401,205,119,158,58,19,14,34,0,0,29,8
2025-03-29,00,Deutschland,Erwachsene,ERWACHSENE,872,11686,1907,4915,1840,367,132,175,196,16,1,255,91
2025-03-29,00,Deutschland,Kinder,NICU,154,939,594,150,447,90,18,7,39,1,1,21,4
2025-03-29,00,Deutschland,Kinder,PICU,126,405,201,122,158,56,20,16,34,0,0,31,10
2025-03-30,00,Deutschland,Erwachsene,ERWACHSENE,875,11534,2049,4998,1959,376,131,171,195,14,1,251,90
2025-03-30,00,Deutschland,Kinder,NICU,157,960,599,150,466,94,18,8,37,1,1,22,4
2025-03-30,00,Deutschland,Kinder,PICU,128,393,215,123,157,58,19,17,34,0,0,32,11
2025-03-31,00,Deutschland,Erwachsene,ERWACHSENE,875,11619,2048,5020,1974,382,136,156,199,13,1,239,88
2025-03-31,00,Deutschland,Kinder,NICU,157,952,607,148,479,95,17,8,37,1,1,22,4
2025-03-31,00,Deutschland,Kinder,PICU,128,387,222,124,165,57,21,17,33,0,0,34,12
2025-04-01,00,Deutschland,Erwachsene,ERWACHSENE,879,11848,1919,5034,1926,381,133,160,203,13,1,239,91
2025-04-01,00,Deutschland,Kinder,NICU,158,961,611,144,467,94,18,8,38,1,1,23,5
2025-04-01,00,Deutschland,Kinder,PICU,129,403,213,121,159,59,19,16,35,0,0,32,10
2025-04-02,00,Deutschland,Erwachsene,ERWACHSENE,881,11922,1862,4982,1914,380,136,159,204,13,1,233,95
2025-04-02,00,Deutschland,Kinder,NICU,158,938,628,147,469,93,18,8,39,1,1,23,5
2025-04-02,00,Deutschland,Kinder,PICU,128,392,213,117,171,58,20,15,35,0,0,33,9
2025-04-03,00,Deutschland,Erwachsene,ERWACHSENE,882,12013,1811,5036,1847,380,135,162,203,13,1,233,95
2025-04-03,00,Deutschland,Kinder,NICU,157,937,620,151,461,93,18,8,38,1,1,23,5
2025-04-03,00,Deutschland,Kinder,PICU,126,384,194,110,158,57,19,16,34,1,0,33,9
2025-04-04,00,Deutschland,Erwachsene,ERWACHSENE,882,12044,1743,5059,1773,381,136,163,200,14,1,240,92
2025-04-04,00,Deutschland,Kinder,NICU,157,958,604,151,464,93,18,8,38,1,1,23,6
2025-04-04,00,Deutschland,Kinder,PICU,125,364,199,109,158,58,19,14,34,1,0,31,9
2025-04-05,00,Deutschland,Erwachsene,ERWACHSENE,880,11877,1850,5074,1835,379,130,164,205,13,1,240,88
2025-04-05,00,Deutschland,Kinder,NICU,156,931,610,145,464,90,18,8,40,1,1,23,6
2025-04-05,00,Deutschland,Kinder,PICU,124,367,200,107,160,57,18,15,34,1,0,31,8
2025-04-06,00,Deutschland,Erwachsene,ERWACHSENE,879,11668,2016,5092,1907,379,124,167,207,13,1,244,81
2025-04-06,00,Deutschland,Kinder,NICU,156,932,609,152,460,88,20,7,41,2,1,24,7
2025-04-06,00,Deutschland,Kinder,PICU,123,347,208,106,167,55,20,14,34,1,0,32,8
2025-04-07,00,Deutschland,Erwachsene,ERWACHSENE,882,11694,2102,5095,2001,386,124,165,205,13,1,238,81
2025-04-07,00,Deutschland,Kinder,NICU,155,933,596,152,447,89,19,7,40,2,1,22,7
2025-04-07,00,Deutschland,Kinder,PICU,122,331,228,106,180,57,18,13,34,0,0,30,7
2025-04-08,00,Deutschland,Erwachsene,ERWACHSENE,880,11892,1908,5031,1898,387,120,168,203,17,2,237,86
2025-04-08,00,Deutschland,Kinder,NICU,155,944,594,145,460,87,20,7,41,2,1,22,8
2025-04-08,00,Deutschland,Kinder,PICU,123,345,210,102,166,55,18,15,35,0,0,30,8
2025-04-09,00,Deutschland,Erwachsene,ERWACHSENE,878,11894,1947,5059,1927,387,123,163,203,16,1,229,86
2025-04-09,00,Deutschland,Kinder,NICU,155,921,620,144,469,86,21,7,41,2,1,25,9
2025-04-09,00,Deutschland,Kinder,PICU,123,363,195,101,146,54,19,15,35,0,0,31,8
2025-04-10,00,Deutschland,Erwachsene,ERWACHSENE,879,11871,1963,5022,1911,385,126,162,204,17,1,228,85
2025-04-10,00,Deutschland,Kinder,NICU,156,946,603,148,460,88,20,7,41,2,1,24,9
2025-04-10,00,Deutschland,Kinder,PICU,125,364,215,101,159,58,17,15,35,0,0,28,9
2025-04-11,00,Deutschland,Erwachsene,ERWACHSENE,875,11758,1978,5026,1963,378,131,157,207,14,1,230,82
2025-04-11,00,Deutschland,Kinder,NICU,157,938,626,156,472,89,19,8,41,2,1,24,9
2025-04-11,00,Deutschland,Kinder,PICU,126,371,216,105,161,59,17,15,35,0,0,29,11
2025-04-12,00,Deutschland,Erwachsene,ERWACHSENE,876,11738,1995,5026,1964,385,125,154,210,13,1,224,78
2025-04-12,00,Deutschland,Kinder,NICU,156,941,614,160,441,85,20,9,42,2,1,26,10
2025-04-12,00,Deutschland,Kinder,PICU,124,368,208,104,166,56,20,13,35,0,0,28,10
2025-04-13,00,Deutschland,Erwachsene,ERWACHSENE,874,11608,2059,5034,1984,374,129,154,215,15,1,229,83
2025-04-13,00,Deutschland,Kinder,NICU,155,946,602,155,436,85,19,10,41,1,1,26,9
2025-04-13,00,Deutschland,Kinder,PICU,124,368,203,106,168,58,19,13,34,0,0,28,9
2025-04-14,00,Deutschland,Erwachsene,ERWACHSENE,875,11571,2134,5052,2043,380,136,143,214,15,1,226,83
2025-04-14,00,Deutschland,Kinder,NICU,155,957,592,159,445,84,21,9,41,1,1,27,9
2025-04-14,00,Deutschland,Kinder,PICU,126,393,200,106,166,59,20,13,34,0,0,29,10
2025-04-15,00,Deutschland,Erwachsene,ERWACHSENE,876,11735,1990,5056,1920,377,134,148,215,11,0,222,88
2025-04-15,00,Deutschland,Kinder,NICU,155,986,558,154,421,85,20,9,41,1,1,26,9
2025-04-15,00,Deutschland,Kinder,PICU,126,383,209,105,169,59,18,15,34,0,0,28,11
2025-04-16,00,Deutschland,Erwachsene,ERWACHSENE,874,11783,1946,5011,1904,376,131,152,213,12,0,225,87
2025-04-16,00,Deutschland,Kinder,NICU,156,968,582,152,429,88,19,8,41,1,1,24,7
2025-04-16,00,Deutschland,Kinder,PICU,126,382,215,105,172,59,18,15,34,0,0,28,9
2025-04-17,00,Deutschland,Erwachsene,ERWACHSENE,871,11644,2061,5009,1965,391,129,143,206,12,0,219,81
2025-04-17,00,Deutschland,Kinder,NICU,155,965,585,149,439,85,20,8,42,2,2,24,8
2025-04-17,00,Deutschland,Kinder,PICU,125,375,218,104,165,58,17,16,34,3,0,28,12
2025-04-18,00,Deutschland,Erwachsene,ERWACHSENE,871,11509,2136,4988,2016,385,137,137,210,11,0,221,81
2025-04-18,00,Deutschland,Kinder,NICU,155,977,574,150,439,85,19,8,43,2,2,23,6
2025-04-18,00,Deutschland,Kinder,PICU,124,373,211,107,156,56,14,17,37,2,0,26,11
2025-04-19,00,Deutschland,Erwachsene,ERWACHSENE,868,11230,2346,4945,2138,386,134,138,208,11,0,221,79
2025-04-19,00,Deutschland,Kinder,NICU,156,956,598,148,436,85,20,8,43,2,2,24,6
2025-04-19,00,Deutschland,Kinder,PICU,126,369,223,107,173,57,15,18,36,3,0,28,12
2025-04-20,00,Deutschland,Erwachsene,ERWACHSENE,868,11261,2263,4947,2067,382,135,137,212,13,0,218,81
2025-04-20,00,Deutschland,Kinder,NICU,156,947,600,145,454,85,20,8,43,2,2,24,7
2025-04-20,00,Deutschland,Kinder,PICU,126,365,226,106,168,56,17,17,36,3,0,29,13
2025-04-21,00,Deutschland,Erwachsene,ERWACHSENE,868,11339,2187,4927,2028,386,130,142,208,12,0,221,77
2025-04-21,00,Deutschland,Kinder,NICU,157,951,598,159,455,86,19,8,44,2,2,23,7
2025-04-21,00,Deutschland,Kinder,PICU,126,348,240,111,182,57,17,16,36,2,0,29,11
2025-04-22,00,Deutschland,Erwachsene,ERWACHSENE,876,11454,2232,5024,2117,393,126,144,211,12,0,211,84
2025-04-22,00,Deutschland,Kinder,NICU,155,919,604,157,460,84,20,9,42,2,2,25,7
2025-04-22,00,Deutschland,Kinder,PICU,124,341,248,110,191,58,15,15,36,2,0,27,11
2025-04-23,00,Deutschland,Erwachsene,ERWACHSENE,875,11678,2037,4990,2001,386,135,143,209,11,0,216,88
2025-04-23,00,Deutschland,Kinder,NICU,154,903,613,160,465,86,16,10,42,2,2,22,6
2025-04-23,00,Deutschland,Kinder,PICU,124,354,229,110,181,57,15,15,37,2,0,28,9
2025-04-24,00,Deutschland,Erwachsene,ERWACHSENE,869,11473,2036,4977,2004,390,122,143,212,13,0,209,80
2025-04-24,00,Deutschland,Kinder,NICU,154,928,582,150,455,88,14,10,42,1,1,21,5
2025-04-24,00,Deutschland,Kinder,PICU,123,344,218,108,170,56,14,16,37,1,0,26,9
2025-04-25,00,Deutschland,Erwachsene,ERWACHSENE,866,11416,2070,4995,2061,400,117,144,203,13,0,209,74
2025-04-25,00,Deutschland,Kinder,NICU,153,919,580,149,459,86,17,8,42,1,1,22,6
2025-04-25,00,Deutschland,Kinder,PICU,122,343,223,107,172,58,11,17,36,1,0,26,9
2025-04-26,00,Deutschland,Erwachsene,ERWACHSENE,862,11204,2188,5001,2105,391,121,141,207,12,0,212,67
2025-04-26,00,Deutschland,Kinder,NICU,155,929,587,155,455,86,19,8,42,1,1,23,8
2025-04-26,00,Deutschland,Kinder,PICU,124,344,231,106,176,60,12,17,35,1,0,26,10
2025-04-27,00,Deutschland,Erwachsene,ERWACHSENE,862,11095,2253,5010,2144,383,127,143,207,10,1,221,65
2025-04-27,00,Deutschland,Kinder,NICU,155,909,602,156,472,89,19,7,40,1,1,22,7
2025-04-27,00,Deutschland,Kinder,PICU,124,341,234,106,180,63,11,15,35,1,0,24,6
2025-04-28,00,Deutschland,Erwachsene,ERWACHSENE,868,11296,2261,5049,2179,395,118,141,212,9,0,212,72
2025-04-28,00,Deutschland,Kinder,NICU,154,907,612,157,472,92,18,6,38,1,1,20,8
2025-04-28,00,Deutschland,Kinder,PICU,123,338,237,108,190,64,9,16,34,0,0,22,6
2025-04-29,00,Deutschland,Erwachsene,ERWACHSENE,873,11639,2100,5049,2025,398,121,135,217,8,0,208,72
2025-04-29,00,Deutschland,Kinder,NICU,154,922,596,154,463,90,19,6,39,1,1,20,9
2025-04-29,00,Deutschland,Kinder,PICU,123,349,223,109,184,64,8,17,34,0,0,22,6
2025-04-30,00,Deutschland,Erwachsene,ERWACHSENE,877,11789,1971,5074,1990,398,116,146,215,10,0,214,75
2025-04-30,00,Deutschland,Kinder,NICU,154,942,584,156,462,90,19,5,40,1,1,19,9
2025-04-30,00,Deutschland,Kinder,PICU,124,359,229,112,186,66,9,14,35,0,0,20,6
2025-05-01,00,Deutschland,Erwachsene,ERWACHSENE,878,11705,2033,5112,2014,400,117,147,212,10,0,219,69
2025-05-01,00,Deutschland,Kinder,NICU,153,925,587,150,453,89,19,5,40,1,1,19,9
2025-05-01,00,Deutschland,Kinder,PICU,123,356,225,109,175,64,10,14,35,1,0,21,7
2025-05-02,00,Deutschland,Erwachsene,ERWACHSENE,872,11365,2257,5086,2209,409,118,136,207,10,0,212,69
2025-05-02,00,Deutschland,Kinder,NICU,153,929,585,148,451,89,17,7,40,1,1,18,10
2025-05-02,00,Deutschland,Kinder,PICU,123,337,242,114,182,66,9,13,35,1,0,21,5
2025-05-03,00,Deutschland,Erwachsene,ERWACHSENE,871,11360,2177,5037,2107,400,114,142,213,8,0,210,69
2025-05-03,00,Deutschland,Kinder,NICU,151,905,591,143,456,90,15,7,39,1,1,16,10
2025-05-03,00,Deutschland,Kinder,PICU,122,352,226,111,173,65,9,12,36,0,0,20,4
2025-05-04,00,Deutschland,Erwachsene,ERWACHSENE,868,11168,2290,5022,2183,404,116,133,213,7,0,208,64
2025-05-04,00,Deutschland,Kinder,NICU,153,902,614,148,466,91,15,8,39,1,1,16,8
2025-05-04,00,Deutschland,Kinder,PICU,122,312,245,109,177,67,9,12,34,0,0,20,5
2025-05-05,00,Deutschland,Erwachsene,ERWACHSENE,872,11272,2290,5018,2176,395,125,131,219,10,0,210,71
2025-05-05,00,Deutschland,Kinder,NICU,154,907,616,147,459,90,15,8,41,1,1,17,9
2025-05-05,00,Deutschland,Kinder,PICU,124,314,256,111,198,66,11,13,34,1,0,23,8
2025-05-06,00,Deutschland,Erwachsene,ERWACHSENE,869,11423,2145,4854,2077,398,129,126,214,9,0,202,73
2025-05-06,00,Deutschland,Kinder,NICU,155,907,619,150,456,90,15,9,41,1,1,17,10
2025-05-06,00,Deutschland,Kinder,PICU,123,322,239,107,186,64,12,14,33,1,0,24,9
2025-05-07,00,Deutschland,Erwachsene,ERWACHSENE,868,11483,2090,4823,2056,403,122,130,211,8,0,199,73
2025-05-07,00,Deutschland,Kinder,NICU,153,913,588,147,438,90,15,9,39,1,1,17,9
2025-05-07,00,Deutschland,Kinder,PICU,121,321,231,109,179,64,10,14,33,1,0,24,7
2025-05-08,00,Deutschland,Erwachsene,ERWACHSENE,864,11409,2085,4801,2078,395,122,138,207,7,0,207,74
2025-05-08,00,Deutschland,Kinder,NICU,151,912,577,145,438,87,16,10,38,1,1,19,10
2025-05-08,00,Deutschland,Kinder,PICU,120,333,221,108,179,62,12,13,33,1,0,25,7
2025-05-09,00,Deutschland,Erwachsene,ERWACHSENE,860,11357,2068,4785,2046,407,119,124,208,8,1,202,63
2025-05-09,00,Deutschland,Kinder,NICU,152,904,599,148,452,86,17,10,39,1,1,20,10
2025-05-09,00,Deutschland,Kinder,PICU,120,324,225,109,178,59,14,13,34,1,0,25,7
2025-05-10,00,Deutschland,Erwachsene,ERWACHSENE,868,11354,2109,4876,2078,409,125,123,209,8,1,204,66
2025-05-10,00,Deutschland,Kinder,NICU,153,922,596,141,456,87,18,9,39,2,1,21,11
2025-05-10,00,Deutschland,Kinder,PICU,120,318,232,108,178,62,12,13,33,1,0,24,6
2025-05-11,00,Deutschland,Erwachsene,ERWACHSENE,865,11151,2205,4845,2196,402,121,128,212,7,1,202,67
2025-05-11,00,Deutschland,Kinder,NICU,152,918,580,138,449,86,17,9,40,3,1,20,12
2025-05-11,00,Deutschland,Kinder,PICU,120,333,223,107,184,62,13,12,33,1,0,22,6
2025-05-12,00,Deutschland,Erwachsene,ERWACHSENE,863,11034,2341,4841,2296,406,118,128,209,7,1,202,68
2025-05-12,00,Deutschland,Kinder,NICU,150,932,560,141,447,86,16,10,38,3,1,20,13
2025-05-12,00,Deutschland,Kinder,PICU,120,353,226,106,187,61,12,15,32,0,0,24,7
2025-05-13,00,Deutschland,Erwachsene,ERWACHSENE,868,11402,2099,4895,2112,409,123,128,206,7,1,203,73
2025-05-13,00,Deutschland,Kinder,NICU,151,948,547,141,438,83,16,12,40,2,1,21,14
2025-05-13,00,Deutschland,Kinder,PICU,121,353,231,106,183,59,12,16,34,0,0,25,9
2025-05-14,00,Deutschland,Erwachsene,ERWACHSENE,869,11456,2080,4875,2115,409,120,136,202,9,1,201,81
2025-05-14,00,Deutschland,Kinder,NICU,151,946,545,145,446,83,15,12,41,2,1,21,12
2025-05-14,00,Deutschland,Kinder,PICU,121,371,205,109,166,59,12,15,35,0,0,24,9
2025-05-15,00,Deutschland,Erwachsene,ERWACHSENE,872,11492,2132,4921,2147,417,124,127,202,8,1,195,74
2025-05-15,00,Deutschland,Kinder,NICU,153,976,538,150,441,84,17,11,41,2,1,22,11
2025-05-15,00,Deutschland,Kinder,PICU,122,386,202,111,167,60,11,16,35,0,0,24,9
2025-05-16,00,Deutschland,Erwachsene,ERWACHSENE,865,11414,2095,4884,2117,404,129,126,204,8,1,196,78
2025-05-16,00,Deutschland,Kinder,NICU,152,974,518,149,424,87,16,9,40,2,1,20,9
2025-05-16,00,Deutschland,Kinder,PICU,121,374,202,114,164,59,11,16,35,0,0,25,8
2025-05-17,00,Deutschland,Erwachsene,ERWACHSENE,869,11367,2173,4990,2186,393,127,137,210,8,1,205,78
2025-05-17,00,Deutschland,Kinder,NICU,152,970,522,150,426,87,15,10,40,2,1,20,8
2025-05-17,00,Deutschland,Kinder,PICU,121,366,211,114,167,61,11,15,34,0,0,25,6
2025-05-18,00,Deutschland,Erwachsene,ERWACHSENE,868,11229,2296,5005,2242,399,127,132,208,7,1,207,75
2025-05-18,00,Deutschland,Kinder,NICU,151,949,539,158,429,86,15,11,39,3,1,21,9
2025-05-18,00,Deutschland,Kinder,PICU,121,362,211,114,170,59,13,15,34,0,0,26,8
2025-05-19,00,Deutschland,Erwachsene,ERWACHSENE,867,11157,2393,5035,2367,410,130,122,203,6,1,202,71
2025-05-19,00,Deutschland,Kinder,NICU,152,984,517,150,412,86,15,11,40,3,1,21,9
2025-05-19,00,Deutschland,Kinder,PICU,122,364,210,116,173,60,13,14,35,0,0,25,7
2025-05-20,00,Deutschland,Erwachsene,ERWACHSENE,868,11415,2217,5044,2225,419,125,119,203,5,0,197,68
2025-05-20,00,Deutschland,Kinder,NICU,155,978,556,152,437,88,15,11,41,3,1,21,10
2025-05-20,00,Deutschland,Kinder,PICU,124,366,218,114,175,61,12,16,35,0,0,24,9
2025-05-21,00,Deutschland,Erwachsene,ERWACHSENE,869,11631,2032,5032,2056,414,128,126,199,5,0,202,77
2025-05-21,00,Deutschland,Kinder,NICU,155,984,565,153,455,87,14,13,41,2,1,22,9
2025-05-21,00,Deutschland,Kinder,PICU,124,390,197,110,171,62,11,16,35,0,0,24,8
2025-05-22,00,Deutschland,Erwachsene,ERWACHSENE,871,11623,2074,5079,2076,416,129,128,196,5,0,202,73
2025-05-22,00,Deutschland,Kinder,NICU,153,972,564,151,453,88,15,10,40,2,1,20,10
2025-05-22,00,Deutschland,Kinder,PICU,122,347,213,105,175,64,10,13,35,0,0,21,6
2025-05-23,00,Deutschland,Erwachsene,ERWACHSENE,869,11560,2084,5092,2077,402,131,135,199,5,0,210,79
2025-05-23,00,Deutschland,Kinder,NICU,153,974,561,151,447,88,15,10,40,2,1,20,10
2025-05-23,00,Deutschland,Kinder,PICU,122,340,216,106,177,63,10,13,36,0,0,21,7
2025-05-24,00,Deutschland,Erwachsene,ERWACHSENE,864,11391,2158,5043,2123,406,118,133,205,4,0,201,75
2025-05-24,00,Deutschland,Kinder,NICU,153,971,560,157,434,87,14,11,41,3,1,20,10
2025-05-24,00,Deutschland,Kinder,PICU,122,324,230,105,182,62,11,11,38,0,0,21,6
2025-05-25,00,Deutschland,Erwachsene,ERWACHSENE,864,11212,2306,5069,2203,407,122,127,206,4,0,198,71
2025-05-25,00,Deutschland,Kinder,NICU,153,973,558,157,438,86,14,11,42,3,1,21,10
2025-05-25,00,Deutschland,Kinder,PICU,123,322,230,109,178,62,11,12,38,0,0,22,7
2025-05-26,00,Deutschland,Erwachsene,ERWACHSENE,863,11233,2316,5076,2233,399,122,131,209,4,0,201,69
2025-05-26,00,Deutschland,Kinder,NICU,153,979,551,165,438,85,16,9,43,3,1,22,9
2025-05-26,00,Deutschland,Kinder,PICU,126,365,227,113,182,64,11,13,38,0,0,23,8
2025-05-27,00,Deutschland,Erwachsene,ERWACHSENE,865,11327,2251,5064,2180,402,121,130,210,4,0,201,68
2025-05-27,00,Deutschland,Kinder,NICU,153,950,575,159,447,84,17,9,43,3,1,21,10
2025-05-27,00,Deutschland,Kinder,PICU,124,372,214,116,176,61,12,13,38,0,0,22,8
2025-05-28,00,Deutschland,Erwachsene,ERWACHSENE,863,11467,2118,5040,2121,404,121,124,212,5,0,199,61
2025-05-28,00,Deutschland,Kinder,NICU,154,965,574,159,457,83,18,9,44,3,1,21,11
2025-05-28,00,Deutschland,Kinder,PICU,125,377,212,117,162,58,14,15,38,0,0,24,12
2025-05-29,00,Deutschland,Erwachsene,ERWACHSENE,866,11377,2212,5070,2145,411,120,119,214,5,0,190,61
2025-05-29,00,Deutschland,Kinder,NICU,152,959,557,154,450,83,17,8,44,2,1,21,11
2025-05-29,00,Deutschland,Kinder,PICU,123,361,210,114,160,56,14,16,37,1,0,24,13
2025-05-30,00,Deutschland,Erwachsene,ERWACHSENE,861,11134,2273,5062,2275,410,126,119,204,5,0,201,63
2025-05-30,00,Deutschland,Kinder,NICU,153,949,560,160,446,84,17,7,45,3,1,19,9
2025-05-30,00,Deutschland,Kinder,PICU,123,355,217,113,174,56,15,16,36,1,0,25,12
2025-05-31,00,Deutschland,Erwachsene,ERWACHSENE,869,11184,2262,5137,2245,402,131,123,211,6,0,210,64
2025-05-31,00,Deutschland,Kinder,NICU,152,938,559,160,437,84,17,7,44,2,1,19,10
2025-05-31,00,Deutschland,Kinder,PICU,122,342,222,111,177,51,20,15,36,1,0,26,15
2025-06-01,00,Deutschland,Erwachsene,ERWACHSENE,865,11053,2322,5097,2265,396,133,125,209,7,0,213,66
2025-06-01,00,Deutschland,Kinder,NICU,152,939,570,169,443,89,13,8,42,1,1,18,7
2025-06-01,00,Deutschland,Kinder,PICU,122,332,233,114,188,53,20,14,35,1,0,26,14
2025-06-02,00,Deutschland,Erwachsene,ERWACHSENE,868,11175,2324,5101,2270,410,125,122,209,7,0,202,66
2025-06-02,00,Deutschland,Kinder,NICU,152,946,568,164,444,89,13,9,41,1,1,19,9
2025-06-02,00,Deutschland,Kinder,PICU,122,341,222,113,178,54,21,13,34,1,0,28,12
2025-06-03,00,Deutschland,Erwachsene,ERWACHSENE,870,11413,2196,5074,2149,412,126,119,211,10,0,202,66
2025-06-03,00,Deutschland,Kinder,NICU,153,942,571,155,451,89,16,6,42,1,1,19,9
2025-06-03,00,Deutschland,Kinder,PICU,123,344,232,115,181,58,19,13,33,1,0,26,11
2025-06-04,00,Deutschland,Erwachsene,ERWACHSENE,870,11589,2054,5069,2050,410,129,120,209,9,0,200,71
2025-06-04,00,Deutschland,Kinder,NICU,153,942,567,151,463,92,13,7,41,1,1,17,7
2025-06-04,00,Deutschland,Kinder,PICU,123,358,223,116,184,63,14,13,33,1,0,24,9
2025-06-05,00,Deutschland,Erwachsene,ERWACHSENE,868,11429,2139,5019,2051,420,124,114,208,8,1,193,67
2025-06-05,00,Deutschland,Kinder,NICU,153,938,564,151,455,91,14,6,42,1,1,16,8
2025-06-05,00,Deutschland,Kinder,PICU,123,360,209,110,163,61,15,13,34,1,0,24,10
2025-06-06,00,Deutschland,Erwachsene,ERWACHSENE,858,11290,2142,4967,2064,415,119,119,203,8,1,196,62
2025-06-06,00,Deutschland,Kinder,NICU,154,963,551,151,443,90,13,7,44,1,1,16,8
2025-06-06,00,Deutschland,Kinder,PICU,124,364,207,107,159,61,15,12,36,1,0,23,9
2025-06-07,00,Deutschland,Erwachsene,ERWACHSENE,859,11209,2197,4969,2099,412,114,124,207,8,1,199,59
2025-06-07,00,Deutschland,Kinder,NICU,154,966,546,150,444,87,15,8,44,1,1,19,8
2025-06-07,00,Deutschland,Kinder,PICU,124,357,214,108,155,60,16,13,35,1,0,25,9
2025-06-08,00,Deutschland,Erwachsene,ERWACHSENE,858,10939,2416,4965,2248,412,114,125,205,7,1,201,60
2025-06-08,00,Deutschland,Kinder,NICU,151,949,536,149,436,87,13,8,43,1,1,18,6
2025-06-08,00,Deutschland,Kinder,PICU,122,341,210,107,158,59,15,13,35,0,0,25,9
2025-06-09,00,Deutschland,Erwachsene,ERWACHSENE,850,10749,2475,4872,2306,416,109,120,203,8,1,193,53
2025-06-09,00,Deutschland,Kinder,NICU,150,956,523,149,416,90,11,7,42,1,1,15,5
2025-06-09,00,Deutschland,Kinder,PICU,120,313,225,106,162,59,16,11,34,0,0,24,9
2025-06-10,00,Deutschland,Erwachsene,ERWACHSENE,860,10879,2546,4983,2396,418,113,127,200,6,1,195,60
2025-06-10,00,Deutschland,Kinder,NICU,151,971,533,153,413,90,12,8,41,1,1,17,7
2025-06-10,00,Deutschland,Kinder,PICU,121,297,247,106,176,59,17,10,35,0,0,24,8
2025-06-11,00,Deutschland,Erwachsene,ERWACHSENE,861,11158,2340,4986,2232,409,121,123,206,7,1,195,62
2025-06-11,00,Deutschland,Kinder,NICU,152,971,542,155,427,88,14,8,42,1,1,18,9
2025-06-11,00,Deutschland,Kinder,PICU,123,314,238,107,168,60,16,11,36,0,0,24,9
2025-06-12,00,Deutschland,Erwachsene,ERWACHSENE,858,11227,2223,5012,2129,399,121,133,203,9,1,199,73
2025-06-12,00,Deutschland,Kinder,NICU,149,977,515,148,410,87,12,8,42,1,1,16,7
2025-06-12,00,Deutschland,Kinder,PICU,120,330,225,103,165,59,15,11,35,0,0,23,7
2025-06-13,00,Deutschland,Erwachsene,ERWACHSENE,855,11042,2219,4953,2145,396,124,127,207,8,1,201,69
2025-06-13,00,Deutschland,Kinder,NICU,149,963,528,152,412,86,12,9,42,1,1,18,7
2025-06-13,00,Deutschland,Kinder,PICU,121,327,225,103,169,56,16,12,37,0,0,24,8
2025-06-14,00,Deutschland,Erwachsene,ERWACHSENE,859,11080,2205,5022,2119,390,120,135,213,9,1,204,72
2025-06-14,00,Deutschland,Kinder,NICU,149,956,533,156,400,88,11,8,42,1,1,16,6
2025-06-14,00,Deutschland,Kinder,PICU,121,322,232,102,179,58,15,11,37,0,0,22,7
2025-06-15,00,Deutschland,Erwachsene,ERWACHSENE,857,10962,2281,5036,2150,386,125,135,210,10,1,208,72
2025-06-15,00,Deutschland,Kinder,NICU,150,960,541,156,405,86,12,9,43,1,1,18,7
2025-06-15,00,Deutschland,Kinder,PICU,122,313,239,102,178,58,16,10,38,0,0,23,8
2025-06-16,00,Deutschland,Erwachsene,ERWACHSENE,860,10956,2378,5040,2216,401,130,124,204,8,1,200,79
2025-06-16,00,Deutschland,Kinder,NICU,152,978,539,159,408,86,12,10,44,1,1,19,5
2025-06-16,00,Deutschland,Kinder,PICU,123,323,237,106,179,59,16,10,38,0,0,22,9
2025-06-17,00,Deutschland,Erwachsene,ERWACHSENE,863,11135,2245,5033,2091,414,123,121,204,7,1,198,66
2025-06-17,00,Deutschland,Kinder,NICU,152,988,530,162,411,87,14,8,43,1,1,20,6
2025-06-17,00,Deutschland,Kinder,PICU,123,336,219,107,164,58,15,12,38,0,0,22,10
2025-06-18,00,Deutschland,Erwachsene,ERWACHSENE,860,11249,2092,4998,2034,409,118,127,205,6,0,200,64
2025-06-18,00,Deutschland,Kinder,NICU,152,981,545,169,415,89,14,8,41,1,1,20,6
2025-06-18,00,Deutschland,Kinder,PICU,123,366,203,110,160,59,17,11,36,0,0,24,9
2025-06-19,00,Deutschland,Erwachsene,ERWACHSENE,861,11117,2233,5039,2140,410,119,127,204,7,0,203,61
2025-06-19,00,Deutschland,Kinder,NICU,152,1000,523,169,397,87,14,10,41,1,1,22,8
2025-06-19,00,Deutschland,Kinder,PICU,123,363,204,111,150,58,18,11,36,0,0,25,9
2025-06-20,00,Deutschland,Erwachsene,ERWACHSENE,857,10974,2259,4997,2161,404,114,129,209,7,0,193,64
2025-06-20,00,Deutschland,Kinder,NICU,151,985,519,160,395,88,13,11,39,2,1,21,9
2025-06-20,00,Deutschland,Kinder,PICU,121,327,216,109,158,62,15,9,35,0,0,22,6
2025-06-21,00,Deutschland,Erwachsene,ERWACHSENE,856,10819,2370,4993,2200,402,117,133,203,10,1,199,72
2025-06-21,00,Deutschland,Kinder,NICU,152,991,523,157,406,86,12,11,43,1,1,21,8
2025-06-21,00,Deutschland,Kinder,PICU,121,323,220,108,165,61,14,9,37,0,0,21,6
2025-06-22,00,Deutschland,Erwachsene,ERWACHSENE,851,10706,2377,4949,2212,392,120,133,205,8,1,201,73
2025-06-22,00,Deutschland,Kinder,NICU,152,980,529,156,413,86,14,10,42,1,1,22,9
2025-06-22,00,Deutschland,Kinder,PICU,121,315,223,108,169,61,14,9,37,0,0,21,6
2025-06-23,00,Deutschland,Erwachsene,ERWACHSENE,853,10887,2408,5049,2317,409,112,123,208,6,1,185,67
2025-06-23,00,Deutschland,Kinder,NICU,152,969,532,156,414,85,14,10,43,1,1,22,9
2025-06-23,00,Deutschland,Kinder,PICU,120,304,223,104,167,56,16,10,38,0,0,23,8
2025-06-24,00,Deutschland,Erwachsene,ERWACHSENE,853,11075,2293,5026,2212,408,111,126,207,6,1,192,68
2025-06-24,00,Deutschland,Kinder,NICU,154,958,569,157,427,89,14,11,40,1,1,23,10
2025-06-24,00,Deutschland,Kinder,PICU,122,315,222,107,167,59,16,11,36,0,0,25,9
2025-06-25,00,Deutschland,Erwachsene,ERWACHSENE,854,11161,2236,5027,2160,404,122,119,208,7,1,194,69
2025-06-25,00,Deutschland,Kinder,NICU,152,961,551,153,417,85,16,9,42,1,1,22,9
2025-06-25,00,Deutschland,Kinder,PICU,120,314,217,104,171,58,15,10,37,0,0,22,8
2025-06-26,00,Deutschland,Erwachsene,ERWACHSENE,849,11185,2179,5012,2143,401,121,119,207,8,1,196,67
2025-06-26,00,Deutschland,Kinder,NICU,153,966,557,152,429,85,17,10,41,1,1,23,9
2025-06-26,00,Deutschland,Kinder,PICU,120,325,205,102,162,57,16,9,38,0,0,22,8
2025-06-27,00,Deutschland,Erwachsene,ERWACHSENE,851,11222,2159,5027,2139,401,119,121,209,8,0,199,65
2025-06-27,00,Deutschland,Kinder,NICU,153,1004,527,146,424,84,19,9,41,1,1,25,8
2025-06-27,00,Deutschland,Kinder,PICU,121,335,204,108,168,59,13,11,38,0,0,22,7
2025-06-28,00,Deutschland,Erwachsene,ERWACHSENE,854,11179,2186,5024,2137,404,111,119,219,6,0,195,56
2025-06-28,00,Deutschland,Kinder,NICU,153,1005,533,147,417,85,17,10,41,1,1,24,7
2025-06-28,00,Deutschland,Kinder,PICU,121,320,208,108,168,58,14,11,38,0,0,23,7
2025-06-29,00,Deutschland,Erwachsene,ERWACHSENE,847,10905,2288,4974,2168,396,113,118,219,7,0,196,57
2025-06-29,00,Deutschland,Kinder,NICU,153,1007,530,147,413,86,17,9,41,1,1,23,6
2025-06-29,00,Deutschland,Kinder,PICU,121,308,211,109,178,57,14,11,39,0,0,23,8
2025-06-30,00,Deutschland,Erwachsene,ERWACHSENE,850,10952,2343,4990,2218,409,105,119,216,6,0,188,56
2025-06-30,00,Deutschland,Kinder,NICU,152,980,548,146,415,87,19,8,38,1,1,23,8
2025-06-30,00,Deutschland,Kinder,PICU,119,297,226,111,182,57,16,10,36,1,0,25,7
2025-07-01,00,Deutschland,Erwachsene,ERWACHSENE,855,11231,2229,4966,2118,409,108,124,213,7,0,190,66
2025-07-01,00,Deutschland,Kinder,NICU,155,980,563,150,431,86,18,11,40,1,1,25,10
2025-07-01,00,Deutschland,Kinder,PICU,122,320,208,112,175,56,14,13,39,0,0,25,10
2025-07-02,00,Deutschland,Erwachsene,ERWACHSENE,854,11193,2282,4992,2194,415,105,121,212,7,0,186,63
2025-07-02,00,Deutschland,Kinder,NICU,155,978,563,153,433,86,17,11,41,1,1,24,10
2025-07-02,00,Deutschland,Kinder,PICU,122,322,205,112,170,55,13,14,40,0,0,25,10
2025-07-03,00,Deutschland,Erwachsene,ERWACHSENE,854,11200,2247,4991,2166,419,105,121,208,6,0,183,62
2025-07-03,00,Deutschland,Kinder,NICU,154,979,541,154,422,85,18,10,41,1,1,24,11
2025-07-03,00,Deutschland,Kinder,PICU,121,327,198,115,159,53,14,13,41,0,0,26,10
2025-07-04,00,Deutschland,Erwachsene,ERWACHSENE,850,11082,2304,4995,2201,408,109,125,207,5,0,194,67
2025-07-04,00,Deutschland,Kinder,NICU,153,963,555,154,421,85,18,10,40,1,1,24,9
2025-07-04,00,Deutschland,Kinder,PICU,120,309,210,113,167,54,13,13,40,0,0,25,9
2025-07-05,00,Deutschland,Erwachsene,ERWACHSENE,851,11081,2256,5005,2166,412,107,123,208,6,0,194,59
2025-07-05,00,Deutschland,Kinder,NICU,153,978,549,149,435,84,19,10,40,1,1,25,9
2025-07-05,00,Deutschland,Kinder,PICU,120,300,221,116,174,55,15,11,39,0,0,25,8
2025-07-06,00,Deutschland,Erwachsene,ERWACHSENE,855,10933,2376,5006,2252,410,103,133,208,5,0,198,65
2025-07-06,00,Deutschland,Kinder,NICU,153,979,553,156,439,85,15,14,39,2,1,26,8
2025-07-06,00,Deutschland,Kinder,PICU,122,309,227,112,181,55,13,13,41,0,0,26,8
2025-07-07,00,Deutschland,Erwachsene,ERWACHSENE,854,10998,2408,5011,2235,420,104,124,205,5,0,187,66
2025-07-07,00,Deutschland,Kinder,NICU,153,982,554,155,446,86,16,12,39,2,1,24,8
2025-07-07,00,Deutschland,Kinder,PICU,122,331,222,110,179,51,14,17,40,0,0,30,10
2025-07-08,00,Deutschland,Erwachsene,ERWACHSENE,854,11106,2335,4994,2195,419,105,124,205,5,0,186,66
2025-07-08,00,Deutschland,Kinder,NICU,150,997,504,144,429,84,16,12,38,2,1,24,8
2025-07-08,00,Deutschland,Kinder,PICU,120,338,215,108,172,54,14,14,38,0,0,27,8
2025-07-09,00,Deutschland,Erwachsene,ERWACHSENE,850,11212,2206,4931,2114,418,107,119,205,6,0,180,66
2025-07-09,00,Deutschland,Kinder,NICU,148,978,510,142,425,82,15,13,38,2,1,24,8
2025-07-09,00,Deutschland,Kinder,PICU,119,345,202,107,164,53,15,14,37,0,0,26,11
2025-07-10,00,Deutschland,Erwachsene,ERWACHSENE,849,11177,2235,4930,2183,410,112,121,205,6,0,191,68
2025-07-10,00,Deutschland,Kinder,NICU,148,996,491,142,400,80,17,13,38,2,1,25,10
2025-07-10,00,Deutschland,Kinder,PICU,119,330,210,105,158,55,14,14,36,0,0,26,11
2025-07-11,00,Deutschland,Erwachsene,ERWACHSENE,847,11043,2269,4914,2190,414,109,119,204,7,0,185,64
2025-07-11,00,Deutschland,Kinder,NICU,148,991,495,144,395,81,18,12,37,2,1,24,10
2025-07-11,00,Deutschland,Kinder,PICU,119,317,226,109,164,57,14,13,35,0,0,26,9
2025-07-12,00,Deutschland,Erwachsene,ERWACHSENE,853,10892,2363,4938,2255,426,106,120,200,5,0,185,62
2025-07-12,00,Deutschland,Kinder,NICU,151,973,526,151,421,82,19,12,38,3,1,25,9
2025-07-12,00,Deutschland,Kinder,PICU,122,335,223,121,172,60,14,13,35,0,0,26,8
2025-07-13,00,Deutschland,Erwachsene,ERWACHSENE,850,10697,2512,4919,2368,416,111,120,202,6,0,188,63
2025-07-13,00,Deutschland,Kinder,NICU,151,950,539,148,437,80,19,12,40,3,1,25,9
2025-07-13,00,Deutschland,Kinder,PICU,121,317,231,119,175,61,12,13,35,0,0,24,9
2025-07-14,00,Deutschland,Erwachsene,ERWACHSENE,850,10819,2537,4931,2411,422,103,116,208,6,0,177,63
2025-07-14,00,Deutschland,Kinder,NICU,153,975,541,154,445,82,18,12,41,3,1,24,9
2025-07-14,00,Deutschland,Kinder,PICU,123,321,234,120,185,58,16,11,38,0,0,25,10
2025-07-15,00,Deutschland,Erwachsene,ERWACHSENE,851,11074,2371,4895,2337,425,93,117,214,5,0,174,56
2025-07-15,00,Deutschland,Kinder,NICU,152,974,536,153,427,81,19,12,40,3,1,25,9
2025-07-15,00,Deutschland,Kinder,PICU,122,329,222,111,184,60,15,11,36,0,0,24,11
2025-07-16,00,Deutschland,Erwachsene,ERWACHSENE,853,11178,2290,4883,2233,417,102,120,212,5,0,177,65
2025-07-16,00,Deutschland,Kinder,NICU,153,994,541,153,444,81,19,13,40,4,1,26,10
2025-07-16,00,Deutschland,Kinder,PICU,123,346,214,108,176,56,16,14,37,2,0,27,15
2025-07-17,00,Deutschland,Erwachsene,ERWACHSENE,849,11109,2267,4830,2231,414,107,115,211,6,0,178,66
2025-07-17,00,Deutschland,Kinder,NICU,153,961,557,153,456,83,18,12,40,4,1,24,11
2025-07-17,00,Deutschland,Kinder,PICU,122,328,226,109,186,58,18,10,36,1,0,26,12
2025-07-18,00,Deutschland,Erwachsene,ERWACHSENE,848,10986,2308,4778,2287,415,111,110,210,7,0,180,61
2025-07-18,00,Deutschland,Kinder,NICU,151,962,532,149,430,84,17,11,39,4,1,23,10
2025-07-18,00,Deutschland,Kinder,PICU,120,315,229,108,180,58,16,10,36,1,0,24,11
2025-07-19,00,Deutschland,Erwachsene,ERWACHSENE,847,10866,2319,4767,2244,400,117,113,215,7,0,188,63
2025-07-19,00,Deutschland,Kinder,NICU,153,975,550,151,426,83,18,12,40,4,1,24,11
2025-07-19,00,Deutschland,Kinder,PICU,122,311,235,115,181,60,14,11,37,1,0,24,10
2025-07-20,00,Deutschland,Erwachsene,ERWACHSENE,843,10713,2374,4805,2278,393,120,114,214,6,0,192,68
2025-07-20,00,Deutschland,Kinder,NICU,152,974,542,146,424,84,17,12,39,4,1,23,11
2025-07-20,00,Deutschland,Kinder,PICU,122,304,243,114,189,60,13,12,37,1,0,23,10
2025-07-21,00,Deutschland,Erwachsene,ERWACHSENE,844,10747,2436,4868,2349,405,109,114,214,4,0,186,64
2025-07-21,00,Deutschland,Kinder,NICU,152,962,548,148,431,86,16,11,39,3,1,22,11
2025-07-21,00,Deutschland,Kinder,PICU,123,317,248,116,194,61,12,12,38,1,0,22,9
2025-07-22,00,Deutschland,Erwachsene,ERWACHSENE,839,10867,2309,4845,2211,397,107,119,214,5,0,187,66
2025-07-22,00,Deutschland,Kinder,NICU,153,960,564,151,436,86,16,11,40,3,1,22,11
2025-07-22,00,Deutschland,Kinder,PICU,124,320,246,117,190,61,11,13,39,1,0,22,9
2025-07-23,00,Deutschland,Erwachsene,ERWACHSENE,840,10977,2222,4860,2180,400,112,117,209,6,0,188,70
2025-07-23,00,Deutschland,Kinder,NICU,151,965,546,149,433,83,19,9,40,4,1,22,11
2025-07-23,00,Deutschland,Kinder,PICU,123,329,239,117,189,61,12,11,39,1,0,20,8
2025-07-24,00,Deutschland,Erwachsene,ERWACHSENE,842,10966,2253,4840,2168,389,109,128,214,6,0,194,70
2025-07-24,00,Deutschland,Kinder,NICU,149,937,550,148,425,82,19,8,40,3,1,23,10
2025-07-24,00,Deutschland,Kinder,PICU,122,337,227,115,178,57,12,13,40,1,0,21,10
2025-07-25,00,Deutschland,Erwachsene,ERWACHSENE,840,10926,2251,4832,2170,394,114,119,211,4,0,190,69
2025-07-25,00,Deutschland,Kinder,NICU,148,953,534,150,412,80,21,8,39,3,1,24,11
2025-07-25,00,Deutschland,Kinder,PICU,119,332,214,113,164,57,10,13,39,1,0,21,9
2025-07-26,00,Deutschland,Erwachsene,ERWACHSENE,840,10813,2303,4863,2172,402,112,120,204,5,0,192,68
2025-07-26,00,Deutschland,Kinder,NICU,149,962,542,148,414,79,23,8,39,4,1,27,9
2025-07-26,00,Deutschland,Kinder,PICU,119,320,230,120,182,57,12,11,39,1,0,20,9
2025-07-27,00,Deutschland,Erwachsene,ERWACHSENE,831,10516,2486,4780,2278,400,111,112,206,6,0,186,63
2025-07-27,00,Deutschland,Kinder,NICU,151,963,554,150,423,85,19,7,40,4,1,22,8
2025-07-27,00,Deutschland,Kinder,PICU,120,321,229,121,185,60,11,11,38,1,0,19,10
2025-07-28,00,Deutschland,Erwachsene,ERWACHSENE,834,10537,2542,4814,2373,413,109,105,205,5,0,181,63
2025-07-28,00,Deutschland,Kinder,NICU,151,956,560,149,425,86,18,7,40,2,1,22,7
2025-07-28,00,Deutschland,Kinder,PICU,120,316,234,117,184,59,12,12,37,1,0,22,10
2025-07-29,00,Deutschland,Erwachsene,ERWACHSENE,838,10769,2399,4825,2260,415,109,104,208,3,0,177,59
2025-07-29,00,Deutschland,Kinder,NICU,151,971,544,150,406,90,13,9,39,1,1,19,7
2025-07-29,00,Deutschland,Kinder,PICU,120,320,225,117,177,60,10,13,37,1,0,21,10
2025-07-30,00,Deutschland,Erwachsene,ERWACHSENE,839,10841,2395,4796,2311,415,109,100,213,4,0,174,55
2025-07-30,00,Deutschland,Kinder,NICU,151,961,544,147,414,88,15,9,39,2,1,20,8
2025-07-30,00,Deutschland,Kinder,PICU,119,326,215,111,176,58,10,14,37,1,0,22,12
2025-07-31,00,Deutschland,Erwachsene,ERWACHSENE,837,10731,2422,4776,2261,406,112,105,212,4,0,183,58
2025-07-31,00,Deutschland,Kinder,NICU,151,968,533,149,408,88,14,10,39,2,1,20,7
2025-07-31,00,Deutschland,Kinder,PICU,119,311,224,111,183,54,12,16,37,2,0,24,14
2025-08-01,00,Deutschland,Erwachsene,ERWACHSENE,831,10668,2357,4747,2202,395,116,109,208,5,0,189,60
2025-08-01,00,Deutschland,Kinder,NICU,151,955,536,149,393,86,17,8,40,1,1,20,7
2025-08-01,00,Deutschland,Kinder,PICU,119,320,214,107,170,53,16,13,37,1,0,23,14
2025-08-02,00,Deutschland,Erwachsene,ERWACHSENE,832,10646,2319,4742,2196,392,114,111,212,5,0,191,56
2025-08-02,00,Deutschland,Kinder,NICU,152,967,540,148,413,88,16,9,39,1,1,22,6
2025-08-02,00,Deutschland,Kinder,PICU,120,325,218,110,175,54,15,13,38,1,0,24,12
2025-08-03,00,Deutschland,Erwachsene,ERWACHSENE,830,10406,2488,4721,2277,392,112,108,215,5,0,186,54
2025-08-03,00,Deutschland,Kinder,NICU,151,963,540,147,408,90,13,10,38,1,1,20,6
2025-08-03,00,Deutschland,Kinder,PICU,119,313,228,110,185,57,11,13,38,1,0,22,9
2025-08-04,00,Deutschland,Erwachsene,ERWACHSENE,831,10549,2481,4729,2254,394,108,109,217,5,0,180,56
2025-08-04,00,Deutschland,Kinder,NICU,149,946,536,144,390,87,14,10,38,1,1,21,6
2025-08-04,00,Deutschland,Kinder,PICU,117,291,241,111,184,57,9,13,38,1,0,20,8
2025-08-05,00,Deutschland,Erwachsene,ERWACHSENE,834,10778,2349,4781,2263,398,114,104,215,6,0,179,59
2025-08-05,00,Deutschland,Kinder,NICU,149,939,547,144,402,89,13,9,38,1,1,19,6
2025-08-05,00,Deutschland,Kinder,PICU,118,309,225,105,172,61,9,14,34,1,0,21,7
2025-08-06,00,Deutschland,Erwachsene,ERWACHSENE,836,10839,2349,4799,2262,398,120,100,216,4,0,178,58
2025-08-06,00,Deutschland,Kinder,NICU,149,935,552,155,409,90,12,10,37,1,1,19,6
2025-08-06,00,Deutschland,Kinder,PICU,118,305,225,107,171,62,8,14,34,1,0,20,8
2025-08-07,00,Deutschland,Erwachsene,ERWACHSENE,834,10857,2295,4785,2232,402,116,103,210,4,0,178,57
2025-08-07,00,Deutschland,Kinder,NICU,150,958,544,148,405,91,12,10,37,1,1,19,6
2025-08-07,00,Deutschland,Kinder,PICU,119,308,228,107,166,62,8,14,35,1,0,20,8
2025-08-08,00,Deutschland,Erwachsene,ERWACHSENE,830,10771,2288,4838,2176,404,110,104,210,3,0,178,53
2025-08-08,00,Deutschland,Kinder,NICU,150,958,541,140,408,91,12,10,37,1,1,19,6
2025-08-08,00,Deutschland,Kinder,PICU,119,308,223,106,161,61,8,14,36,1,0,20,8
2025-08-09,00,Deutschland,Erwachsene,ERWACHSENE,834,10721,2330,4830,2192,404,115,102,211,4,0,183,52
2025-08-09,00,Deutschland,Kinder,NICU,150,951,548,141,417,91,12,11,36,2,1,20,6
2025-08-09,00,Deutschland,Kinder,PICU,120,319,214,105,159,60,10,14,36,1,0,22,8
2025-08-10,00,Deutschland,Erwachsene,ERWACHSENE,832,10574,2430,4830,2245,398,120,101,211,6,0,187,53
2025-08-10,00,Deutschland,Kinder,NICU,152,971,554,143,431,91,13,11,37,2,1,20,7
2025-08-10,00,Deutschland,Kinder,PICU,120,307,227,106,170,62,10,13,35,1,0,21,8
2025-08-11,00,Deutschland,Erwachsene,ERWACHSENE,836,10625,2463,4833,2311,405,126,92,211,7,0,179,56
2025-08-11,00,Deutschland,Kinder,NICU,151,952,563,142,435,90,15,8,38,1,1,20,6
2025-08-11,00,Deutschland,Kinder,PICU,121,302,245,110,179,63,10,13,35,1,0,21,8
2025-08-12,00,Deutschland,Erwachsene,ERWACHSENE,838,10822,2345,4805,2259,406,125,93,212,8,0,179,55
2025-08-12,00,Deutschland,Kinder,NICU,149,906,568,144,443,89,15,7,38,1,1,19,6
2025-08-12,00,Deutschland,Kinder,PICU,119,318,225,111,176,62,12,10,35,1,0,20,7
2025-08-13,00,Deutschland,Erwachsene,ERWACHSENE,835,10923,2211,4755,2187,407,115,98,213,7,0,180,55
2025-08-13,00,Deutschland,Kinder,NICU,149,955,520,139,417,90,15,6,38,1,1,18,6
2025-08-13,00,Deutschland,Kinder,PICU,119,328,216,110,171,63,11,10,35,0,0,20,6
2025-08-14,00,Deutschland,Erwachsene,ERWACHSENE,840,11059,2127,4773,2086,409,112,105,212,7,0,182,60
2025-08-14,00,Deutschland,Kinder,NICU,149,969,505,140,412,87,18,6,38,1,1,20,7
2025-08-14,00,Deutschland,Kinder,PICU,120,343,207,111,172,59,13,12,36,0,0,23,8
2025-08-15,00,Deutschland,Erwachsene,ERWACHSENE,838,10911,2159,4665,2056,394,124,110,208,7,0,194,62
2025-08-15,00,Deutschland,Kinder,NICU,149,948,525,141,419,90,16,5,38,1,1,18,6
2025-08-15,00,Deutschland,Kinder,PICU,120,343,211,111,168,61,10,12,37,0,0,22,6
2025-08-16,00,Deutschland,Erwachsene,ERWACHSENE,839,10851,2198,4670,2101,391,121,113,212,7,0,191,68
2025-08-16,00,Deutschland,Kinder,NICU,150,958,534,154,430,88,16,6,40,1,1,19,6
2025-08-16,00,Deutschland,Kinder,PICU,120,331,219,117,180,62,10,10,38,0,0,20,5
2025-08-17,00,Deutschland,Erwachsene,ERWACHSENE,835,10599,2337,4662,2201,396,115,110,212,7,0,191,58
2025-08-17,00,Deutschland,Kinder,NICU,149,972,514,150,414,86,18,7,38,1,1,21,8
2025-08-17,00,Deutschland,Kinder,PICU,120,330,217,114,180,59,12,11,38,0,0,22,7
2025-08-18,00,Deutschland,Erwachsene,ERWACHSENE,835,10566,2451,4672,2329,403,110,114,206,8,0,188,58
2025-08-18,00,Deutschland,Kinder,NICU,148,960,521,150,417,86,17,6,39,1,1,20,8
2025-08-18,00,Deutschland,Kinder,PICU,120,315,231,115,189,59,11,12,38,0,0,21,7
2025-08-19,00,Deutschland,Erwachsene,ERWACHSENE,836,10685,2375,4682,2252,401,115,111,207,8,0,185,62
2025-08-19,00,Deutschland,Kinder,NICU,148,943,525,153,415,85,18,6,39,1,1,20,8
2025-08-19,00,Deutschland,Kinder,PICU,120,310,227,116,182,60,11,11,38,0,0,20,6
2025-08-20,00,Deutschland,Erwachsene,ERWACHSENE,835,10877,2180,4666,2110,396,113,118,206,7,0,187,69
2025-08-20,00,Deutschland,Kinder,NICU,148,954,525,154,410,84,18,8,38,1,1,22,9
2025-08-20,00,Deutschland,Kinder,PICU,120,319,223,119,180,59,11,11,39,0,0,22,5
2025-08-21,00,Deutschland,Erwachsene,ERWACHSENE,838,10836,2231,4686,2167,395,105,120,215,5,0,185,63
2025-08-21,00,Deutschland,Kinder,NICU,149,952,531,154,413,84,15,11,39,1,1,23,9
2025-08-21,00,Deutschland,Kinder,PICU,121,339,204,119,168,60,11,11,39,1,0,22,5
2025-08-22,00,Deutschland,Erwachsene,ERWACHSENE,833,10805,2195,4644,2101,388,115,113,214,7,0,190,68
2025-08-22,00,Deutschland,Kinder,NICU,149,954,523,149,417,82,17,11,39,1,1,25,10
2025-08-22,00,Deutschland,Kinder,PICU,121,325,216,119,169,61,11,10,39,1,0,19,6
2025-08-23,00,Deutschland,Erwachsene,ERWACHSENE,839,10694,2278,4684,2175,388,113,117,218,7,0,194,59
2025-08-23,00,Deutschland,Kinder,NICU,152,973,530,149,409,83,18,10,41,1,1,25,10
2025-08-23,00,Deutschland,Kinder,PICU,122,323,216,121,174,61,10,12,39,1,0,20,6
2025-08-24,00,Deutschland,Erwachsene,ERWACHSENE,833,10464,2421,4650,2256,382,114,111,223,6,0,191,58
2025-08-24,00,Deutschland,Kinder,NICU,151,973,526,149,405,83,19,8,41,1,1,24,9
2025-08-24,00,Deutschland,Kinder,PICU,121,312,221,121,175,60,13,8,40,1,0,19,5
2025-08-25,00,Deutschland,Erwachsene,ERWACHSENE,834,10466,2500,4667,2347,388,115,110,218,5,0,186,62
2025-08-25,00,Deutschland,Kinder,NICU,152,974,524,150,405,83,18,8,43,1,1,23,7
2025-08-25,00,Deutschland,Kinder,PICU,121,309,216,119,175,57,12,11,41,1,0,21,5
2025-08-26,00,Deutschland,Erwachsene,ERWACHSENE,834,10636,2390,4666,2278,399,112,105,215,5,0,178,63
2025-08-26,00,Deutschland,Kinder,NICU,152,989,526,150,413,86,15,8,43,1,1,20,7
2025-08-26,00,Deutschland,Kinder,PICU,120,314,201,118,170,55,12,11,42,1,0,20,7
2025-08-27,00,Deutschland,Erwachsene,ERWACHSENE,836,10784,2298,4657,2244,402,110,109,212,5,0,180,65
2025-08-27,00,Deutschland,Kinder,NICU,151,984,518,145,409,86,15,8,42,1,1,20,8
2025-08-27,00,Deutschland,Kinder,PICU,120,319,197,121,169,57,12,11,40,1,0,21,7
2025-08-28,00,Deutschland,Erwachsene,ERWACHSENE,831,10707,2302,4640,2168,405,106,105,212,5,0,179,59
2025-08-28,00,Deutschland,Kinder,NICU,152,1000,521,150,407,85,17,8,42,2,1,22,8
2025-08-28,00,Deutschland,Kinder,PICU,119,319,203,120,160,56,13,11,39,1,0,22,6
2025-08-29,00,Deutschland,Erwachsene,ERWACHSENE,827,10713,2230,4633,2127,398,106,109,211,4,0,183,57
2025-08-29,00,Deutschland,Kinder,NICU,152,992,526,149,400,85,17,8,42,2,1,22,8
2025-08-29,00,Deutschland,Kinder,PICU,119,312,208,120,170,59,11,10,39,0,0,20,5
2025-08-30,00,Deutschland,Erwachsene,ERWACHSENE,834,10640,2301,4671,2181,382,115,114,220,5,0,195,62
2025-08-30,00,Deutschland,Kinder,NICU,151,991,505,149,384,87,16,8,40,1,1,21,6
2025-08-30,00,Deutschland,Kinder,PICU,118,315,208,116,161,58,10,10,40,0,0,19,6
2025-08-31,00,Deutschland,Erwachsene,ERWACHSENE,831,10464,2404,4670,2235,387,112,110,219,5,0,185,63
2025-08-31,00,Deutschland,Kinder,NICU,151,993,505,149,392,87,16,7,41,1,1,20,6
2025-08-31,00,Deutschland,Kinder,PICU,119,321,218,121,163,59,10,9,41,0,0,18,3
2025-09-01,00,Deutschland,Erwachsene,ERWACHSENE,830,10526,2438,4687,2251,389,107,113,218,6,0,178,66
2025-09-01,00,Deutschland,Kinder,NICU,152,1016,499,150,402,91,14,6,41,1,1,17,6
2025-09-01,00,Deutschland,Kinder,PICU,120,331,207,124,165,55,11,11,43,0,0,20,5
2025-09-02,00,Deutschland,Erwachsene,ERWACHSENE,835,10718,2400,4670,2246,392,105,115,220,5,0,180,67
2025-09-02,00,Deutschland,Kinder,NICU,153,1020,509,151,394,90,15,6,42,1,1,17,8
2025-09-02,00,Deutschland,Kinder,PICU,120,327,209,118,167,55,11,11,43,0,0,19,7
2025-09-03,00,Deutschland,Erwachsene,ERWACHSENE,831,10653,2400,4662,2234,395,108,107,218,5,0,176,64
2025-09-03,00,Deutschland,Kinder,NICU,152,1027,498,145,376,88,13,9,42,2,1,18,9
2025-09-03,00,Deutschland,Kinder,PICU,120,324,205,114,173,56,11,11,42,1,0,20,6
2025-09-04,00,Deutschland,Erwachsene,ERWACHSENE,835,10718,2396,4682,2240,398,112,109,213,5,0,180,66
2025-09-04,00,Deutschland,Kinder,NICU,150,1009,494,142,375,90,12,9,39,2,1,18,9
2025-09-04,00,Deutschland,Kinder,PICU,119,336,202,116,175,54,11,13,41,1,0,22,8
2025-09-05,00,Deutschland,Erwachsene,ERWACHSENE,832,10591,2354,4665,2234,396,113,108,212,6,0,177,65
2025-09-05,00,Deutschland,Kinder,NICU,149,1005,498,144,386,90,12,9,38,2,1,19,9
2025-09-05,00,Deutschland,Kinder,PICU,119,322,205,112,168,52,14,12,41,1,0,24,8
2025-09-06,00,Deutschland,Erwachsene,ERWACHSENE,836,10448,2445,4663,2268,398,110,109,216,4,0,181,58
2025-09-06,00,Deutschland,Kinder,NICU,151,1007,513,145,388,87,15,12,37,2,1,24,12
2025-09-06,00,Deutschland,Kinder,PICU,121,315,211,108,168,48,16,15,42,1,0,29,11
2025-09-07,00,Deutschland,Erwachsene,ERWACHSENE,835,10329,2493,4647,2297,385,119,107,221,4,0,187,61
2025-09-07,00,Deutschland,Kinder,NICU,151,993,529,144,386,87,15,11,38,1,1,22,11
2025-09-07,00,Deutschland,Kinder,PICU,121,309,213,114,171,47,19,13,42,0,0,29,11
2025-09-08,00,Deutschland,Erwachsene,ERWACHSENE,836,10359,2546,4662,2401,401,110,100,222,3,0,172,59
2025-09-08,00,Deutschland,Kinder,NICU,149,978,510,139,379,85,16,11,37,1,1,23,11
2025-09-08,00,Deutschland,Kinder,PICU,120,317,216,107,177,51,17,12,40,0,0,26,9
2025-09-09,00,Deutschland,Erwachsene,ERWACHSENE,836,10608,2320,4663,2226,400,108,103,222,5,0,174,62
2025-09-09,00,Deutschland,Kinder,NICU,148,966,514,142,394,83,17,12,36,2,1,25,11
2025-09-09,00,Deutschland,Kinder,PICU,120,323,214,107,176,52,18,11,39,0,0,26,9
2025-09-10,00,Deutschland,Erwachsene,ERWACHSENE,839,10713,2236,4661,2154,405,111,103,217,4,0,176,65
2025-09-10,00,Deutschland,Kinder,NICU,148,946,532,141,397,82,18,11,37,2,1,26,10
2025-09-10,00,Deutschland,Kinder,PICU,120,332,210,106,169,52,15,13,40,0,0,25,10
2025-09-11,00,Deutschland,Erwachsene,ERWACHSENE,835,10661,2222,4612,2208,408,107,102,215,3,0,171,62
2025-09-11,00,Deutschland,Kinder,NICU,148,951,526,144,389,82,18,11,37,2,1,26,10
2025-09-11,00,Deutschland,Kinder,PICU,120,335,206,107,166,52,13,14,41,0,0,24,10
2025-09-12,00,Deutschland,Erwachsene,ERWACHSENE,832,10605,2237,4620,2176,401,108,103,217,4,0,175,59
2025-09-12,00,Deutschland,Kinder,NICU,147,939,529,142,392,85,15,11,36,1,1,24,9
2025-09-12,00,Deutschland,Kinder,PICU,119,322,212,108,167,53,12,14,40,0,0,26,7
2025-09-13,00,Deutschland,Erwachsene,ERWACHSENE,829,10483,2267,4600,2187,399,104,103,220,5,0,174,54
2025-09-13,00,Deutschland,Kinder,NICU,145,908,520,139,398,83,17,9,36,1,1,24,9
2025-09-13,00,Deutschland,Kinder,PICU,119,328,208,110,171,51,13,13,42,0,0,26,7
2025-09-14,00,Deutschland,Erwachsene,ERWACHSENE,826,10315,2385,4620,2274,395,103,107,218,6,0,175,57
2025-09-14,00,Deutschland,Kinder,NICU,144,897,526,138,404,83,17,8,36,1,1,23,9
2025-09-14,00,Deutschland,Kinder,PICU,118,321,208,110,174,52,13,11,42,0,0,24,6
2025-09-15,00,Deutschland,Erwachsene,ERWACHSENE,834,10509,2399,4655,2315,401,108,105,217,4,0,176,61
2025-09-15,00,Deutschland,Kinder,NICU,145,906,519,139,401,81,19,8,37,1,1,24,9
2025-09-15,00,Deutschland,Kinder,PICU,119,321,215,114,178,49,15,12,43,0,0,27,8
2025-09-16,00,Deutschland,Erwachsene,ERWACHSENE,836,10734,2218,4657,2191,407,104,107,215,3,0,177,55
2025-09-16,00,Deutschland,Kinder,NICU,148,915,541,151,415,85,17,7,39,1,1,22,9
2025-09-16,00,Deutschland,Kinder,PICU,120,317,221,115,189,51,11,13,45,0,0,24,7
2025-09-17,00,Deutschland,Erwachsene,ERWACHSENE,836,10919,2189,4682,2189,400,105,113,215,4,0,182,61
2025-09-17,00,Deutschland,Kinder,NICU,148,927,532,149,406,84,17,9,38,1,1,24,9
2025-09-17,00,Deutschland,Kinder,PICU,120,323,215,115,181,51,10,14,45,0,0,24,7
2025-09-18,00,Deutschland,Erwachsene,ERWACHSENE,836,10861,2237,4664,2205,405,103,111,214,5,0,175,57
2025-09-18,00,Deutschland,Kinder,NICU,148,915,539,148,412,85,16,11,36,1,1,25,9
2025-09-18,00,Deutschland,Kinder,PICU,120,333,212,116,181,52,8,16,44,0,0,24,6
2025-09-19,00,Deutschland,Erwachsene,ERWACHSENE,830,10811,2225,4653,2203,395,108,111,213,6,0,175,61
2025-09-19,00,Deutschland,Kinder,NICU,149,907,555,149,419,85,16,11,37,1,1,25,9
2025-09-19,00,Deutschland,Kinder,PICU,119,301,215,114,173,50,9,15,45,0,0,24,7
2025-09-20,00,Deutschland,Erwachsene,ERWACHSENE,834,10654,2313,4685,2264,396,119,99,217,7,0,179,55
2025-09-20,00,Deutschland,Kinder,NICU,150,896,572,150,428,86,15,11,38,2,1,24,9
2025-09-20,00,Deutschland,Kinder,PICU,120,297,221,115,171,50,11,14,45,0,0,23,7
2025-09-21,00,Deutschland,Erwachsene,ERWACHSENE,828,10498,2345,4653,2276,391,113,105,216,6,0,182,55
2025-09-21,00,Deutschland,Kinder,NICU,151,924,571,151,429,85,15,12,39,3,1,25,11
2025-09-21,00,Deutschland,Kinder,PICU,120,291,231,115,186,50,11,13,46,1,0,23,7
2025-09-22,00,Deutschland,Erwachsene,ERWACHSENE,831,10537,2389,4688,2338,404,110,104,210,6,0,175,61
2025-09-22,00,Deutschland,Kinder,NICU,149,916,556,153,429,84,16,10,39,3,1,24,10
2025-09-22,00,Deutschland,Kinder,PICU,119,288,236,111,183,51,11,12,45,1,0,22,6
2025-09-23,00,Deutschland,Erwachsene,ERWACHSENE,834,10705,2329,4713,2270,408,109,100,214,4,0,173,54
2025-09-23,00,Deutschland,Kinder,NICU,148,924,532,149,392,83,17,10,38,3,1,24,11
2025-09-23,00,Deutschland,Kinder,PICU,119,301,231,114,183,50,12,13,44,1,0,22,7
2025-09-24,00,Deutschland,Erwachsene,ERWACHSENE,833,10796,2233,4728,2174,403,107,100,220,4,0,171,55
2025-09-24,00,Deutschland,Kinder,NICU,148,912,544,150,412,82,17,12,37,3,1,26,11
2025-09-24,00,Deutschland,Kinder,PICU,119,307,227,113,188,51,11,14,43,1,0,23,7
2025-09-25,00,Deutschland,Erwachsene,ERWACHSENE,832,10797,2186,4676,2156,408,104,99,218,5,0,170,53
2025-09-25,00,Deutschland,Kinder,NICU,148,913,545,144,396,83,16,13,36,3,1,26,11
2025-09-25,00,Deutschland,Kinder,PICU,118,311,217,112,174,53,11,12,42,1,0,23,5
2025-09-26,00,Deutschland,Erwachsene,ERWACHSENE,830,10773,2174,4660,2177,405,102,107,213,4,0,174,59
2025-09-26,00,Deutschland,Kinder,NICU,147,918,534,146,386,83,15,12,37,3,1,25,10
2025-09-26,00,Deutschland,Kinder,PICU,117,318,216,113,172,50,11,13,43,1,0,23,6
2025-09-27,00,Deutschland,Erwachsene,ERWACHSENE,833,10639,2288,4665,2220,403,105,107,215,3,0,180,54
2025-09-27,00,Deutschland,Kinder,NICU,146,912,534,150,388,83,17,11,35,3,1,26,9
2025-09-27,00,Deutschland,Kinder,PICU,118,331,213,116,164,49,12,14,43,1,0,25,6
2025-09-28,00,Deutschland,Erwachsene,ERWACHSENE,832,10471,2384,4762,2260,404,110,102,213,4,0,182,55
2025-09-28,00,Deutschland,Kinder,NICU,146,911,533,147,388,83,16,11,36,3,1,25,10
2025-09-28,00,Deutschland,Kinder,PICU,118,314,224,118,174,50,12,12,44,1,0,24,5
2025-09-29,00,Deutschland,Erwachsene,ERWACHSENE,833,10605,2329,4749,2228,406,107,99,218,3,0,177,54
2025-09-29,00,Deutschland,Kinder,NICU,147,928,534,147,385,81,18,11,37,3,1,26,12
2025-09-29,00,Deutschland,Kinder,PICU,119,307,227,121,171,52,11,11,45,1,0,22,5
2025-09-30,00,Deutschland,Erwachsene,ERWACHSENE,830,10788,2145,4759,2107,399,106,103,219,4,0,175,58
2025-09-30,00,Deutschland,Kinder,NICU,149,938,528,153,383,83,18,11,37,3,1,27,11
2025-09-30,00,Deutschland,Kinder,PICU,120,325,214,122,171,49,12,12,47,1,0,23,6
2025-10-01,00,Deutschland,Erwachsene,ERWACHSENE,831,10888,2069,4759,2053,397,117,100,214,3,0,180,60
2025-10-01,00,Deutschland,Kinder,NICU,149,932,528,155,394,83,20,10,36,3,1,28,11
2025-10-01,00,Deutschland,Kinder,PICU,120,325,212,123,169,51,12,12,45,1,0,23,6
2025-10-02,00,Deutschland,Erwachsene,ERWACHSENE,831,10864,2101,4732,2087,398,108,108,214,3,0,175,61
2025-10-02,00,Deutschland,Kinder,NICU,149,938,525,152,399,81,21,11,36,3,1,30,12
2025-10-02,00,Deutschland,Kinder,PICU,120,316,221,119,190,48,13,14,45,1,0,27,7
2025-10-03,00,Deutschland,Erwachsene,ERWACHSENE,825,10798,2087,4700,2040,394,113,103,212,4,0,178,58
2025-10-03,00,Deutschland,Kinder,NICU,149,933,528,156,399,82,21,11,35,2,1,30,12
2025-10-03,00,Deutschland,Kinder,PICU,119,301,215,117,176,49,12,16,42,0,0,27,6
2025-10-04,00,Deutschland,Erwachsene,ERWACHSENE,828,10627,2265,4716,2125,395,110,106,214,4,0,182,52
2025-10-04,00,Deutschland,Kinder,NICU,150,941,531,156,414,83,19,11,37,2,1,28,11
2025-10-04,00,Deutschland,Kinder,PICU,120,292,233,118,186,52,11,14,43,0,0,24,7
2025-10-05,00,Deutschland,Erwachsene,ERWACHSENE,825,10596,2226,4712,2113,395,109,107,211,4,0,178,55
2025-10-05,00,Deutschland,Kinder,NICU,150,954,518,152,413,85,19,11,35,2,1,27,10
2025-10-05,00,Deutschland,Kinder,PICU,119,284,229,118,183,51,12,13,43,0,0,23,7
2025-10-06,00,Deutschland,Erwachsene,ERWACHSENE,830,10694,2234,4712,2172,395,117,104,211,5,0,173,66
2025-10-06,00,Deutschland,Kinder,NICU,147,928,512,151,394,83,20,11,33,2,1,29,11
2025-10-06,00,Deutschland,Kinder,PICU,117,291,227,115,181,49,13,14,41,0,0,25,9
2025-10-07,00,Deutschland,Erwachsene,ERWACHSENE,831,10918,2048,4689,2005,395,119,103,211,6,0,176,69
2025-10-07,00,Deutschland,Kinder,NICU,147,934,506,149,387,82,18,13,34,2,1,28,11
2025-10-07,00,Deutschland,Kinder,PICU,118,288,239,119,187,49,10,16,43,0,0,25,9
2025-10-08,00,Deutschland,Erwachsene,ERWACHSENE,833,11033,1958,4710,1944,381,125,109,215,5,0,189,70
2025-10-08,00,Deutschland,Kinder,NICU,148,950,513,154,399,84,17,11,36,2,1,25,11
2025-10-08,00,Deutschland,Kinder,PICU,118,288,239,121,187,50,9,14,45,0,0,22,6
2025-10-09,00,Deutschland,Erwachsene,ERWACHSENE,828,10964,1949,4689,1901,377,122,110,216,4,0,184,70
2025-10-09,00,Deutschland,Kinder,NICU,148,940,523,155,396,83,18,11,36,2,1,25,12
2025-10-09,00,Deutschland,Kinder,PICU,118,294,234,121,180,50,9,14,45,0,0,22,5
2025-10-10,00,Deutschland,Erwachsene,ERWACHSENE,829,10930,1969,4694,1923,372,125,112,217,5,0,188,71
2025-10-10,00,Deutschland,Kinder,NICU,147,936,516,153,402,83,18,11,35,2,1,25,12
2025-10-10,00,Deutschland,Kinder,PICU,117,305,217,122,164,50,9,15,43,0,0,24,5
2025-10-11,00,Deutschland,Erwachsene,ERWACHSENE,832,10844,2043,4683,1970,381,118,115,215,5,0,193,65
2025-10-11,00,Deutschland,Kinder,NICU,147,929,528,152,392,82,22,8,35,1,1,26,12
2025-10-11,00,Deutschland,Kinder,PICU,117,306,209,115,153,46,14,14,43,0,0,28,7
2025-10-12,00,Deutschland,Erwachsene,ERWACHSENE,832,10681,2163,4695,2062,379,120,115,215,5,0,197,65
2025-10-12,00,Deutschland,Kinder,NICU,147,912,540,152,397,84,20,8,35,1,1,24,12
2025-10-12,00,Deutschland,Kinder,PICU,117,296,217,117,167,48,11,15,43,0,0,26,7
2025-10-13,00,Deutschland,Erwachsene,ERWACHSENE,831,10764,2134,4718,2059,385,117,114,212,4,0,191,61
2025-10-13,00,Deutschland,Kinder,NICU,147,910,543,155,390,82,22,8,35,1,1,26,12
2025-10-13,00,Deutschland,Kinder,PICU,117,285,233,115,172,51,10,14,42,0,0,24,6
2025-10-14,00,Deutschland,Erwachsene,ERWACHSENE,833,10978,2029,4696,1987,380,122,118,210,5,0,197,69
2025-10-14,00,Deutschland,Kinder,NICU,146,918,532,152,386,82,21,8,35,1,1,26,12
2025-10-14,00,Deutschland,Kinder,PICU,116,288,233,121,167,50,10,14,42,0,0,23,7
2025-10-15,00,Deutschland,Erwachsene,ERWACHSENE,828,10943,1955,4718,1925,377,114,126,208,6,0,195,71
2025-10-15,00,Deutschland,Kinder,NICU,148,942,534,151,412,85,21,7,35,1,1,25,12
2025-10-15,00,Deutschland,Kinder,PICU,118,302,233,122,183,52,10,14,42,0,0,23,8
2025-10-16,00,Deutschland,Erwachsene,ERWACHSENE,828,11006,1952,4684,1959,381,111,122,211,6,0,194,64
2025-10-16,00,Deutschland,Kinder,NICU,149,939,538,156,408,86,22,7,34,1,1,25,13
2025-10-16,00,Deutschland,Kinder,PICU,119,306,227,122,171,51,14,13,41,0,0,26,10
2025-10-17,00,Deutschland,Erwachsene,ERWACHSENE,827,10894,2001,4694,1989,378,118,121,207,5,0,199,67
2025-10-17,00,Deutschland,Kinder,NICU,147,917,536,152,422,84,23,7,33,1,1,26,13
2025-10-17,00,Deutschland,Kinder,PICU,118,314,214,118,176,53,12,13,40,0,0,25,9
2025-10-18,00,Deutschland,Erwachsene,ERWACHSENE,826,10753,2098,4677,2030,382,112,118,211,5,0,198,54
2025-10-18,00,Deutschland,Kinder,NICU,146,873,562,149,422,84,22,7,33,1,1,25,14
2025-10-18,00,Deutschland,Kinder,PICU,116,309,213,112,167,52,12,12,40,0,0,24,9
2025-10-19,00,Deutschland,Erwachsene,ERWACHSENE,821,10537,2192,4679,2076,383,114,112,209,5,0,200,51
2025-10-19,00,Deutschland,Kinder,NICU,147,891,560,148,418,87,20,7,33,1,1,24,12
2025-10-19,00,Deutschland,Kinder,PICU,117,292,226,114,178,53,12,12,40,0,0,24,9
2025-10-20,00,Deutschland,Erwachsene,ERWACHSENE,826,10601,2223,4730,2113,380,121,113,209,6,0,197,60
2025-10-20,00,Deutschland,Kinder,NICU,147,884,572,152,434,84,21,7,35,1,1,24,14
2025-10-20,00,Deutschland,Kinder,PICU,117,288,227,116,177,52,11,11,43,0,0,22,7
2025-10-21,00,Deutschland,Erwachsene,ERWACHSENE,826,10843,2037,4707,2006,375,121,116,211,7,0,201,66
2025-10-21,00,Deutschland,Kinder,NICU,148,884,580,151,436,85,19,7,37,1,1,23,12
2025-10-21,00,Deutschland,Kinder,PICU,118,319,204,118,162,54,11,10,43,0,0,21,6
2025-10-22,00,Deutschland,Erwachsene,ERWACHSENE,826,11016,1929,4714,1872,379,113,116,215,7,0,193,61
2025-10-22,00,Deutschland,Kinder,NICU,150,924,580,151,424,88,19,7,36,1,1,23,12
2025-10-22,00,Deutschland,Kinder,PICU,120,338,214,121,181,56,11,11,42,0,0,22,8
2025-10-23,00,Deutschland,Erwachsene,ERWACHSENE,823,10887,1921,4690,1887,376,114,115,215,6,0,189,66
2025-10-23,00,Deutschland,Kinder,NICU,150,913,588,154,432,87,18,7,38,1,1,22,11
2025-10-23,00,Deutschland,Kinder,PICU,120,343,214,126,168,56,10,11,43,0,0,21,8
2025-10-24,00,Deutschland,Erwachsene,ERWACHSENE,814,10856,1848,4643,1859,377,119,111,204,6,0,191,65
2025-10-24,00,Deutschland,Kinder,NICU,149,894,587,165,416,86,19,6,38,1,1,22,11
2025-10-24,00,Deutschland,Kinder,PICU,119,330,217,125,175,55,10,11,43,0,0,21,9
2025-10-25,00,Deutschland,Erwachsene,ERWACHSENE,824,10862,1972,4681,1927,377,119,119,206,10,0,199,68
2025-10-25,00,Deutschland,Kinder,NICU,150,895,602,166,428,85,20,6,39,2,1,21,13
2025-10-25,00,Deutschland,Kinder,PICU,120,332,218,126,180,52,13,11,44,1,0,22,11
2025-10-26,00,Deutschland,Erwachsene,ERWACHSENE,820,10623,2134,4667,2029,381,125,104,207,7,0,192,58
2025-10-26,00,Deutschland,Kinder,NICU,151,919,589,157,426,84,20,8,39,2,1,23,12
2025-10-26,00,Deutschland,Kinder,PICU,120,324,228,119,182,53,11,12,44,1,0,21,11
2025-10-27,00,Deutschland,Erwachsene,ERWACHSENE,820,10612,2173,4700,2104,383,121,101,212,6,0,181,60
2025-10-27,00,Deutschland,Kinder,NICU,149,930,552,150,416,85,17,10,37,3,1,22,12
2025-10-27,00,Deutschland,Kinder,PICU,118,317,231,119,186,53,12,12,41,1,0,22,11
2025-10-28,00,Deutschland,Erwachsene,ERWACHSENE,820,10811,2026,4707,1979,387,112,102,216,7,0,174,61
2025-10-28,00,Deutschland,Kinder,NICU,148,888,586,157,431,86,16,10,36,2,1,21,11
2025-10-28,00,Deutschland,Kinder,PICU,116,314,223,117,179,51,12,13,40,1,0,23,10
2025-10-29,00,Deutschland,Erwachsene,ERWACHSENE,823,10826,2025,4740,1986,380,114,112,215,8,0,180,72
2025-10-29,00,Deutschland,Kinder,NICU,150,907,587,158,423,88,14,12,36,3,1,21,10
2025-10-29,00,Deutschland,Kinder,PICU,117,304,230,117,179,54,12,11,40,1,0,21,10
2025-10-30,00,Deutschland,Erwachsene,ERWACHSENE,824,10811,2043,4733,1988,384,120,105,212,7,0,181,71
2025-10-30,00,Deutschland,Kinder,NICU,149,916,559,155,414,88,16,9,36,3,1,21,9
2025-10-30,00,Deutschland,Kinder,PICU,116,292,237,117,185,56,11,11,38,1,0,20,10
2025-10-31,00,Deutschland,Erwachsene,ERWACHSENE,827,10769,2060,4714,1967,390,114,104,216,5,0,169,70
2025-10-31,00,Deutschland,Kinder,NICU,149,937,543,156,412,87,16,9,37,2,1,21,9
2025-10-31,00,Deutschland,Kinder,PICU,115,278,235,115,181,57,11,10,37,1,0,18,8
2025-11-01,00,Deutschland,Erwachsene,ERWACHSENE,825,10589,2215,4645,2067,393,111,107,211,5,1,172,68
2025-11-01,00,Deutschland,Kinder,NICU,149,924,557,154,409,84,20,8,37,2,1,22,11
2025-11-01,00,Deutschland,Kinder,PICU,116,291,230,115,179,56,13,10,37,1,0,20,7
2025-11-02,00,Deutschland,Erwachsene,ERWACHSENE,821,10459,2226,4644,2031,388,119,104,207,5,1,178,66
2025-11-02,00,Deutschland,Kinder,NICU,147,894,560,129,401,87,16,7,37,2,1,19,10
2025-11-02,00,Deutschland,Kinder,PICU,116,273,233,115,193,57,11,10,38,1,0,19,5
2025-11-03,00,Deutschland,Erwachsene,ERWACHSENE,821,10593,2134,4613,2009,388,113,108,209,5,1,174,63
2025-11-03,00,Deutschland,Kinder,NICU,146,889,550,129,399,87,14,8,37,2,1,18,10
2025-11-03,00,Deutschland,Kinder,PICU,114,269,231,112,180,56,10,10,38,1,0,18,5
2025-11-04,00,Deutschland,Erwachsene,ERWACHSENE,825,10870,2062,4670,1950,393,99,120,210,7,1,170,66
2025-11-04,00,Deutschland,Kinder,NICU,148,909,559,138,427,86,16,7,39,3,1,19,8
2025-11-04,00,Deutschland,Kinder,PICU,117,298,221,112,178,54,10,12,41,1,0,19,6
2025-11-05,00,Deutschland,Erwachsene,ERWACHSENE,827,11010,1968,4644,1895,389,104,123,208,6,0,177,65
2025-11-05,00,Deutschland,Kinder,NICU,149,905,579,138,423,87,15,7,40,2,1,18,8
2025-11-05,00,Deutschland,Kinder,PICU,118,303,221,110,177,57,10,10,41,1,0,18,4
2025-11-06,00,Deutschland,Erwachsene,ERWACHSENE,826,10882,2057,4654,1994,393,107,114,209,6,0,176,63
2025-11-06,00,Deutschland,Kinder,NICU,149,937,545,141,410,85,16,8,40,2,1,20,9
2025-11-06,00,Deutschland,Kinder,PICU,118,296,224,110,176,55,11,12,40,1,0,22,6
2025-11-07,00,Deutschland,Erwachsene,ERWACHSENE,824,10912,2020,4647,2014,392,112,110,207,5,0,183,60
2025-11-07,00,Deutschland,Kinder,NICU,148,931,539,141,407,86,15,7,40,3,1,19,9
2025-11-07,00,Deutschland,Kinder,PICU,118,308,211,111,166,54,11,12,41,1,0,22,7
2025-11-08,00,Deutschland,Erwachsene,ERWACHSENE,823,10771,2045,4662,2032,388,117,107,208,5,0,190,57
2025-11-08,00,Deutschland,Kinder,NICU,147,912,551,149,418,83,17,7,40,3,1,21,9
2025-11-08,00,Deutschland,Kinder,PICU,117,309,205,112,161,52,11,13,41,1,0,23,7
2025-11-09,00,Deutschland,Erwachsene,ERWACHSENE,824,10642,2218,4661,2123,383,114,109,216,4,0,190,53
2025-11-09,00,Deutschland,Kinder,NICU,148,925,544,148,419,82,18,8,40,4,1,22,9
2025-11-09,00,Deutschland,Kinder,PICU,118,305,216,113,172,53,12,13,40,1,0,23,8
2025-11-10,00,Deutschland,Erwachsene,ERWACHSENE,828,10742,2180,4674,2084,383,115,109,219,4,0,187,59
2025-11-10,00,Deutschland,Kinder,NICU,149,944,534,150,412,84,16,9,40,3,1,21,10
2025-11-10,00,Deutschland,Kinder,PICU,119,291,236,111,184,50,13,15,41,1,0,25,11
2025-11-11,00,Deutschland,Erwachsene,ERWACHSENE,826,10696,2003,4591,1918,377,115,115,217,4,0,186,66
2025-11-11,00,Deutschland,Kinder,NICU,150,945,547,151,411,82,19,10,39,4,1,24,11
2025-11-11,00,Deutschland,Kinder,PICU,120,310,243,115,188,52,11,16,41,1,0,24,10
2025-11-12,00,Deutschland,Erwachsene,ERWACHSENE,829,10881,2019,4606,1983,384,111,120,212,5,0,186,66
2025-11-12,00,Deutschland,Kinder,NICU,148,916,550,151,411,84,18,10,36,4,1,23,11
2025-11-12,00,Deutschland,Kinder,PICU,119,311,237,116,193,56,10,14,39,1,0,23,8
2025-11-13,00,Deutschland,Erwachsene,ERWACHSENE,831,11025,1985,4608,1981,388,113,118,210,5,0,185,68
2025-11-13,00,Deutschland,Kinder,NICU,148,925,537,149,402,82,18,12,36,4,1,25,11
2025-11-13,00,Deutschland,Kinder,PICU,119,316,237,125,194,54,10,15,40,1,0,24,7
2025-11-14,00,Deutschland,Erwachsene,ERWACHSENE,828,10936,2004,4608,1981,382,113,118,213,5,0,186,64
2025-11-14,00,Deutschland,Kinder,NICU,148,917,547,152,406,83,18,10,37,3,1,23,13
2025-11-14,00,Deutschland,Kinder,PICU,119,312,235,121,192,52,10,16,41,1,0,24,8
2025-11-15,00,Deutschland,Erwachsene,ERWACHSENE,829,10884,2051,4637,2016,382,114,114,217,5,0,183,62
2025-11-15,00,Deutschland,Kinder,NICU,148,914,551,150,405,81,19,10,38,3,1,24,13
2025-11-15,00,Deutschland,Kinder,PICU,119,311,235,125,194,52,11,15,41,1,0,24,8
2025-11-16,00,Deutschland,Erwachsene,ERWACHSENE,824,10646,2156,4627,2076,377,110,121,214,5,0,185,66
2025-11-16,00,Deutschland,Kinder,NICU,147,909,539,144,397,80,18,10,39,2,1,24,12
2025-11-16,00,Deutschland,Kinder,PICU,117,307,228,125,191,51,10,15,41,1,0,22,9
2025-11-17,00,Deutschland,Erwachsene,ERWACHSENE,824,10726,2115,4723,2151,377,115,110,220,6,1,184,59
2025-11-17,00,Deutschland,Kinder,NICU,146,929,509,139,383,82,16,10,38,2,1,22,13
2025-11-17,00,Deutschland,Kinder,PICU,116,290,239,126,191,54,9,14,39,2,0,21,7
2025-11-18,00,Deutschland,Erwachsene,ERWACHSENE,821,10880,1996,4683,2051,372,123,108,216,5,1,188,61
2025-11-18,00,Deutschland,Kinder,NICU,147,910,530,142,405,80,17,10,40,2,1,23,13
2025-11-18,00,Deutschland,Kinder,PICU,118,306,239,127,190,54,9,15,40,2,0,22,7
2025-11-19,00,Deutschland,Erwachsene,ERWACHSENE,821,10941,1962,4699,2008,379,121,106,213,5,1,180,67
2025-11-19,00,Deutschland,Kinder,NICU,150,931,533,145,406,82,17,10,41,2,1,22,13
2025-11-19,00,Deutschland,Kinder,PICU,121,329,236,121,184,53,11,15,42,2,0,23,9
2025-11-20,00,Deutschland,Erwachsene,ERWACHSENE,820,10884,2007,4690,2001,378,119,108,213,5,1,179,68
2025-11-20,00,Deutschland,Kinder,NICU,149,943,515,137,388,82,15,12,40,2,1,22,13
2025-11-20,00,Deutschland,Kinder,PICU,121,337,229,122,176,52,12,15,42,2,0,24,9
2025-11-21,00,Deutschland,Erwachsene,ERWACHSENE,818,10957,1919,4678,1944,376,122,106,212,5,1,184,65
2025-11-21,00,Deutschland,Kinder,NICU,149,938,517,134,400,80,17,11,41,2,1,24,13
2025-11-21,00,Deutschland,Kinder,PICU,119,313,221,123,171,51,14,13,41,2,0,23,11
2025-11-22,00,Deutschland,Erwachsene,ERWACHSENE,816,10805,1963,4659,1979,378,118,109,209,5,1,185,59
2025-11-22,00,Deutschland,Kinder,NICU,150,947,543,144,419,84,16,11,39,2,1,22,12
2025-11-22,00,Deutschland,Kinder,PICU,119,301,227,123,174,52,12,14,41,2,0,22,10
2025-11-23,00,Deutschland,Erwachsene,ERWACHSENE,810,10629,2062,4634,2038,372,113,113,210,6,1,189,57
2025-11-23,00,Deutschland,Kinder,NICU,151,953,545,145,433,84,17,11,39,2,1,23,13
2025-11-23,00,Deutschland,Kinder,PICU,120,297,237,121,180,52,12,14,42,1,0,21,9
2025-11-24,00,Deutschland,Erwachsene,ERWACHSENE,817,10679,2135,4713,2091,385,110,116,204,7,1,183,55
2025-11-24,00,Deutschland,Kinder,NICU,152,969,544,143,417,83,16,12,41,1,1,22,13
2025-11-24,00,Deutschland,Kinder,PICU,121,323,226,119,184,53,12,13,43,1,0,22,8
2025-11-25,00,Deutschland,Erwachsene,ERWACHSENE,817,10858,1983,4738,2019,388,112,109,206,8,1,183,53
2025-11-25,00,Deutschland,Kinder,NICU,151,959,541,137,413,81,16,11,43,1,1,22,13
2025-11-25,00,Deutschland,Kinder,PICU,120,327,219,118,180,53,11,12,44,2,0,19,10
2025-11-26,00,Deutschland,Erwachsene,ERWACHSENE,817,10985,1874,4714,1953,385,112,110,208,8,1,187,52
2025-11-26,00,Deutschland,Kinder,NICU,151,958,544,139,431,84,13,11,43,1,1,20,11
2025-11-26,00,Deutschland,Kinder,PICU,121,320,231,119,195,55,12,12,42,2,0,20,8
2025-11-27,00,Deutschland,Erwachsene,ERWACHSENE,817,10957,1887,4709,1912,381,115,110,209,8,1,190,59
2025-11-27,00,Deutschland,Kinder,NICU,150,952,547,146,429,82,13,13,42,2,1,22,12
2025-11-27,00,Deutschland,Kinder,PICU,120,327,216,119,175,54,11,14,41,2,0,21,10
2025-11-28,00,Deutschland,Erwachsene,ERWACHSENE,809,10818,1894,4668,1903,372,119,113,203,7,0,192,69
2025-11-28,00,Deutschland,Kinder,NICU,150,930,560,153,421,81,13,12,44,2,1,21,13
2025-11-28,00,Deutschland,Kinder,PICU,120,326,216,123,172,52,12,13,43,2,0,21,12
2025-11-29,00,Deutschland,Erwachsene,ERWACHSENE,815,10737,1982,4725,1992,373,113,120,207,6,0,199,63
2025-11-29,00,Deutschland,Kinder,NICU,151,923,578,153,435,83,13,11,44,1,1,19,13
2025-11-29,00,Deutschland,Kinder,PICU,120,316,225,120,178,54,12,12,42,2,0,21,10
2025-11-30,00,Deutschland,Erwachsene,ERWACHSENE,815,10601,2098,4736,2072,378,110,121,204,6,0,191,61
2025-11-30,00,Deutschland,Kinder,NICU,150,937,567,149,435,84,14,11,41,1,1,20,13
2025-11-30,00,Deutschland,Kinder,PICU,119,304,229,119,181,55,12,12,40,2,0,21,10
2025-12-01,00,Deutschland,Erwachsene,ERWACHSENE,816,10650,2112,4710,2078,377,105,131,201,6,0,196,60
2025-12-01,00,Deutschland,Kinder,NICU,148,920,558,145,430,83,14,11,40,1,1,20,13
2025-12-01,00,Deutschland,Kinder,PICU,117,306,224,117,184,54,12,12,39,2,0,22,9
2025-12-02,00,Deutschland,Erwachsene,ERWACHSENE,819,10771,2051,4721,2002,387,105,121,204,5,0,183,58
2025-12-02,00,Deutschland,Kinder,NICU,148,899,576,149,435,82,14,11,41,1,1,20,14
2025-12-02,00,Deutschland,Kinder,PICU,117,306,218,113,177,53,13,11,40,2,0,21,9
2025-12-03,00,Deutschland,Erwachsene,ERWACHSENE,823,10988,1952,4736,1974,387,110,122,202,6,0,185,62
2025-12-03,00,Deutschland,Kinder,NICU,147,886,581,151,440,80,14,12,41,1,1,22,14
2025-12-03,00,Deutschland,Kinder,PICU,116,329,193,114,166,52,13,11,40,2,0,21,9
2025-12-04,00,Deutschland,Erwachsene,ERWACHSENE,819,10944,1959,4713,1988,371,111,130,205,5,0,192,64
2025-12-04,00,Deutschland,Kinder,NICU,147,897,562,153,429,82,13,11,41,1,1,21,13
2025-12-04,00,Deutschland,Kinder,PICU,116,317,205,115,165,50,15,11,40,2,0,24,10
2025-12-05,00,Deutschland,Erwachsene,ERWACHSENE,817,10919,1911,4673,1910,373,112,118,211,5,0,191,59
2025-12-05,00,Deutschland,Kinder,NICU,148,916,565,153,429,82,14,10,42,1,1,21,12
2025-12-05,00,Deutschland,Kinder,PICU,116,286,209,114,166,51,14,10,41,1,0,23,7
2025-12-06,00,Deutschland,Erwachsene,ERWACHSENE,816,10775,1937,4649,1905,365,114,119,215,4,0,198,57
2025-12-06,00,Deutschland,Kinder,NICU,148,925,560,153,431,82,15,10,41,2,1,22,13
2025-12-06,00,Deutschland,Kinder,PICU,117,270,228,116,173,51,13,12,41,1,0,24,6
2025-12-07,00,Deutschland,Erwachsene,ERWACHSENE,816,10646,2064,4636,1991,372,111,118,212,3,0,193,58
2025-12-07,00,Deutschland,Kinder,NICU,147,924,554,152,433,83,15,9,40,2,1,21,12
2025-12-07,00,Deutschland,Kinder,PICU,115,270,216,114,161,49,12,14,40,1,0,24,8
2025-12-08,00,Deutschland,Erwachsene,ERWACHSENE,823,10811,2072,4651,2006,379,116,116,209,3,0,196,58
2025-12-08,00,Deutschland,Kinder,NICU,147,919,559,155,430,81,17,9,40,2,1,23,14
2025-12-08,00,Deutschland,Kinder,PICU,115,271,216,115,165,51,12,12,40,1,0,22,9
2025-12-09,00,Deutschland,Erwachsene,ERWACHSENE,823,11049,1862,4634,1872,367,119,125,209,4,0,206,66
2025-12-09,00,Deutschland,Kinder,NICU,146,912,547,149,417,79,17,10,40,3,1,24,14
2025-12-09,00,Deutschland,Kinder,PICU,115,277,213,112,164,51,11,15,38,1,0,23,8
2025-12-10,00,Deutschland,Erwachsene,ERWACHSENE,820,11070,1758,4649,1794,359,121,128,209,4,0,210,70
2025-12-10,00,Deutschland,Kinder,NICU,146,926,540,148,414,79,16,11,40,3,1,25,14
2025-12-10,00,Deutschland,Kinder,PICU,115,268,226,109,176,52,10,15,38,1,0,23,7
2025-12-11,00,Deutschland,Erwachsene,ERWACHSENE,820,11051,1808,4658,1865,354,119,131,213,3,0,211,69
2025-12-11,00,Deutschland,Kinder,NICU,148,927,555,148,430,81,15,11,41,3,1,24,14
2025-12-11,00,Deutschland,Kinder,PICU,116,292,209,109,163,52,9,16,39,0,0,23,7
2025-12-12,00,Deutschland,Erwachsene,ERWACHSENE,815,10806,1796,4624,1847,350,118,131,213,4,0,212,66
2025-12-12,00,Deutschland,Kinder,NICU,146,914,543,151,434,80,14,11,41,2,1,24,13
2025-12-12,00,Deutschland,Kinder,PICU,113,282,201,110,157,49,9,17,38,0,0,23,8
2025-12-13,00,Deutschland,Erwachsene,ERWACHSENE,819,10700,1881,4634,1891,351,113,137,214,6,2,215,57
2025-12-13,00,Deutschland,Kinder,NICU,147,944,523,151,426,83,13,11,40,2,1,23,13
2025-12-13,00,Deutschland,Kinder,PICU,115,287,207,114,155,53,8,16,38,0,0,22,6
2025-12-14,00,Deutschland,Erwachsene,ERWACHSENE,818,10473,2032,4674,1999,352,121,130,211,8,2,216,56
2025-12-14,00,Deutschland,Kinder,NICU,149,942,540,153,426,83,11,12,43,3,1,22,12
2025-12-14,00,Deutschland,Kinder,PICU,116,296,210,110,158,53,9,14,40,0,0,23,3
2025-12-15,00,Deutschland,Erwachsene,ERWACHSENE,824,10558,2088,4733,2032,369,116,126,209,6,2,210,58
2025-12-15,00,Deutschland,Kinder,NICU,148,948,525,152,419,85,11,11,41,3,1,21,12
2025-12-15,00,Deutschland,Kinder,PICU,116,300,211,109,172,54,9,13,40,0,0,22,2
2025-12-16,00,Deutschland,Erwachsene,ERWACHSENE,828,10882,1958,4691,1953,364,123,123,215,5,2,207,69
2025-12-16,00,Deutschland,Kinder,NICU,149,946,518,152,395,83,12,11,43,4,1,21,13
2025-12-16,00,Deutschland,Kinder,PICU,119,323,214,109,169,56,9,13,41,0,0,22,4
2025-12-17,00,Deutschland,Erwachsene,ERWACHSENE,829,11000,1880,4672,1909,362,124,123,217,7,1,205,67
2025-12-17,00,Deutschland,Kinder,NICU,151,952,521,155,408,82,14,12,43,4,1,24,14
2025-12-17,00,Deutschland,Kinder,PICU,121,320,231,115,180,56,11,13,41,0,0,24,4
2025-12-18,00,Deutschland,Erwachsene,ERWACHSENE,828,10965,1885,4647,1872,360,124,121,220,7,1,202,69
2025-12-18,00,Deutschland,Kinder,NICU,153,983,534,160,422,82,15,12,44,5,1,25,15
2025-12-18,00,Deutschland,Kinder,PICU,121,332,223,113,176,53,13,14,41,0,0,25,8
2025-12-19,00,Deutschland,Erwachsene,ERWACHSENE,826,10827,1988,4664,1909,363,131,117,212,8,1,203,68
2025-12-19,00,Deutschland,Kinder,NICU,153,984,537,151,414,84,13,12,44,5,1,23,14
2025-12-19,00,Deutschland,Kinder,PICU,121,329,218,112,168,55,11,15,40,0,0,26,7
2025-12-20,00,Deutschland,Erwachsene,ERWACHSENE,828,10814,2049,4714,1990,371,123,119,212,8,1,203,58
2025-12-20,00,Deutschland,Kinder,NICU,151,966,536,147,417,83,13,13,42,5,1,23,15
2025-12-20,00,Deutschland,Kinder,PICU,121,346,209,113,162,54,10,15,42,0,0,25,8
2025-12-21,00,Deutschland,Erwachsene,ERWACHSENE,821,10606,2131,4711,2041,369,116,123,210,7,1,199,59
2025-12-21,00,Deutschland,Kinder,NICU,151,987,520,148,419,83,12,14,42,5,1,24,15
2025-12-21,00,Deutschland,Kinder,PICU,120,327,217,108,172,53,11,15,41,0,0,26,7
2025-12-22,00,Deutschland,Erwachsene,ERWACHSENE,824,10635,2130,4709,2058,363,124,120,214,6,1,202,59
2025-12-22,00,Deutschland,Kinder,NICU,151,970,529,151,414,81,14,14,42,5,1,26,12
2025-12-22,00,Deutschland,Kinder,PICU,121,324,230,114,180,52,11,16,42,0,0,27,8
2025-12-23,00,Deutschland,Erwachsene,ERWACHSENE,822,10565,2140,4699,2068,364,124,114,217,5,2,197,53
2025-12-23,00,Deutschland,Kinder,NICU,151,965,534,139,403,84,14,11,42,4,1,22,12
2025-12-23,00,Deutschland,Kinder,PICU,121,326,221,113,181,53,12,14,42,0,0,26,8
2025-12-24,00,Deutschland,Erwachsene,ERWACHSENE,823,10545,2185,4707,2093,368,115,122,215,5,1,199,52
2025-12-24,00,Deutschland,Kinder,NICU,149,940,554,143,417,85,13,10,41,3,1,20,12
2025-12-24,00,Deutschland,Kinder,PICU,120,320,222,113,182,54,11,13,42,0,0,24,8
2025-12-25,00,Deutschland,Erwachsene,ERWACHSENE,816,10339,2328,4729,2193,376,110,112,215,5,1,189,48
2025-12-25,00,Deutschland,Kinder,NICU,146,903,563,142,417,85,13,10,38,2,1,20,11
2025-12-25,00,Deutschland,Kinder,PICU,117,314,217,116,175,52,13,12,40,0,0,25,8
2025-12-26,00,Deutschland,Erwachsene,ERWACHSENE,809,10367,2260,4712,2171,369,107,116,214,5,1,191,55
2025-12-26,00,Deutschland,Kinder,NICU,144,890,565,145,416,83,13,10,38,2,1,19,11
2025-12-26,00,Deutschland,Kinder,PICU,114,292,212,113,166,50,12,12,40,0,0,22,8
2025-12-27,00,Deutschland,Erwachsene,ERWACHSENE,809,10318,2255,4666,2187,364,106,116,220,3,1,188,51
2025-12-27,00,Deutschland,Kinder,NICU,146,893,584,146,425,84,13,11,38,3,1,21,10
2025-12-27,00,Deutschland,Kinder,PICU,115,297,213,117,174,50,11,12,42,0,0,21,8
2025-12-28,00,Deutschland,Erwachsene,ERWACHSENE,802,10329,2156,4625,2101,356,104,118,221,3,1,187,59
2025-12-28,00,Deutschland,Kinder,NICU,147,886,594,142,434,86,12,11,38,2,1,20,10
2025-12-28,00,Deutschland,Kinder,PICU,115,298,204,111,168,51,11,12,41,0,0,21,8
2025-12-29,00,Deutschland,Erwachsene,ERWACHSENE,810,10488,2086,4660,1992,350,104,133,220,7,1,195,70
2025-12-29,00,Deutschland,Kinder,NICU,149,904,586,145,442,86,15,9,39,1,1,20,12
2025-12-29,00,Deutschland,Kinder,PICU,116,293,213,114,173,52,12,11,41,0,0,20,8
2025-12-30,00,Deutschland,Erwachsene,ERWACHSENE,805,10620,1856,4566,1818,346,106,129,221,7,1,191,74
2025-12-30,00,Deutschland,Kinder,NICU,149,911,587,145,440,85,17,8,39,1,1,21,12
2025-12-30,00,Deutschland,Kinder,PICU,116,288,225,117,180,53,10,11,42,0,0,19,6
2025-12-31,00,Deutschland,Erwachsene,ERWACHSENE,806,10570,1916,4601,1855,349,104,126,224,8,1,189,74
2025-12-31,00,Deutschland,Kinder,NICU,146,876,555,142,422,80,19,8,39,2,1,23,13
2025-12-31,00,Deutschland,Kinder,PICU,114,267,231,108,182,52,8,11,43,0,0,17,6
2026-01-01,00,Deutschland,Erwachsene,ERWACHSENE,801,10400,1943,4617,1859,344,107,131,216,6,0,192,77
2026-01-01,00,Deutschland,Kinder,NICU,145,850,567,140,427,83,17,8,37,2,1,21,13
2026-01-01,00,Deutschland,Kinder,PICU,114,271,227,107,189,52,8,12,42,0,0,18,6
2026-01-02,00,Deutschland,Erwachsene,ERWACHSENE,803,10523,1937,4650,1878,345,120,120,215,5,0,191,77
2026-01-02,00,Deutschland,Kinder,NICU,146,853,570,143,427,82,18,8,38,3,1,22,14
2026-01-02,00,Deutschland,Kinder,PICU,116,292,226,109,187,51,10,13,42,0,0,21,8
2026-01-03,00,Deutschland,Erwachsene,ERWACHSENE,804,10581,1845,4667,1819,342,123,122,214,6,0,199,70
2026-01-03,00,Deutschland,Kinder,NICU,148,911,556,142,426,82,19,7,40,3,1,22,14
2026-01-03,00,Deutschland,Kinder,PICU,118,302,233,107,184,53,11,13,41,0,0,22,8
2026-01-04,00,Deutschland,Erwachsene,ERWACHSENE,804,10600,1826,4664,1789,344,125,118,214,7,0,195,71
2026-01-04,00,Deutschland,Kinder,NICU,148,918,551,148,420,84,16,8,40,2,1,21,12
2026-01-04,00,Deutschland,Kinder,PICU,118,307,228,109,179,52,13,13,40,0,0,23,9
2026-01-05,00,Deutschland,Erwachsene,ERWACHSENE,808,10821,1739,4655,1705,353,110,131,211,5,0,194,75
2026-01-05,00,Deutschland,Kinder,NICU,148,936,540,147,411,77,18,10,43,3,1,24,12
2026-01-05,00,Deutschland,Kinder,PICU,119,308,233,113,175,51,14,13,41,0,0,24,9
2026-01-06,00,Deutschland,Erwachsene,ERWACHSENE,806,10802,1684,4650,1648,349,112,133,209,7,0,196,79
2026-01-06,00,Deutschland,Kinder,NICU,148,923,545,145,418,79,18,8,43,3,1,23,11
2026-01-06,00,Deutschland,Kinder,PICU,118,294,235,114,166,52,11,13,42,0,0,22,8
2026-01-07,00,Deutschland,Erwachsene,ERWACHSENE,811,10913,1669,4659,1628,336,113,144,215,9,0,201,85
2026-01-07,00,Deutschland,Kinder,NICU,148,916,553,148,426,77,20,9,42,4,1,26,11
2026-01-07,00,Deutschland,Kinder,PICU,118,317,216,113,157,52,11,14,41,0,0,23,8
2026-01-08,00,Deutschland,Erwachsene,ERWACHSENE,809,11000,1549,4607,1547,333,108,150,215,6,0,205,84
2026-01-08,00,Deutschland,Kinder,NICU,149,922,567,144,423,77,18,11,43,3,1,26,11
2026-01-08,00,Deutschland,Kinder,PICU,118,319,219,114,157,53,11,14,40,0,0,23,8
2026-01-09,00,Deutschland,Erwachsene,ERWACHSENE,807,11000,1565,4584,1581,339,112,138,215,6,0,201,78
2026-01-09,00,Deutschland,Kinder,NICU,147,895,566,144,419,76,18,10,43,3,1,25,11
2026-01-09,00,Deutschland,Kinder,PICU,117,318,218,114,169,51,12,14,40,0,0,24,8
2026-01-10,00,Deutschland,Erwachsene,ERWACHSENE,810,10926,1631,4594,1629,342,117,136,212,6,0,199,84
2026-01-10,00,Deutschland,Kinder,NICU,147,899,562,146,414,76,19,8,44,3,1,24,11
2026-01-10,00,Deutschland,Kinder,PICU,116,318,212,116,158,51,10,13,42,0,0,21,7
2026-01-11,00,Deutschland,Erwachsene,ERWACHSENE,806,10717,1796,4589,1716,347,111,133,212,8,0,191,82
2026-01-11,00,Deutschland,Kinder,NICU,146,896,563,143,416,76,18,8,44,3,1,23,11
2026-01-11,00,Deutschland,Kinder,PICU,115,317,212,116,157,49,12,12,42,0,0,22,7
2026-01-12,00,Deutschland,Erwachsene,ERWACHSENE,812,10907,1727,4614,1664,333,111,152,213,9,0,201,93
2026-01-12,00,Deutschland,Kinder,NICU,145,887,570,139,423,78,17,8,42,2,1,22,9
2026-01-12,00,Deutschland,Kinder,PICU,114,314,211,114,164,48,12,14,40,0,0,23,10
2026-01-13,00,Deutschland,Erwachsene,ERWACHSENE,809,11064,1604,4614,1600,331,114,147,214,8,0,194,93
2026-01-13,00,Deutschland,Kinder,NICU,145,884,574,137,424,80,17,8,40,2,1,22,10
2026-01-13,00,Deutschland,Kinder,PICU,114,326,203,110,166,48,14,13,39,0,0,23,10
2026-01-14,00,Deutschland,Erwachsene,ERWACHSENE,813,11211,1611,4638,1597,332,119,146,213,8,0,202,93
2026-01-14,00,Deutschland,Kinder,NICU,146,895,565,138,408,79,18,7,42,3,1,22,12
2026-01-14,00,Deutschland,Kinder,PICU,115,326,204,107,168,46,15,14,40,0,0,25,10
2026-01-15,00,Deutschland,Erwachsene,ERWACHSENE,812,11231,1607,4650,1616,324,126,149,210,11,0,209,91
2026-01-15,00,Deutschland,Kinder,NICU,146,891,569,135,406,81,16,7,42,4,1,19,11
2026-01-15,00,Deutschland,Kinder,PICU,115,333,199,110,159,48,16,11,40,0,0,24,10
2026-01-16,00,Deutschland,Erwachsene,ERWACHSENE,813,11245,1578,4657,1622,331,115,154,210,9,0,210,92
2026-01-16,00,Deutschland,Kinder,NICU,146,909,555,139,406,81,16,7,42,4,1,20,11
2026-01-16,00,Deutschland,Kinder,PICU,115,334,198,114,159,47,15,12,41,0,0,23,10
2026-01-17,00,Deutschland,Erwachsene,ERWACHSENE,814,11124,1686,4650,1691,338,117,146,210,11,1,206,87
2026-01-17,00,Deutschland,Kinder,NICU,146,893,573,141,425,80,16,9,41,6,1,21,13
2026-01-17,00,Deutschland,Kinder,PICU,116,321,206,109,169,48,15,13,40,0,0,24,11
2026-01-18,00,Deutschland,Erwachsene,ERWACHSENE,811,10930,1799,4634,1746,340,111,144,213,8,1,201,86
2026-01-18,00,Deutschland,Kinder,NICU,148,909,566,143,426,83,17,8,40,5,1,21,12
2026-01-18,00,Deutschland,Kinder,PICU,118,321,216,111,177,52,13,14,39,1,0,22,10
2026-01-19,00,Deutschland,Erwachsene,ERWACHSENE,808,10843,1869,4604,1797,350,101,148,206,7,1,192,89
2026-01-19,00,Deutschland,Kinder,NICU,148,922,552,142,418,86,14,7,41,4,1,18,12
2026-01-19,00,Deutschland,Kinder,PICU,118,324,214,110,177,50,14,15,39,0,0,23,12
2026-01-20,00,Deutschland,Erwachsene,ERWACHSENE,815,11183,1698,4659,1722,349,112,145,206,7,1,195,95
2026-01-20,00,Deutschland,Kinder,NICU,149,903,574,141,431,88,14,7,40,4,1,17,11
2026-01-20,00,Deutschland,Kinder,PICU,119,341,202,111,158,52,13,15,39,0,0,24,11
2026-01-21,00,Deutschland,Erwachsene,ERWACHSENE,815,11223,1677,4641,1664,355,111,144,202,7,1,187,95
2026-01-21,00,Deutschland,Kinder,NICU,149,903,570,138,430,88,12,8,41,4,1,16,9
2026-01-21,00,Deutschland,Kinder,PICU,118,349,195,109,154,49,15,16,38,0,0,27,11
2026-01-22,00,Deutschland,Erwachsene,ERWACHSENE,815,11207,1713,4681,1699,354,114,141,203,6,1,188,99
2026-01-22,00,Deutschland,Kinder,NICU,149,922,550,137,423,87,13,10,39,4,1,18,10
2026-01-22,00,Deutschland,Kinder,PICU,120,352,210,116,164,50,13,18,39,0,0,28,12
2026-01-23,00,Deutschland,Erwachsene,ERWACHSENE,809,11072,1697,4551,1655,352,117,134,203,6,1,188,93
2026-01-23,00,Deutschland,Kinder,NICU,150,938,543,139,415,88,13,10,39,3,1,18,10
2026-01-23,00,Deutschland,Kinder,PICU,121,374,197,115,160,51,11,20,39,0,0,28,12
2026-01-24,00,Deutschland,Erwachsene,ERWACHSENE,811,10984,1776,4602,1700,350,122,128,208,5,1,191,85
2026-01-24,00,Deutschland,Kinder,NICU,151,957,538,141,426,87,14,10,40,3,1,19,10
2026-01-24,00,Deutschland,Kinder,PICU,120,368,194,107,164,52,10,20,38,0,0,28,11
2026-01-25,00,Deutschland,Erwachsene,ERWACHSENE,807,10763,1919,4575,1769,348,121,124,211,7,0,191,82
2026-01-25,00,Deutschland,Kinder,NICU,151,955,541,140,430,86,14,10,41,3,1,19,10
2026-01-25,00,Deutschland,Kinder,PICU,119,355,202,112,166,54,11,16,38,0,0,26,9
2026-01-26,00,Deutschland,Erwachsene,ERWACHSENE,808,10841,1852,4599,1750,351,117,129,208,7,0,194,86
2026-01-26,00,Deutschland,Kinder,NICU,151,954,546,140,441,87,13,10,41,3,1,19,9
2026-01-26,00,Deutschland,Kinder,PICU,120,371,191,110,162,53,11,16,40,0,0,26,9
2026-01-27,00,Deutschland,Erwachsene,ERWACHSENE,806,11101,1667,4662,1683,345,117,130,211,6,0,191,88
2026-01-27,00,Deutschland,Kinder,NICU,150,952,545,142,437,88,12,8,42,2,1,16,9
2026-01-27,00,Deutschland,Kinder,PICU,120,381,178,111,160,50,12,17,41,0,0,27,10
2026-01-28,00,Deutschland,Erwachsene,ERWACHSENE,807,11150,1612,4639,1624,340,112,145,207,6,0,194,94
2026-01-28,00,Deutschland,Kinder,NICU,149,988,497,139,418,87,12,8,42,2,1,16,9
2026-01-28,00,Deutschland,Kinder,PICU,119,378,177,110,154,52,11,16,40,0,0,25,12
2026-01-29,00,Deutschland,Erwachsene,ERWACHSENE,810,11201,1621,4663,1672,335,116,146,210,5,0,199,93
2026-01-29,00,Deutschland,Kinder,NICU,148,962,502,138,403,82,16,8,42,2,1,20,11
2026-01-29,00,Deutschland,Kinder,PICU,117,368,178,106,140,49,11,17,40,0,0,26,12
2026-01-30,00,Deutschland,Erwachsene,ERWACHSENE,808,11188,1602,4619,1658,329,117,152,207,7,0,205,97
2026-01-30,00,Deutschland,Kinder,NICU,147,930,534,134,421,79,17,10,41,2,1,23,11
2026-01-30,00,Deutschland,Kinder,PICU,116,332,185,106,142,48,11,16,41,0,0,25,10
2026-01-31,00,Deutschland,Erwachsene,ERWACHSENE,811,11097,1712,4638,1706,339,118,146,205,8,0,205,85
2026-01-31,00,Deutschland,Kinder,NICU,148,947,526,137,419,81,17,9,41,3,1,23,10
2026-01-31,00,Deutschland,Kinder,PICU,117,337,188,110,138,49,12,15,41,0,0,25,10
2026-02-01,00,Deutschland,Erwachsene,ERWACHSENE,811,10920,1841,4641,1785,339,120,145,204,9,0,210,82
2026-02-01,00,Deutschland,Kinder,NICU,148,939,528,139,425,82,16,9,41,3,1,22,10
2026-02-01,00,Deutschland,Kinder,PICU,117,327,194,110,152,50,11,14,42,0,0,23,9
2026-02-02,00,Deutschland,Erwachsene,ERWACHSENE,815,11053,1829,4636,1787,343,115,144,210,11,0,203,89
2026-02-02,00,Deutschland,Kinder,NICU,148,921,542,145,432,81,17,9,41,2,1,23,11
2026-02-02,00,Deutschland,Kinder,PICU,117,332,185,113,157,53,9,12,43,0,0,20,6
2026-02-03,00,Deutschland,Erwachsene,ERWACHSENE,810,11190,1659,4616,1695,345,110,143,209,8,0,197,87
2026-02-03,00,Deutschland,Kinder,NICU,149,934,542,157,436,79,17,9,44,2,1,23,10
2026-02-03,00,Deutschland,Kinder,PICU,117,343,190,119,160,51,10,13,43,0,0,21,7
2026-02-04,00,Deutschland,Erwachsene,ERWACHSENE,811,11295,1599,4667,1635,346,118,138,206,8,0,198,93
2026-02-04,00,Deutschland,Kinder,NICU,148,944,530,154,423,78,18,9,43,2,1,24,11
2026-02-04,00,Deutschland,Kinder,PICU,116,355,181,118,153,51,12,9,44,0,0,20,6
2026-02-05,00,Deutschland,Erwachsene,ERWACHSENE,807,11164,1655,4665,1656,339,119,140,206,7,0,195,98
2026-02-05,00,Deutschland,Kinder,NICU,148,937,548,132,415,80,18,7,43,2,1,22,12
2026-02-05,00,Deutschland,Kinder,PICU,117,383,163,121,145,52,9,11,45,0,0,19,6
2026-02-06,00,Deutschland,Erwachsene,ERWACHSENE,804,11110,1658,4655,1673,343,116,136,206,6,0,189,94
2026-02-06,00,Deutschland,Kinder,NICU,147,913,550,131,409,82,15,8,42,4,1,20,11
2026-02-06,00,Deutschland,Kinder,PICU,116,378,165,116,141,49,13,11,43,0,0,21,8
2026-02-07,00,Deutschland,Erwachsene,ERWACHSENE,802,10997,1668,4670,1638,346,116,131,206,6,0,186,89
2026-02-07,00,Deutschland,Kinder,NICU,147,925,531,140,401,80,15,9,43,4,1,20,12
2026-02-07,00,Deutschland,Kinder,PICU,115,375,171,114,142,49,15,9,42,0,0,21,8
2026-02-08,00,Deutschland,Erwachsene,ERWACHSENE,803,10930,1730,4698,1704,345,116,133,206,7,0,191,82
2026-02-08,00,Deutschland,Kinder,NICU,148,932,525,143,404,82,16,7,43,3,1,20,10
2026-02-08,00,Deutschland,Kinder,PICU,116,371,178,117,148,48,18,9,41,0,0,23,9
2026-02-09,00,Deutschland,Erwachsene,ERWACHSENE,803,11032,1716,4706,1726,340,123,133,204,8,0,195,90
2026-02-09,00,Deutschland,Kinder,NICU,148,926,538,141,418,81,17,7,43,3,1,21,9
2026-02-09,00,Deutschland,Kinder,PICU,117,378,165,123,142,48,17,9,43,0,0,23,9
2026-02-10,00,Deutschland,Erwachsene,ERWACHSENE,803,11194,1590,4642,1595,333,122,139,206,9,0,200,93
2026-02-10,00,Deutschland,Kinder,NICU,148,928,536,143,412,81,16,9,42,3,1,22,11
2026-02-10,00,Deutschland,Kinder,PICU,118,369,173,127,150,49,15,12,42,0,0,24,10
2026-02-11,00,Deutschland,Erwachsene,ERWACHSENE,811,11298,1546,4657,1589,344,122,135,207,10,0,194,93
2026-02-11,00,Deutschland,Kinder,NICU,148,912,555,144,427,83,15,8,42,3,1,20,10
2026-02-11,00,Deutschland,Kinder,PICU,118,378,167,122,139,46,17,12,43,0,0,24,12
2026-02-12,00,Deutschland,Erwachsene,ERWACHSENE,809,11357,1496,4607,1546,342,119,141,204,9,0,198,95
2026-02-12,00,Deutschland,Kinder,NICU,148,908,555,147,424,81,18,7,42,3,1,22,12
2026-02-12,00,Deutschland,Kinder,PICU,118,376,172,122,142,47,17,9,45,0,0,23,8
2026-02-13,00,Deutschland,Erwachsene,ERWACHSENE,807,11334,1498,4618,1575,340,118,143,203,9,0,196,97
2026-02-13,00,Deutschland,Kinder,NICU,146,881,563,138,417,82,16,7,41,3,1,20,11
2026-02-13,00,Deutschland,Kinder,PICU,114,353,164,102,136,46,16,10,42,0,0,22,8
2026-02-14,00,Deutschland,Erwachsene,ERWACHSENE,813,11208,1619,4651,1631,337,118,149,206,8,0,208,96
2026-02-14,00,Deutschland,Kinder,NICU,148,905,563,135,432,82,16,8,42,3,1,21,11
2026-02-14,00,Deutschland,Kinder,PICU,117,362,167,116,148,48,15,11,43,0,0,22,8
2026-02-15,00,Deutschland,Erwachsene,ERWACHSENE,811,10923,1790,4599,1767,343,122,139,204,7,0,206,89
2026-02-15,00,Deutschland,Kinder,NICU,147,913,550,131,430,82,14,9,42,3,1,20,11
2026-02-15,00,Deutschland,Kinder,PICU,116,349,172,120,146,47,15,12,42,0,0,20,10
2026-02-16,00,Deutschland,Erwachsene,ERWACHSENE,812,10959,1821,4632,1775,345,122,137,205,8,0,197,97
2026-02-16,00,Deutschland,Kinder,NICU,147,933,521,129,413,80,14,10,43,4,1,20,13
2026-02-16,00,Deutschland,Kinder,PICU,116,334,189,120,161,50,12,11,43,0,0,19,7
2026-02-17,00,Deutschland,Erwachsene,ERWACHSENE,810,11118,1678,4627,1643,341,115,142,209,9,0,192,98
2026-02-17,00,Deutschland,Kinder,NICU,147,922,531,133,407,83,13,9,42,3,1,17,14
2026-02-17,00,Deutschland,Kinder,PICU,116,335,185,118,149,50,13,10,43,0,0,20,6
2026-02-18,00,Deutschland,Erwachsene,ERWACHSENE,814,11223,1693,4661,1694,355,115,134,207,9,0,189,93
2026-02-18,00,Deutschland,Kinder,NICU,148,947,516,136,404,82,13,9,44,3,1,17,13
2026-02-18,00,Deutschland,Kinder,PICU,117,346,175,113,148,49,12,12,44,0,0,20,8
2026-02-19,00,Deutschland,Erwachsene,ERWACHSENE,811,11215,1632,4637,1628,355,113,132,208,7,0,188,89
2026-02-19,00,Deutschland,Kinder,NICU,147,933,508,143,399,81,13,10,43,4,1,19,12
2026-02-19,00,Deutschland,Kinder,PICU,116,343,183,117,145,49,13,12,42,0,0,21,8
2026-02-20,00,Deutschland,Erwachsene,ERWACHSENE,806,11105,1665,4613,1686,356,104,136,207,3,0,179,88
2026-02-20,00,Deutschland,Kinder,NICU,148,929,528,143,401,82,12,10,44,4,1,19,12
2026-02-20,00,Deutschland,Kinder,PICU,117,376,174,120,144,49,13,14,41,0,0,21,11
2026-02-21,00,Deutschland,Erwachsene,ERWACHSENE,808,10911,1781,4623,1771,354,107,133,211,4,1,187,83
2026-02-21,00,Deutschland,Kinder,NICU,147,913,534,139,405,82,13,8,44,3,1,18,11
2026-02-21,00,Deutschland,Kinder,PICU,116,376,173,117,137,46,14,14,42,0,0,22,12
2026-02-22,00,Deutschland,Erwachsene,ERWACHSENE,800,10662,1898,4580,1796,351,102,136,208,6,1,182,84
2026-02-22,00,Deutschland,Kinder,NICU,147,895,547,137,410,81,15,8,43,3,1,19,10
2026-02-22,00,Deutschland,Kinder,PICU,116,375,173,113,136,46,16,13,41,0,0,22,12
2026-02-23,00,Deutschland,Erwachsene,ERWACHSENE,805,10912,1823,4610,1802,355,105,133,209,4,0,185,87
2026-02-23,00,Deutschland,Kinder,NICU,149,916,550,132,413,85,13,9,42,2,1,17,11
2026-02-23,00,Deutschland,Kinder,PICU,117,381,165,116,138,48,14,15,40,0,0,22,11
2026-02-24,00,Deutschland,Erwachsene,ERWACHSENE,805,11022,1729,4597,1732,352,101,137,212,4,0,182,84
2026-02-24,00,Deutschland,Kinder,NICU,149,900,569,132,433,86,14,6,43,3,1,16,10
2026-02-24,00,Deutschland,Kinder,PICU,116,367,170,116,147,52,10,13,41,0,0,18,9
2026-02-25,00,Deutschland,Erwachsene,ERWACHSENE,801,11000,1709,4592,1680,357,95,133,213,5,0,176,77
2026-02-25,00,Deutschland,Kinder,NICU,150,915,571,132,420,85,15,7,43,3,1,18,12
2026-02-25,00,Deutschland,Kinder,PICU,117,378,163,116,144,51,11,15,40,0,0,20,12
2026-02-26,00,Deutschland,Erwachsene,ERWACHSENE,800,11028,1706,4590,1684,353,100,130,214,6,0,175,81
2026-02-26,00,Deutschland,Kinder,NICU,149,908,570,134,426,85,15,8,41,3,1,19,11
2026-02-26,00,Deutschland,Kinder,PICU,116,363,180,113,149,50,13,15,38,0,0,22,13
2026-02-27,00,Deutschland,Erwachsene,ERWACHSENE,799,11003,1717,4609,1718,350,98,137,211,5,0,181,83
2026-02-27,00,Deutschland,Kinder,NICU,147,902,560,131,417,84,15,7,41,3,1,18,9
2026-02-27,00,Deutschland,Kinder,PICU,115,366,171,112,135,46,16,15,38,0,0,25,13
2026-02-28,00,Deutschland,Erwachsene,ERWACHSENE,805,10936,1809,4621,1776,356,101,134,211,5,0,181,82
2026-02-28,00,Deutschland,Kinder,NICU,147,908,564,136,427,86,13,7,41,2,1,16,8
2026-02-28,00,Deutschland,Kinder,PICU,116,372,168,112,140,46,14,17,39,0,0,25,14
2026-03-01,00,Deutschland,Erwachsene,ERWACHSENE,800,10766,1920,4597,1821,354,97,136,210,5,0,180,77
2026-03-01,00,Deutschland,Kinder,NICU,147,914,562,134,427,86,13,6,42,2,1,15,8
2026-03-01,00,Deutschland,Kinder,PICU,116,370,168,112,141,47,11,18,40,0,0,23,14
2026-03-02,00,Deutschland,Erwachsene,ERWACHSENE,804,10824,1949,4631,1860,360,109,126,206,4,0,175,81
2026-03-02,00,Deutschland,Kinder,NICU,147,924,554,135,424,84,14,7,42,2,1,17,10
2026-03-02,00,Deutschland,Kinder,PICU,117,359,181,111,150,49,11,16,41,1,0,21,12
2026-03-03,00,Deutschland,Erwachsene,ERWACHSENE,804,11006,1842,4584,1807,364,100,132,205,6,0,174,81
2026-03-03,00,Deutschland,Kinder,NICU,148,931,560,134,417,83,13,9,43,2,1,18,10
2026-03-03,00,Deutschland,Kinder,PICU,118,360,186,110,159,49,12,16,41,1,0,21,13
2026-03-04,00,Deutschland,Erwachsene,ERWACHSENE,802,11012,1834,4589,1793,361,100,132,206,3,0,172,83
2026-03-04,00,Deutschland,Kinder,NICU,147,903,562,132,413,81,14,9,43,2,1,19,10
2026-03-04,00,Deutschland,Kinder,PICU,117,360,178,108,151,49,11,16,41,0,0,20,12
2026-03-05,00,Deutschland,Erwachsene,ERWACHSENE,802,10962,1885,4572,1838,364,94,130,211,4,0,176,76
2026-03-05,00,Deutschland,Kinder,NICU,146,908,533,133,407,80,11,12,43,3,1,19,10
2026-03-05,00,Deutschland,Kinder,PICU,117,354,184,112,162,48,12,16,41,0,0,21,13
2026-03-06,00,Deutschland,Erwachsene,ERWACHSENE,794,10928,1842,4529,1812,358,96,125,212,4,0,172,73
2026-03-06,00,Deutschland,Kinder,NICU,147,919,537,137,413,82,12,11,42,3,1,18,12
2026-03-06,00,Deutschland,Kinder,PICU,117,356,192,121,156,48,11,18,40,0,0,22,14
2026-03-07,00,Deutschland,Erwachsene,ERWACHSENE,800,10776,1930,4582,1886,357,99,128,213,3,0,179,71
2026-03-07,00,Deutschland,Kinder,NICU,146,905,544,134,412,82,12,8,44,3,1,16,10
2026-03-07,00,Deutschland,Kinder,PICU,116,346,196,118,159,48,10,17,41,0,0,21,12
2026-03-08,00,Deutschland,Erwachsene,ERWACHSENE,802,10684,2027,4629,1978,368,99,120,212,3,0,172,65
2026-03-08,00,Deutschland,Kinder,NICU,146,907,546,131,410,81,12,8,45,3,1,16,9
2026-03-08,00,Deutschland,Kinder,PICU,116,341,205,117,163,48,12,15,41,0,0,20,12
2026-03-09,00,Deutschland,Erwachsene,ERWACHSENE,800,10697,2030,4618,1976,365,106,115,211,2,0,172,65
2026-03-09,00,Deutschland,Kinder,NICU,145,907,531,130,408,81,13,7,44,2,1,16,8
2026-03-09,00,Deutschland,Kinder,PICU,115,345,207,117,168,47,15,14,39,0,0,20,13
2026-03-10,00,Deutschland,Erwachsene,ERWACHSENE,801,10993,1805,4587,1826,362,105,119,212,2,0,169,72
2026-03-10,00,Deutschland,Kinder,NICU,145,919,516,128,395,81,13,7,44,2,1,16,7
2026-03-10,00,Deutschland,Kinder,PICU,115,352,196,123,163,47,14,13,41,1,0,19,12
2026-03-11,00,Deutschland,Erwachsene,ERWACHSENE,803,11054,1776,4584,1782,357,107,123,213,2,0,173,76
2026-03-11,00,Deutschland,Kinder,NICU,144,888,509,127,385,80,12,7,45,2,1,15,9
2026-03-11,00,Deutschland,Kinder,PICU,114,351,191,114,163,47,15,13,39,1,0,21,12
2026-03-12,00,Deutschland,Erwachsene,ERWACHSENE,798,11039,1729,4576,1734,358,101,126,210,3,0,173,72
2026-03-12,00,Deutschland,Kinder,NICU,145,897,514,127,380,80,13,6,46,2,1,15,9
2026-03-12,00,Deutschland,Kinder,PICU,115,351,182,112,157,51,13,13,38,1,0,20,11
2026-03-13,00,Deutschland,Erwachsene,ERWACHSENE,801,10923,1833,4586,1788,350,105,130,213,4,1,180,80
2026-03-13,00,Deutschland,Kinder,NICU,143,877,515,122,387,78,14,4,47,2,1,14,8
2026-03-13,00,Deutschland,Kinder,PICU,112,316,181,105,159,50,12,12,38,1,0,18,12
2026-03-14,00,Deutschland,Erwachsene,ERWACHSENE,802,10845,1881,4607,1863,350,103,125,221,4,1,181,72
2026-03-14,00,Deutschland,Kinder,NICU,144,868,518,129,389,78,14,5,47,2,1,15,8
2026-03-14,00,Deutschland,Kinder,PICU,113,328,177,106,155,52,12,11,38,0,0,18,11
2026-03-15,00,Deutschland,Erwachsene,ERWACHSENE,798,10748,1910,4547,1871,348,101,126,220,3,1,183,70
2026-03-15,00,Deutschland,Kinder,NICU,142,875,506,127,382,76,14,5,47,2,1,15,8
2026-03-15,00,Deutschland,Kinder,PICU,112,326,178,106,156,51,12,11,38,0,0,18,11
2026-03-16,00,Deutschland,Erwachsene,ERWACHSENE,797,10684,1981,4534,1880,350,100,124,220,2,0,174,70
2026-03-16,00,Deutschland,Kinder,NICU,143,879,511,133,385,78,12,6,47,1,1,14,9
2026-03-16,00,Deutschland,Kinder,PICU,113,325,181,107,159,50,13,10,40,0,0,18,11
2026-03-17,00,Deutschland,Erwachsene,ERWACHSENE,798,10814,1924,4536,1860,362,96,120,217,3,0,164,70
2026-03-17,00,Deutschland,Kinder,NICU,144,884,520,133,397,79,11,7,47,1,1,14,9
2026-03-17,00,Deutschland,Kinder,PICU,116,329,211,111,179,56,8,10,42,0,0,16,6
2026-03-18,00,Deutschland,Erwachsene,ERWACHSENE,795,10773,1911,4535,1847,357,97,121,217,4,0,171,65
2026-03-18,00,Deutschland,Kinder,NICU,144,906,519,136,399,80,10,8,46,1,1,15,9
2026-03-18,00,Deutschland,Kinder,PICU,116,343,199,111,177,55,10,11,40,0,0,19,7
2026-03-19,00,Deutschland,Erwachsene,ERWACHSENE,791,10763,1895,4513,1838,351,102,118,217,5,0,169,65
2026-03-19,00,Deutschland,Kinder,NICU,144,900,537,138,402,83,10,5,46,1,1,12,7
2026-03-19,00,Deutschland,Kinder,PICU,117,348,198,110,174,56,9,10,42,0,0,18,6
2026-03-20,00,Deutschland,Erwachsene,ERWACHSENE,786,10595,1989,4460,1910,348,100,117,218,6,0,168,62
2026-03-20,00,Deutschland,Kinder,NICU,144,886,542,136,406,84,9,6,45,2,1,12,7
2026-03-20,00,Deutschland,Kinder,PICU,118,348,202,112,174,58,9,9,42,0,0,18,6
2026-03-21,00,Deutschland,Erwachsene,ERWACHSENE,788,10573,2015,4496,1887,359,103,112,211,2,0,174,58
2026-03-21,00,Deutschland,Kinder,NICU,145,885,550,134,409,84,10,5,46,1,1,12,5
2026-03-21,00,Deutschland,Kinder,PICU,120,353,215,111,182,58,9,11,42,1,0,19,7
2026-03-22,00,Deutschland,Erwachsene,ERWACHSENE,787,10339,2143,4493,1983,354,100,117,213,4,0,173,57
2026-03-22,00,Deutschland,Kinder,NICU,147,890,568,134,416,84,10,5,48,1,1,12,5
2026-03-22,00,Deutschland,Kinder,PICU,121,353,227,110,188,57,8,11,45,1,0,18,7
2026-03-23,00,Deutschland,Erwachsene,ERWACHSENE,793,10474,2139,4511,2069,360,98,116,216,3,0,173,56
2026-03-23,00,Deutschland,Kinder,NICU,149,909,568,131,433,84,11,5,49,1,1,13,5
2026-03-23,00,Deutschland,Kinder,PICU,122,357,217,111,179,54,8,15,45,1,0,21,8
2026-03-24,00,Deutschland,Erwachsene,ERWACHSENE,792,10625,2030,4491,1941,364,102,108,215,5,0,171,56
2026-03-24,00,Deutschland,Kinder,NICU,149,907,580,134,419,84,12,5,48,1,1,13,6
2026-03-24,00,Deutschland,Kinder,PICU,118,353,208,109,173,52,9,13,44,1,0,20,8
2026-03-25,00,Deutschland,Erwachsene,ERWACHSENE,792,10704,1994,4529,1937,364,97,111,217,3,0,167,61
2026-03-25,00,Deutschland,Kinder,NICU,149,900,581,134,415,83,13,5,48,1,1,15,5
2026-03-25,00,Deutschland,Kinder,PICU,118,361,200,110,165,52,11,11,44,1,0,21,7
2026-03-26,00,Deutschland,Erwachsene,ERWACHSENE,791,10724,1914,4468,1871,367,101,108,212,5,0,168,62
2026-03-26,00,Deutschland,Kinder,NICU,151,948,554,138,407,82,14,8,47,1,2,18,7
2026-03-26,00,Deutschland,Kinder,PICU,120,366,207,116,165,53,11,12,44,1,0,22,8
2026-03-27,00,Deutschland,Erwachsene,ERWACHSENE,792,10753,1966,4544,1885,357,106,110,216,5,0,171,68
2026-03-27,00,Deutschland,Kinder,NICU,149,937,556,134,404,83,13,7,46,1,2,16,7
2026-03-27,00,Deutschland,Kinder,PICU,118,363,193,113,163,52,13,10,43,1,0,20,9
2026-03-28,00,Deutschland,Erwachsene,ERWACHSENE,790,10647,2040,4559,1916,361,104,106,215,5,0,166,67
2026-03-28,00,Deutschland,Kinder,NICU,148,930,556,137,404,81,12,9,46,2,2,17,9
2026-03-28,00,Deutschland,Kinder,PICU,117,368,183,118,157,53,12,9,43,1,0,20,8
2026-03-29,00,Deutschland,Erwachsene,ERWACHSENE,786,10501,2128,4547,1987,362,95,108,217,6,0,162,67
2026-03-29,00,Deutschland,Kinder,NICU,148,923,562,136,410,81,12,9,46,2,2,17,9
2026-03-29,00,Deutschland,Kinder,PICU,117,354,195,120,158,52,13,9,43,1,0,19,9
2026-03-30,00,Deutschland,Erwachsene,ERWACHSENE,789,10498,2196,4569,2052,363,97,109,216,5,0,163,67
2026-03-30,00,Deutschland,Kinder,NICU,148,920,562,141,415,80,11,10,47,2,2,17,10
2026-03-30,00,Deutschland,Kinder,PICU,117,355,201,111,154,51,14,9,43,1,0,20,9
2026-03-31,00,Deutschland,Erwachsene,ERWACHSENE,789,10659,2072,4555,1927,364,106,105,211,7,0,164,72
2026-03-31,00,Deutschland,Kinder,NICU,147,920,554,138,411,81,10,10,46,2,2,16,9
2026-03-31,00,Deutschland,Kinder,PICU,117,341,217,111,169,52,11,10,44,0,0,18,7
2026-04-01,00,Deutschland,Erwachsene,ERWACHSENE,788,10673,2047,4537,1944,378,92,106,209,8,0,161,63
2026-04-01,00,Deutschland,Kinder,NICU,148,911,566,142,430,84,9,9,46,2,1,13,8
2026-04-01,00,Deutschland,Kinder,PICU,117,363,197,112,159,52,10,11,44,0,0,18,7
2026-04-02,00,Deutschland,Erwachsene,ERWACHSENE,791,10693,2024,4549,1930,377,92,102,217,5,0,149,65
2026-04-02,00,Deutschland,Kinder,NICU,146,887,575,138,433,80,11,9,46,1,1,15,10
2026-04-02,00,Deutschland,Kinder,PICU,115,365,185,110,152,45,14,11,45,1,0,22,8
2026-04-03,00,Deutschland,Erwachsene,ERWACHSENE,787,10576,2075,4505,1935,374,92,101,217,5,0,151,66
2026-04-03,00,Deutschland,Kinder,NICU,144,858,576,132,432,78,13,8,45,2,1,16,10
2026-04-03,00,Deutschland,Kinder,PICU,114,353,191,110,154,47,12,12,43,1,0,22,8
2026-04-04,00,Deutschland,Erwachsene,ERWACHSENE,789,10446,2235,4551,2016,377,93,99,217,4,0,153,61
2026-04-04,00,Deutschland,Kinder,NICU,143,866,561,136,425,74,16,8,45,2,1,19,11
2026-04-04,00,Deutschland,Kinder,PICU,113,335,195,111,166,47,11,14,41,2,0,22,9
2026-04-05,00,Deutschland,Erwachsene,ERWACHSENE,784,10345,2282,4543,2040,377,95,101,208,4,0,154,64
2026-04-05,00,Deutschland,Kinder,NICU,143,866,566,133,428,75,14,10,44,2,1,19,11
2026-04-05,00,Deutschland,Kinder,PICU,112,328,198,108,168,47,12,13,40,1,0,22,9
2026-04-06,00,Deutschland,Erwachsene,ERWACHSENE,782,10344,2234,4536,2035,376,100,99,204,4,0,152,64
2026-04-06,00,Deutschland,Kinder,NICU,145,869,580,133,439,76,12,9,48,2,1,16,10
2026-04-06,00,Deutschland,Kinder,PICU,114,330,205,109,175,48,12,13,41,1,0,23,8
2026-04-07,00,Deutschland,Erwachsene,ERWACHSENE,782,10433,2171,4529,2014,383,90,98,208,3,0,150,56
2026-04-07,00,Deutschland,Kinder,NICU,145,862,581,133,444,77,11,9,48,1,1,15,9
2026-04-07,00,Deutschland,Kinder,PICU,113,322,204,105,169,48,11,13,41,1,0,20,10
2026-04-08,00,Deutschland,Erwachsene,ERWACHSENE,784,10644,2012,4508,1956,382,89,103,207,3,0,152,55
2026-04-08,00,Deutschland,Kinder,NICU,143,868,557,127,425,78,11,8,46,1,1,16,7
2026-04-08,00,Deutschland,Kinder,PICU,114,334,202,103,171,47,13,12,42,1,0,20,11
2026-04-09,00,Deutschland,Erwachsene,ERWACHSENE,775,10592,1958,4513,1907,372,95,103,202,4,0,156,56
2026-04-09,00,Deutschland,Kinder,NICU,143,860,567,133,444,78,10,9,46,2,1,16,8
2026-04-09,00,Deutschland,Kinder,PICU,114,346,191,103,161,46,13,12,43,1,0,20,11
2026-04-10,00,Deutschland,Erwachsene,ERWACHSENE,775,10611,1945,4521,1881,369,96,104,203,3,0,157,63
2026-04-10,00,Deutschland,Kinder,NICU,144,874,563,131,440,78,11,8,47,1,1,16,8
2026-04-10,00,Deutschland,Kinder,PICU,114,356,186,100,141,47,12,12,43,0,0,21,8
2026-04-11,00,Deutschland,Erwachsene,ERWACHSENE,776,10514,2017,4495,1933,360,98,108,207,5,0,165,63
2026-04-11,00,Deutschland,Kinder,NICU,146,892,562,137,442,80,12,7,47,1,1,16,8
2026-04-11,00,Deutschland,Kinder,PICU,115,346,198,105,149,45,13,14,43,0,0,23,10
2026-04-12,00,Deutschland,Erwachsene,ERWACHSENE,781,10435,2120,4507,1952,366,100,106,206,6,0,169,64
2026-04-12,00,Deutschland,Kinder,NICU,147,889,567,137,449,81,12,6,48,1,1,15,8
2026-04-12,00,Deutschland,Kinder,PICU,116,357,195,110,149,46,14,12,44,0,0,22,9
2026-04-13,00,Deutschland,Erwachsene,ERWACHSENE,782,10475,2120,4447,2024,370,99,105,205,5,0,161,67
2026-04-13,00,Deutschland,Kinder,NICU,147,912,545,138,438,81,11,7,48,1,1,15,9
2026-04-13,00,Deutschland,Kinder,PICU,117,343,208,110,162,45,12,15,45,0,0,22,11
2026-04-14,00,Deutschland,Erwachsene,ERWACHSENE,790,10739,1945,4513,1921,366,99,112,210,4,0,166,73
2026-04-14,00,Deutschland,Kinder,NICU,146,899,556,141,431,80,13,5,48,1,1,16,7
2026-04-14,00,Deutschland,Kinder,PICU,115,302,218,106,163,47,12,11,45,0,0,21,6
2026-04-15,00,Deutschland,Erwachsene,ERWACHSENE,789,10785,1887,4516,1865,361,103,112,210,4,0,164,78
2026-04-15,00,Deutschland,Kinder,NICU,146,891,559,143,447,80,12,6,48,1,1,16,7
2026-04-15,00,Deutschland,Kinder,PICU,114,325,203,109,157,50,9,12,43,0,0,20,6
2026-04-16,00,Deutschland,Erwachsene,ERWACHSENE,790,10759,1928,4511,1904,360,103,111,213,5,0,165,78
2026-04-16,00,Deutschland,Kinder,NICU,146,892,555,149,439,80,12,7,47,1,1,17,7
2026-04-16,00,Deutschland,Kinder,PICU,115,325,208,111,168,49,8,15,43,1,0,21,6
2026-04-17,00,Deutschland,Erwachsene,ERWACHSENE,780,10651,1908,4480,1842,358,101,109,209,3,0,163,73
2026-04-17,00,Deutschland,Kinder,NICU,148,913,558,153,449,81,12,8,47,1,1,17,8
2026-04-17,00,Deutschland,Kinder,PICU,117,348,197,115,163,51,8,15,43,0,0,20,7
2026-04-18,00,Deutschland,Erwachsene,ERWACHSENE,781,10584,1922,4478,1855,357,108,102,211,3,0,164,71
2026-04-18,00,Deutschland,Kinder,NICU,146,906,552,149,462,80,12,8,46,1,1,17,8
2026-04-18,00,Deutschland,Kinder,PICU,117,333,206,115,165,54,8,13,42,0,0,19,6
2026-04-19,00,Deutschland,Erwachsene,ERWACHSENE,779,10435,2159,4469,1935,361,104,101,210,3,0,159,71
2026-04-19,00,Deutschland,Kinder,NICU,145,884,556,138,460,79,12,8,46,1,1,17,8
2026-04-19,00,Deutschland,Kinder,PICU,116,328,206,117,168,53,8,13,42,0,0,19,7
2026-04-20,00,Deutschland,Erwachsene,ERWACHSENE,783,10492,2201,4507,2036,370,104,99,207,3,0,158,68
2026-04-20,00,Deutschland,Kinder,NICU,147,890,563,149,457,80,12,8,47,1,1,17,8
2026-04-20,00,Deutschland,Kinder,PICU,118,317,224,123,180,56,8,12,42,0,0,18,6
2026-04-21,00,Deutschland,Erwachsene,ERWACHSENE,783,10585,2039,4478,1937,379,97,100,204,2,0,151,65
2026-04-21,00,Deutschland,Kinder,NICU,146,892,551,146,449,79,11,8,48,1,1,16,8
2026-04-21,00,Deutschland,Kinder,PICU,118,318,223,119,176,55,8,12,43,0,0,18,7
2026-04-22,00,Deutschland,Erwachsene,ERWACHSENE,781,10633,1951,4477,1871,372,103,101,202,3,0,156,65
2026-04-22,00,Deutschland,Kinder,NICU,146,884,558,143,447,78,12,8,48,1,1,16,9
2026-04-22,00,Deutschland,Kinder,PICU,118,334,200,118,174,55,8,12,43,0,0,18,6
2026-04-23,00,Deutschland,Erwachsene,ERWACHSENE,776,10621,1913,4475,1830,371,100,102,200,1,0,154,63
2026-04-23,00,Deutschland,Kinder,NICU,144,887,542,136,441,78,11,7,48,1,1,15,8
2026-04-23,00,Deutschland,Kinder,PICU,118,319,221,119,186,55,8,12,43,0,0,19,5
2026-04-24,00,Deutschland,Erwachsene,ERWACHSENE,778,10555,1996,4503,1917,375,101,101,198,3,0,155,64
2026-04-24,00,Deutschland,Kinder,NICU,143,869,553,134,432,78,12,7,46,1,1,15,9
2026-04-24,00,Deutschland,Kinder,PICU,116,316,217,118,170,52,10,11,43,0,0,19,6
2026-04-25,00,Deutschland,Erwachsene,ERWACHSENE,777,10453,2040,4505,1938,372,103,100,199,5,0,158,59
2026-04-25,00,Deutschland,Kinder,NICU,143,863,558,134,437,78,10,8,47,2,1,15,8
2026-04-25,00,Deutschland,Kinder,PICU,116,313,221,113,170,55,9,11,41,0,0,18,4
2026-04-26,00,Deutschland,Erwachsene,ERWACHSENE,779,10349,2129,4508,1965,373,98,104,201,5,0,155,60
2026-04-26,00,Deutschland,Kinder,NICU,141,850,556,138,430,76,12,7,46,2,1,16,8
2026-04-26,00,Deutschland,Kinder,PICU,114,307,224,110,167,53,9,12,40,0,0,19,7
2026-04-27,00,Deutschland,Erwachsene,ERWACHSENE,777,10315,2171,4488,2028,380,102,95,197,4,0,157,54
2026-04-27,00,Deutschland,Kinder,NICU,141,851,555,129,420,78,12,5,46,2,1,15,7
2026-04-27,00,Deutschland,Kinder,PICU,114,307,223,111,165,51,11,12,40,1,0,20,8
2026-04-28,00,Deutschland,Erwachsene,ERWACHSENE,777,10525,1978,4469,1913,391,89,98,196,6,0,149,54
2026-04-28,00,Deutschland,Kinder,NICU,141,848,566,121,443,79,12,5,45,2,1,14,7
2026-04-28,00,Deutschland,Kinder,PICU,113,293,224,107,172,52,11,10,40,1,0,18,6
2026-04-29,00,Deutschland,Erwachsene,ERWACHSENE,781,10600,1980,4482,1975,386,96,97,199,5,0,154,56
2026-04-29,00,Deutschland,Kinder,NICU,145,904,556,127,439,80,12,7,46,2,1,16,6
2026-04-29,00,Deutschland,Kinder,PICU,116,320,209,114,155,54,11,11,40,1,0,19,7
2026-04-30,00,Deutschland,Erwachsene,ERWACHSENE,785,10623,2003,4473,1970,384,96,100,202,5,0,152,58
2026-04-30,00,Deutschland,Kinder,NICU,145,884,572,123,436,82,11,6,46,2,1,15,6
2026-04-30,00,Deutschland,Kinder,PICU,116,322,207,113,158,53,13,10,40,1,0,20,6
2026-05-01,00,Deutschland,Erwachsene,ERWACHSENE,778,10346,2074,4374,1986,380,88,106,201,4,0,153,57
2026-05-01,00,Deutschland,Kinder,NICU,146,868,606,124,445,84,12,5,45,1,1,15,5
2026-05-01,00,Deutschland,Kinder,PICU,116,313,219,115,168,54,12,10,40,0,0,20,6
2026-05-02,00,Deutschland,Erwachsene,ERWACHSENE,779,10115,2285,4443,2131,380,92,101,203,3,0,156,58
2026-05-02,00,Deutschland,Kinder,NICU,146,870,601,122,444,84,12,5,45,1,1,15,5
2026-05-02,00,Deutschland,Kinder,PICU,116,309,221,116,167,54,12,10,40,0,0,20,7
2026-05-03,00,Deutschland,Erwachsene,ERWACHSENE,777,10037,2331,4429,2155,376,89,105,204,4,1,155,51
2026-05-03,00,Deutschland,Kinder,NICU,146,878,587,123,444,83,13,5,45,1,1,16,5
2026-05-03,00,Deutschland,Kinder,PICU,115,303,216,115,168,53,12,10,40,0,0,20,6
2026-05-04,00,Deutschland,Erwachsene,ERWACHSENE,782,10270,2205,4466,2111,372,91,113,202,4,1,162,59
2026-05-04,00,Deutschland,Kinder,NICU,145,853,591,124,448,81,14,5,45,2,1,16,7
2026-05-04,00,Deutschland,Kinder,PICU,116,318,227,115,173,50,14,12,40,0,0,23,10
2026-05-05,00,Deutschland,Erwachsene,ERWACHSENE,784,10442,2077,4453,1972,379,85,111,204,4,1,155,58
2026-05-05,00,Deutschland,Kinder,NICU,147,888,599,127,454,84,13,5,45,2,1,15,7
2026-05-05,00,Deutschland,Kinder,PICU,118,320,231,111,176,53,14,10,41,0,0,21,11
2026-05-06,00,Deutschland,Erwachsene,ERWACHSENE,785,10550,2038,4456,1974,374,91,112,203,4,1,161,62
2026-05-06,00,Deutschland,Kinder,NICU,145,886,570,127,446,83,12,5,45,2,1,14,7
2026-05-06,00,Deutschland,Kinder,PICU,117,329,222,111,175,54,12,10,41,0,0,20,10
2026-05-07,00,Deutschland,Erwachsene,ERWACHSENE,784,10477,2060,4466,1957,372,90,116,201,3,0,164,61
2026-05-07,00,Deutschland,Kinder,NICU,146,896,567,127,447,83,12,5,46,2,1,13,8
2026-05-07,00,Deutschland,Kinder,PICU,118,329,227,111,184,53,14,10,41,0,0,21,11
2026-05-08,00,Deutschland,Erwachsene,ERWACHSENE,784,10448,2037,4481,1964,373,93,114,199,2,0,162,63
2026-05-08,00,Deutschland,Kinder,NICU,146,888,575,128,446,83,12,5,46,2,1,13,8
2026-05-08,00,Deutschland,Kinder,PICU,118,332,214,119,183,53,14,9,42,0,0,20,9
2026-05-09,00,Deutschland,Erwachsene,ERWACHSENE,784,10371,2096,4465,2017,373,98,108,200,3,0,165,58
2026-05-09,00,Deutschland,Kinder,NICU,148,909,579,129,457,85,11,7,45,3,1,15,8
2026-05-09,00,Deutschland,Kinder,PICU,118,343,202,118,175,54,13,10,41,0,0,20,8
2026-05-10,00,Deutschland,Erwachsene,ERWACHSENE,778,10225,2149,4461,2043,364,100,110,199,5,0,169,57
2026-05-10,00,Deutschland,Kinder,NICU,146,892,587,133,455,83,12,7,44,2,1,16,8
2026-05-10,00,Deutschland,Kinder,PICU,117,324,219,114,176,55,13,10,39,0,0,20,8
2026-05-11,00,Deutschland,Erwachsene,ERWACHSENE,777,10272,2098,4416,2034,357,104,112,199,3,0,169,65
2026-05-11,00,Deutschland,Kinder,NICU,147,880,595,138,469,85,11,7,44,2,1,15,8
2026-05-11,00,Deutschland,Kinder,PICU,118,333,215,114,174,54,13,12,39,0,0,22,10
2026-05-12,00,Deutschland,Erwachsene,ERWACHSENE,778,10413,1983,4415,1911,361,101,110,201,6,0,169,63
2026-05-12,00,Deutschland,Kinder,NICU,148,891,592,144,459,86,11,6,45,1,1,14,6
2026-05-12,00,Deutschland,Kinder,PICU,119,314,234,117,177,54,15,10,40,0,0,22,9
2026-05-13,00,Deutschland,Erwachsene,ERWACHSENE,777,10505,1873,4400,1817,361,96,114,201,5,0,163,66
2026-05-13,00,Deutschland,Kinder,NICU,148,919,571,141,448,84,11,8,45,2,1,16,7
2026-05-13,00,Deutschland,Kinder,PICU,119,323,230,116,166,52,14,14,39,0,0,24,12
2026-05-14,00,Deutschland,Erwachsene,ERWACHSENE,775,10340,1970,4381,1919,363,97,110,200,4,1,165,59
2026-05-14,00,Deutschland,Kinder,NICU,146,931,537,140,434,81,14,6,45,2,1,17,8
2026-05-14,00,Deutschland,Kinder,PICU,118,332,210,114,163,54,12,13,39,0,0,23,9
2026-05-15,00,Deutschland,Erwachsene,ERWACHSENE,768,10082,2161,4360,2069,350,106,107,200,5,1,172,55
2026-05-15,00,Deutschland,Kinder,NICU,145,927,517,136,410,81,13,6,45,2,1,16,8
2026-05-15,00,Deutschland,Kinder,PICU,116,314,210,110,159,54,12,11,39,0,0,21,7
2026-05-16,00,Deutschland,Erwachsene,ERWACHSENE,771,10065,2176,4351,2056,352,102,105,207,4,0,163,55
2026-05-16,00,Deutschland,Kinder,NICU,143,914,510,134,409,80,13,6,44,2,1,15,8
2026-05-16,00,Deutschland,Kinder,PICU,115,301,216,110,164,53,12,12,38,0,0,21,8
2026-05-17,00,Deutschland,Erwachsene,ERWACHSENE,767,9884,2247,4346,2111,347,106,99,210,5,0,166,53
2026-05-17,00,Deutschland,Kinder,NICU,144,916,519,138,412,82,12,6,44,1,1,15,7
2026-05-17,00,Deutschland,Kinder,PICU,115,298,215,116,159,53,12,11,39,0,0,21,7
2026-05-18,00,Deutschland,Erwachsene,ERWACHSENE,770,9978,2231,4378,2110,369,101,94,201,3,0,155,53
2026-05-18,00,Deutschland,Kinder,NICU,145,937,516,138,406,81,14,5,45,2,1,17,6
2026-05-18,00,Deutschland,Kinder,PICU,115,302,208,114,160,51,13,12,39,0,0,22,9
2026-05-19,00,Deutschland,Erwachsene,ERWACHSENE,774,10327,2000,4393,1955,368,96,102,203,3,0,155,62
2026-05-19,00,Deutschland,Kinder,NICU,145,934,525,138,417,80,15,5,45,2,1,17,6
2026-05-19,00,Deutschland,Kinder,PICU,115,302,221,111,166,52,14,11,38,0,0,21,9
2026-05-20,00,Deutschland,Erwachsene,ERWACHSENE,777,10424,1957,4394,1912,363,100,103,206,4,1,161,64
2026-05-20,00,Deutschland,Kinder,NICU,145,906,547,138,424,81,14,5,45,1,1,17,5
2026-05-20,00,Deutschland,Kinder,PICU,115,313,214,107,160,52,12,12,39,0,0,20,9
2026-05-21,00,Deutschland,Erwachsene,ERWACHSENE,776,10347,2023,4337,1936,364,95,104,208,4,1,153,61
2026-05-21,00,Deutschland,Kinder,NICU,143,895,535,129,416,81,13,4,45,1,1,16,5
2026-05-21,00,Deutschland,Kinder,PICU,113,307,210,105,150,52,11,12,38,0,0,20,8
2026-05-22,00,Deutschland,Erwachsene,ERWACHSENE,779,10348,2070,4352,1992,373,96,102,203,3,0,153,58
2026-05-22,00,Deutschland,Kinder,NICU,145,907,550,131,430,81,15,4,45,1,1,18,5
2026-05-22,00,Deutschland,Kinder,PICU,115,313,220,107,159,53,12,12,38,0,0,20,8
2026-05-23,00,Deutschland,Erwachsene,ERWACHSENE,770,10157,2119,4363,2007,361,99,105,200,3,0,154,67
2026-05-23,00,Deutschland,Kinder,NICU,144,914,525,125,416,84,12,5,43,2,1,16,6
2026-05-23,00,Deutschland,Kinder,PICU,115,312,220,106,167,53,13,11,38,0,0,20,8
2026-05-24,00,Deutschland,Erwachsene,ERWACHSENE,771,10085,2207,4389,2059,366,93,109,198,3,0,155,65
2026-05-24,00,Deutschland,Kinder,NICU,145,907,539,124,419,85,12,5,43,2,1,16,6
2026-05-24,00,Deutschland,Kinder,PICU,116,303,226,103,163,54,14,10,38,0,0,21,7
2026-05-25,00,Deutschland,Erwachsene,ERWACHSENE,771,10017,2236,4385,2060,371,87,105,203,4,0,152,59
2026-05-25,00,Deutschland,Kinder,NICU,145,916,534,132,409,84,13,5,43,2,1,17,6
2026-05-25,00,Deutschland,Kinder,PICU,116,301,229,105,165,55,13,10,38,0,0,20,6
2026-05-26,00,Deutschland,Erwachsene,ERWACHSENE,775,10191,2225,4429,2068,372,91,101,206,4,0,160,53
2026-05-26,00,Deutschland,Kinder,NICU,146,948,519,131,403,86,10,6,44,2,1,15,6
2026-05-26,00,Deutschland,Kinder,PICU,116,299,230,107,173,57,11,10,38,0,0,20,5
2026-05-27,00,Deutschland,Erwachsene,ERWACHSENE,772,10414,2005,4426,1943,378,91,98,200,4,0,157,51
2026-05-27,00,Deutschland,Kinder,NICU,147,962,513,132,402,85,10,7,45,2,1,16,7
2026-05-27,00,Deutschland,Kinder,PICU,118,323,227,104,173,57,11,11,39,0,0,21,6
2026-05-28,00,Deutschland,Erwachsene,ERWACHSENE,766,10322,1991,4371,1883,381,95,87,198,3,0,146,47
2026-05-28,00,Deutschland,Kinder,NICU,147,963,509,133,392,83,12,7,45,2,1,18,7
2026-05-28,00,Deutschland,Kinder,PICU,118,342,211,105,162,57,11,11,39,0,0,21,6
2026-05-29,00,Deutschland,Erwachsene,ERWACHSENE,763,10243,2001,4368,1921,369,99,90,200,3,0,147,53
2026-05-29,00,Deutschland,Kinder,NICU,146,942,528,130,402,84,10,7,45,3,2,16,6
2026-05-29,00,Deutschland,Kinder,PICU,118,347,205,107,164,56,11,12,39,0,0,22,6
2026-05-30,00,Deutschland,Erwachsene,ERWACHSENE,768,10177,2043,4398,1927,373,95,89,206,3,0,150,48
2026-05-30,00,Deutschland,Kinder,NICU,147,955,524,132,405,85,11,6,45,2,2,15,6
2026-05-30,00,Deutschland,Kinder,PICU,118,327,219,110,175,55,12,12,39,0,0,22,7
2026-05-31,00,Deutschland,Erwachsene,ERWACHSENE,767,10074,2133,4453,2017,375,95,90,202,3,0,149,48
2026-05-31,00,Deutschland,Kinder,NICU,145,946,510,128,394,82,13,6,44,3,2,17,7
2026-05-31,00,Deutschland,Kinder,PICU,116,311,220,106,176,52,11,14,39,1,0,22,9
2026-06-01,00,Deutschland,Erwachsene,ERWACHSENE,768,10113,2186,4425,2029,390,78,94,201,3,0,132,50
2026-06-01,00,Deutschland,Kinder,NICU,145,936,518,128,405,84,11,6,44,2,1,15,7
2026-06-01,00,Deutschland,Kinder,PICU,116,317,218,106,180,53,12,12,39,1,0,19,9
2026-06-02,00,Deutschland,Erwachsene,ERWACHSENE,767,10418,1930,4409,1878,385,76,99,202,3,0,132,51
2026-06-02,00,Deutschland,Kinder,NICU,145,932,522,129,404,84,12,5,44,4,1,15,7
2026-06-02,00,Deutschland,Kinder,PICU,116,303,231,103,176,55,13,9,39,2,0,19,7
2026-06-03,00,Deutschland,Erwachsene,ERWACHSENE,767,10447,1902,4381,1844,379,74,103,206,5,0,134,50
2026-06-03,00,Deutschland,Kinder,NICU,145,933,521,129,410,84,12,6,43,4,1,16,8
2026-06-03,00,Deutschland,Kinder,PICU,116,327,205,101,164,56,12,9,39,2,0,18,7
2026-06-04,00,Deutschland,Erwachsene,ERWACHSENE,770,10344,2036,4381,1925,369,81,104,211,5,0,139,59
2026-06-04,00,Deutschland,Kinder,NICU,145,927,525,130,407,84,13,5,43,4,1,16,8
2026-06-04,00,Deutschland,Kinder,PICU,115,301,222,103,176,56,11,9,39,2,0,17,6
2026-06-05,00,Deutschland,Erwachsene,ERWACHSENE,771,10254,2139,4390,2025,379,81,98,208,4,0,136,59
2026-06-05,00,Deutschland,Kinder,NICU,144,932,513,132,406,82,14,5,43,4,1,17,8
2026-06-05,00,Deutschland,Kinder,PICU,115,298,224,103,173,54,12,10,39,2,0,19,8
2026-06-06,00,Deutschland,Erwachsene,ERWACHSENE,776,10205,2167,4423,2068,383,80,101,207,4,0,137,57
2026-06-06,00,Deutschland,Kinder,NICU,144,926,519,131,398,81,15,5,43,4,1,18,9
2026-06-06,00,Deutschland,Kinder,PICU,115,293,221,104,173,54,13,9,39,2,0,19,7
2026-06-07,00,Deutschland,Erwachsene,ERWACHSENE,772,9999,2273,4416,2087,382,81,98,206,4,0,138,56
2026-06-07,00,Deutschland,Kinder,NICU,145,936,507,133,384,80,17,5,43,4,1,20,9
2026-06-07,00,Deutschland,Kinder,PICU,115,298,215,106,171,53,13,10,39,2,0,20,8
2026-06-08,00,Deutschland,Erwachsene,ERWACHSENE,772,10021,2261,4444,2147,384,79,98,206,4,0,134,61
2026-06-08,00,Deutschland,Kinder,NICU,145,927,517,133,385,80,17,5,43,5,1,19,8
2026-06-08,00,Deutschland,Kinder,PICU,115,285,225,106,173,54,12,10,39,2,0,20,7
2026-06-09,00,Deutschland,Erwachsene,ERWACHSENE,774,10256,2151,4411,2082,380,79,98,212,4,0,131,64
2026-06-09,00,Deutschland,Kinder,NICU,147,947,513,133,378,82,15,7,43,6,1,18,8
2026-06-09,00,Deutschland,Kinder,PICU,116,298,238,108,186,53,13,11,39,2,0,22,8
2026-06-10,00,Deutschland,Erwachsene,ERWACHSENE,775,10329,2102,4398,2064,379,81,100,210,5,0,137,61
2026-06-10,00,Deutschland,Kinder,NICU,145,933,523,127,380,81,15,5,44,5,1,17,8
2026-06-10,00,Deutschland,Kinder,PICU,116,313,221,107,174,51,12,12,41,2,0,22,9
2026-06-11,00,Deutschland,Erwachsene,ERWACHSENE,772,10317,2081,4398,2046,379,80,99,208,4,0,135,60
2026-06-11,00,Deutschland,Kinder,NICU,144,915,511,136,389,81,14,6,43,5,1,17,8
2026-06-11,00,Deutschland,Kinder,PICU,114,321,204,107,167,50,13,12,39,2,0,23,9
2026-06-12,00,Deutschland,Erwachsene,ERWACHSENE,765,10160,2159,4384,2099,381,90,82,204,3,0,126,62
2026-06-12,00,Deutschland,Kinder,NICU,141,890,509,137,394,78,15,5,43,5,1,17,7
2026-06-12,00,Deutschland,Kinder,PICU,112,301,210,105,159,47,13,13,39,2,0,24,9
2026-06-13,00,Deutschland,Erwachsene,ERWACHSENE,764,10016,2235,4362,2125,370,96,86,205,2,0,136,57
2026-06-13,00,Deutschland,Kinder,NICU,142,910,516,138,393,80,15,4,43,4,1,17,7
2026-06-13,00,Deutschland,Kinder,PICU,113,294,221,107,169,46,12,14,41,2,0,24,9
2026-06-14,00,Deutschland,Erwachsene,ERWACHSENE,763,9828,2383,4381,2218,375,97,76,208,3,0,132,49
2026-06-14,00,Deutschland,Kinder,NICU,142,896,523,137,402,79,16,4,43,5,1,17,7
2026-06-14,00,Deutschland,Kinder,PICU,114,298,222,106,171,47,13,14,40,1,0,24,9
2026-06-15,00,Deutschland,Erwachsene,ERWACHSENE,765,9969,2328,4365,2199,380,93,77,208,3,0,131,48
2026-06-15,00,Deutschland,Kinder,NICU,142,887,524,133,400,77,16,6,43,5,1,18,10
2026-06-15,00,Deutschland,Kinder,PICU,113,301,210,105,166,48,12,13,40,1,0,22,9
2026-06-16,00,Deutschland,Erwachsene,ERWACHSENE,765,10191,2164,4404,2079,382,92,80,204,5,0,134,53
2026-06-16,00,Deutschland,Kinder,NICU,144,902,530,140,409,80,14,6,44,4,1,17,7
2026-06-16,00,Deutschland,Kinder,PICU,114,309,211,114,165,46,12,13,43,0,0,22,8
2026-06-17,00,Deutschland,Erwachsene,ERWACHSENE,765,10252,2126,4420,2026,383,92,83,200,5,0,135,56
2026-06-17,00,Deutschland,Kinder,NICU,143,891,533,141,403,82,11,7,43,3,1,16,6
2026-06-17,00,Deutschland,Kinder,PICU,114,316,213,111,170,49,10,13,42,0,0,20,8
2026-06-18,00,Deutschland,Erwachsene,ERWACHSENE,767,10340,2067,4403,2009,380,86,90,204,3,0,139,57
2026-06-18,00,Deutschland,Kinder,NICU,143,906,520,136,408,81,13,6,43,4,1,17,6
2026-06-18,00,Deutschland,Kinder,PICU,114,324,208,107,164,47,13,12,42,0,0,21,9
2026-06-19,00,Deutschland,Erwachsene,ERWACHSENE,763,10395,1962,4396,1937,368,93,93,202,3,0,141,63
2026-06-19,00,Deutschland,Kinder,NICU,143,911,508,136,391,81,13,6,43,4,1,17,6
2026-06-19,00,Deutschland,Kinder,PICU,114,320,211,107,165,49,12,11,42,0,0,19,7
2026-06-20,00,Deutschland,Erwachsene,ERWACHSENE,768,10277,2072,4414,1969,369,95,92,204,3,0,139,66
2026-06-20,00,Deutschland,Kinder,NICU,142,889,510,140,387,81,13,5,43,3,1,16,5
2026-06-20,00,Deutschland,Kinder,PICU,113,308,218,110,166,51,11,10,41,0,0,18,5
2026-06-21,00,Deutschland,Erwachsene,ERWACHSENE,764,10146,2135,4374,1952,369,91,95,202,4,0,145,61
2026-06-21,00,Deutschland,Kinder,NICU,141,904,484,134,376,79,14,5,43,2,1,16,7
2026-06-21,00,Deutschland,Kinder,PICU,112,309,223,112,167,48,11,11,42,0,0,18,5
2026-06-22,00,Deutschland,Erwachsene,ERWACHSENE,769,10169,2181,4398,2034,387,83,93,199,3,0,137,58
2026-06-22,00,Deutschland,Kinder,NICU,141,887,481,133,376,80,13,6,42,2,1,16,6
2026-06-22,00,Deutschland,Kinder,PICU,113,310,218,105,161,50,11,12,40,1,0,19,5
2026-06-23,00,Deutschland,Erwachsene,ERWACHSENE,769,10373,2024,4379,1944,379,83,96,204,2,0,139,59
2026-06-23,00,Deutschland,Kinder,NICU,141,899,481,135,383,79,14,5,43,2,1,16,7
2026-06-23,00,Deutschland,Kinder,PICU,113,310,223,108,165,50,13,10,40,1,0,20,5
2026-06-24,00,Deutschland,Erwachsene,ERWACHSENE,766,10396,1962,4376,1917,382,79,94,204,3,0,133,61
2026-06-24,00,Deutschland,Kinder,NICU,141,890,488,127,382,77,16,4,44,2,1,14,10
2026-06-24,00,Deutschland,Kinder,PICU,113,328,202,109,151,48,13,12,40,1,0,19,8
2026-06-25,00,Deutschland,Erwachsene,ERWACHSENE,768,10480,1944,4406,1892,385,87,88,201,3,0,129,59
2026-06-25,00,Deutschland,Kinder,NICU,141,903,484,125,386,79,13,5,44,2,1,14,9
2026-06-25,00,Deutschland,Kinder,PICU,113,313,216,107,163,48,13,11,41,1,0,19,8
2026-06-26,00,Deutschland,Erwachsene,ERWACHSENE,765,10469,1903,4392,1848,378,82,96,202,4,0,134,66
2026-06-26,00,Deutschland,Kinder,NICU,142,900,492,131,386,79,13,6,44,2,1,16,8
2026-06-26,00,Deutschland,Kinder,PICU,113,316,215,108,154,46,12,14,41,1,0,20,10
2026-06-27,00,Deutschland,Erwachsene,ERWACHSENE,762,10391,1874,4403,1836,366,81,107,201,4,0,141,67
2026-06-27,00,Deutschland,Kinder,NICU,142,913,482,137,391,76,16,6,44,3,1,19,9
2026-06-27,00,Deutschland,Kinder,PICU,113,315,206,107,156,46,14,13,40,1,0,20,10
2026-06-28,00,Deutschland,Erwachsene,ERWACHSENE,759,10398,1816,4378,1788,355,83,107,207,4,0,147,67
2026-06-28,00,Deutschland,Kinder,NICU,142,918,483,143,400,74,17,6,45,3,1,19,11
2026-06-28,00,Deutschland,Kinder,PICU,113,319,200,107,151,46,15,13,39,1,0,21,13
2026-06-29,00,Deutschland,Erwachsene,ERWACHSENE,766,10661,1706,4375,1704,348,90,111,210,6,0,152,74
2026-06-29,00,Deutschland,Kinder,NICU,142,938,465,141,381,74,15,8,45,3,1,19,12
2026-06-29,00,Deutschland,Kinder,PICU,114,334,196,112,155,47,15,13,39,2,0,20,12
2026-06-30,00,Deutschland,Erwachsene,ERWACHSENE,764,10758,1616,4323,1613,342,95,116,204,6,1,158,80
2026-06-30,00,Deutschland,Kinder,NICU,143,928,491,136,385,75,14,8,46,3,1,17,11
2026-06-30,00,Deutschland,Kinder,PICU,116,344,196,116,158,47,16,13,40,2,0,20,13
2026-07-01,00,Deutschland,Erwachsene,ERWACHSENE,765,10822,1608,4346,1636,354,92,106,206,5,1,154,73
2026-07-01,00,Deutschland,Kinder,NICU,144,931,508,138,393,77,14,7,46,3,1,17,9
2026-07-01,00,Deutschland,Kinder,PICU,117,344,205,112,169,53,13,11,40,1,0,17,9
2026-07-02,00,Deutschland,Erwachsene,ERWACHSENE,764,10735,1696,4340,1706,358,89,105,205,4,1,152,69
2026-07-02,00,Deutschland,Kinder,NICU,145,931,514,145,401,78,14,7,46,3,1,19,8
2026-07-02,00,Deutschland,Kinder,PICU,117,358,193,109,155,54,10,13,40,1,0,18,8
2026-07-03,00,Deutschland,Erwachsene,ERWACHSENE,759,10602,1622,4384,1653,336,94,117,205,4,1,157,83
2026-07-03,00,Deutschland,Kinder,NICU,145,920,524,145,402,79,13,7,46,3,1,18,8
2026-07-03,00,Deutschland,Kinder,PICU,117,357,198,112,158,54,10,12,41,1,0,17,8
2026-07-04,00,Deutschland,Erwachsene,ERWACHSENE,761,10409,1792,4391,1719,347,81,117,208,4,1,151,74
2026-07-04,00,Deutschland,Kinder,NICU,145,907,529,148,404,80,13,6,46,3,1,17,7
2026-07-04,00,Deutschland,Kinder,PICU,117,352,200,110,159,53,11,11,42,1,0,16,8
2026-07-05,00,Deutschland,Erwachsene,ERWACHSENE,763,10263,1912,4412,1838,345,86,112,213,5,1,152,65
2026-07-05,00,Deutschland,Kinder,NICU,145,907,531,145,408,81,11,7,46,3,1,14,8
2026-07-05,00,Deutschland,Kinder,PICU,116,337,210,109,169,51,10,12,43,1,0,17,7
2026-07-06,00,Deutschland,Erwachsene,ERWACHSENE,765,10221,2051,4442,1974,350,89,110,209,5,0,152,62
2026-07-06,00,Deutschland,Kinder,NICU,144,921,499,143,378,79,12,7,46,2,1,16,9
2026-07-06,00,Deutschland,Kinder,PICU,115,323,207,106,165,48,9,15,43,1,0,18,8
2026-07-07,00,Deutschland,Erwachsene,ERWACHSENE,765,10416,1918,4433,1863,363,90,101,204,4,0,144,59
2026-07-07,00,Deutschland,Kinder,NICU,144,915,508,144,393,79,12,7,46,2,1,17,8
2026-07-07,00,Deutschland,Kinder,PICU,114,316,194,105,161,50,10,13,41,0,0,17,8
2026-07-08,00,Deutschland,Erwachsene,ERWACHSENE,763,10428,2037,4403,1973,375,85,98,198,3,0,142,54
2026-07-08,00,Deutschland,Kinder,NICU,142,895,496,146,386,79,12,6,45,3,1,15,8
2026-07-08,00,Deutschland,Kinder,PICU,113,327,196,104,162,51,8,16,38,0,0,17,10
2026-07-09,00,Deutschland,Erwachsene,ERWACHSENE,759,10410,1959,4447,1911,369,85,100,198,4,0,141,60
2026-07-09,00,Deutschland,Kinder,NICU,142,889,506,144,379,81,10,6,45,3,1,13,8
2026-07-09,00,Deutschland,Kinder,PICU,113,313,208,107,162,51,8,16,38,0,0,17,10
2026-07-10,00,Deutschland,Erwachsene,ERWACHSENE,760,10350,2003,4443,1952,368,85,106,194,3,0,140,64
2026-07-10,00,Deutschland,Kinder,NICU,141,892,493,143,365,80,11,5,45,3,1,13,7
2026-07-10,00,Deutschland,Kinder,PICU,111,322,191,104,153,49,8,16,38,0,0,17,10
2026-07-11,00,Deutschland,Erwachsene,ERWACHSENE,760,10142,2193,4414,2034,367,88,101,198,4,0,140,59
2026-07-11,00,Deutschland,Kinder,NICU,143,910,514,136,378,82,12,6,43,4,1,13,9
2026-07-11,00,Deutschland,Kinder,PICU,114,313,201,106,159,50,7,17,40,0,0,18,8
2026-07-12,00,Deutschland,Erwachsene,ERWACHSENE,752,9971,2227,4403,2092,371,87,90,197,4,0,133,52
2026-07-12,00,Deutschland,Kinder,NICU,144,906,523,139,386,81,15,5,43,4,1,14,9
2026-07-12,00,Deutschland,Kinder,PICU,114,305,209,109,166,50,7,17,40,0,0,19,7
2026-07-13,00,Deutschland,Erwachsene,ERWACHSENE,754,9981,2248,4431,2129,380,81,91,195,4,0,124,56
2026-07-13,00,Deutschland,Kinder,NICU,145,902,529,142,381,81,16,5,43,6,1,16,10
2026-07-13,00,Deutschland,Kinder,PICU,116,318,206,106,156,50,7,19,40,0,0,20,9
2026-07-14,00,Deutschland,Erwachsene,ERWACHSENE,756,10230,2147,4421,2078,379,83,89,198,4,0,129,56
2026-07-14,00,Deutschland,Kinder,NICU,144,902,523,137,373,80,15,5,44,5,1,14,10
2026-07-14,00,Deutschland,Kinder,PICU,114,302,209,103,154,50,7,17,40,0,0,19,8
2026-07-15,00,Deutschland,Erwachsene,ERWACHSENE,757,10358,2054,4431,2048,375,87,92,196,4,0,134,57
2026-07-15,00,Deutschland,Kinder,NICU,142,921,489,143,343,78,16,5,43,6,1,15,10
2026-07-15,00,Deutschland,Kinder,PICU,112,283,213,111,163,47,8,16,41,0,0,18,7
2026-07-16,00,Deutschland,Erwachsene,ERWACHSENE,755,10351,2007,4408,1997,372,86,94,196,5,0,133,61
2026-07-16,00,Deutschland,Kinder,NICU,141,904,500,127,340,81,16,4,40,6,1,15,9
2026-07-16,00,Deutschland,Kinder,PICU,112,298,196,98,159,50,9,14,39,0,0,17,7
2026-07-17,00,Deutschland,Erwachsene,ERWACHSENE,749,10287,1994,4354,2012,367,90,88,197,5,0,133,58
2026-07-17,00,Deutschland,Kinder,NICU,141,909,499,127,345,80,15,4,42,5,1,14,9
2026-07-17,00,Deutschland,Kinder,PICU,111,301,195,103,147,49,9,13,40,0,0,18,7
2026-07-18,00,Deutschland,Erwachsene,ERWACHSENE,751,10180,2092,4348,2053,364,85,92,203,6,0,129,64
2026-07-18,00,Deutschland,Kinder,NICU,142,941,479,127,364,81,15,4,42,5,1,13,9
2026-07-18,00,Deutschland,Kinder,PICU,112,285,205,100,157,51,10,12,39,0,0,18,6
2026-07-19,00,Deutschland,Erwachsene,ERWACHSENE,752,9970,2229,4354,2125,362,89,85,209,6,0,129,58
2026-07-19,00,Deutschland,Kinder,NICU,142,926,484,131,363,80,16,4,42,5,1,14,10
2026-07-19,00,Deutschland,Kinder,PICU,112,298,200,106,162,50,11,10,41,0,0,17,6
2026-07-20,00,Deutschland,Erwachsene,ERWACHSENE,754,9957,2356,4391,2223,360,87,87,213,6,0,131,58
2026-07-20,00,Deutschland,Kinder,NICU,141,928,475,131,356,76,17,6,42,3,1,16,11
2026-07-20,00,Deutschland,Kinder,PICU,111,295,200,99,161,49,10,12,40,0,0,18,7
2026-07-21,00,Deutschland,Erwachsene,ERWACHSENE,756,10158,2262,4379,2176,356,87,88,218,5,0,138,59
2026-07-21,00,Deutschland,Kinder,NICU,143,934,491,127,378,80,15,7,41,2,1,18,11
2026-07-21,00,Deutschland,Kinder,PICU,113,303,196,105,158,52,10,13,38,0,0,18,7
2026-07-22,00,Deutschland,Erwachsene,ERWACHSENE,755,10204,2195,4372,2166,357,89,81,223,5,0,135,55
2026-07-22,00,Deutschland,Kinder,NICU,142,936,477,126,380,79,14,8,41,2,1,18,12
2026-07-22,00,Deutschland,Kinder,PICU,112,297,197,105,162,50,11,13,38,0,0,18,8
2026-07-23,00,Deutschland,Erwachsene,ERWACHSENE,753,10138,2241,4384,2176,365,82,81,218,4,0,135,46
2026-07-23,00,Deutschland,Kinder,NICU,143,941,487,126,398,79,15,7,42,2,1,17,12
2026-07-23,00,Deutschland,Kinder,PICU,113,314,203,105,160,49,13,13,38,0,0,21,7
2026-07-24,00,Deutschland,Erwachsene,ERWACHSENE,748,10013,2277,4336,2188,360,76,89,218,5,0,136,47
2026-07-24,00,Deutschland,Kinder,NICU,143,922,501,123,412,75,18,7,43,2,1,20,13
2026-07-24,00,Deutschland,Kinder,PICU,112,301,214,101,166,48,14,13,37,0,0,22,8
2026-07-25,00,Deutschland,Erwachsene,ERWACHSENE,748,9958,2245,4320,2174,350,83,90,219,5,0,139,51
2026-07-25,00,Deutschland,Kinder,NICU,144,925,508,125,420,78,16,7,43,2,1,18,12
2026-07-25,00,Deutschland,Kinder,PICU,114,306,209,102,158,48,15,13,38,0,0,21,9
2026-07-26,00,Deutschland,Erwachsene,ERWACHSENE,749,9869,2315,4364,2245,354,79,92,216,5,0,137,51
2026-07-26,00,Deutschland,Kinder,NICU,143,933,493,124,406,79,14,8,42,2,1,17,11
2026-07-26,00,Deutschland,Kinder,PICU,112,288,219,103,164,49,14,12,37,0,0,21,7
2026-07-27,00,Deutschland,Erwachsene,ERWACHSENE,758,9987,2348,4398,2291,362,82,91,218,4,0,137,54
2026-07-27,00,Deutschland,Kinder,NICU,142,932,479,128,407,80,12,7,43,2,1,14,11
2026-07-27,00,Deutschland,Kinder,PICU,110,278,221,99,162,49,16,10,35,0,0,21,11
2026-07-28,00,Deutschland,Erwachsene,ERWACHSENE,761,10166,2244,4402,2235,361,82,92,221,4,0,137,50
2026-07-28,00,Deutschland,Kinder,NICU,142,938,477,132,393,75,14,9,44,2,1,17,11
2026-07-28,00,Deutschland,Kinder,PICU,111,295,214,99,153,47,15,13,36,0,0,22,11
2026-07-29,00,Deutschland,Erwachsene,ERWACHSENE,765,10277,2217,4430,2169,370,74,97,218,4,0,134,50
2026-07-29,00,Deutschland,Kinder,NICU,142,948,460,131,372,75,15,10,42,2,1,19,12
2026-07-29,00,Deutschland,Kinder,PICU,113,298,220,101,172,51,13,13,36,0,0,20,9
2026-07-30,00,Deutschland,Erwachsene,ERWACHSENE,764,10252,2263,4430,2221,368,75,98,216,4,0,137,54
2026-07-30,00,Deutschland,Kinder,NICU,143,937,491,143,398,75,14,11,43,2,1,19,14
2026-07-30,00,Deutschland,Kinder,PICU,113,270,230,105,181,52,12,12,37,0,0,18,9
2026-07-31,00,Deutschland,Erwachsene,ERWACHSENE,760,10243,2195,4428,2141,369,73,94,217,6,0,136,50
2026-07-31,00,Deutschland,Kinder,NICU,143,933,490,141,406,76,15,9,43,1,1,17,13
2026-07-31,00,Deutschland,Kinder,PICU,113,279,221,112,172,52,12,12,37,0,0,17,9
2026-08-01,00,Deutschland,Erwachsene,ERWACHSENE,758,10145,2235,4424,2164,375,72,91,213,6,0,132,50
2026-08-01,00,Deutschland,Kinder,NICU,143,918,496,135,400,76,17,8,42,1,1,18,13
2026-08-01,00,Deutschland,Kinder,PICU,112,288,207,114,162,52,12,13,35,0,0,18,9
2026-08-02,00,Deutschland,Erwachsene,ERWACHSENE,754,9934,2303,4365,2227,375,73,90,209,6,0,132,47
2026-08-02,00,Deutschland,Kinder,NICU,142,898,496,135,406,75,17,7,43,0,1,18,12
2026-08-02,00,Deutschland,Kinder,PICU,111,278,210,112,168,50,12,13,36,0,0,19,8
2026-08-03,00,Deutschland,Erwachsene,ERWACHSENE,756,9985,2262,4411,2194,386,76,86,203,5,0,128,52
2026-08-03,00,Deutschland,Kinder,NICU,141,911,478,135,394,75,14,9,43,1,1,18,13
2026-08-03,00,Deutschland,Kinder,PICU,110,269,211,115,170,49,12,12,37,0,0,18,9
2026-08-04,00,Deutschland,Erwachsene,ERWACHSENE,753,10056,2224,4406,2153,387,83,79,199,6,0,127,51
2026-08-04,00,Deutschland,Kinder,NICU,142,914,505,134,408,76,14,8,44,1,1,17,13
2026-08-04,00,Deutschland,Kinder,PICU,111,267,216,110,172,51,12,11,37,0,0,17,9
2026-08-05,00,Deutschland,Erwachsene,ERWACHSENE,752,10037,2232,4367,2174,395,80,72,198,5,0,118,43
2026-08-05,00,Deutschland,Kinder,NICU,142,920,509,139,409,76,13,8,45,2,1,17,13
2026-08-05,00,Deutschland,Kinder,PICU,110,277,214,111,174,51,12,11,36,1,0,17,8
2026-08-06,00,Deutschland,Erwachsene,ERWACHSENE,752,10121,2153,4369,2083,378,85,81,201,4,0,125,53
2026-08-06,00,Deutschland,Kinder,NICU,143,925,511,137,409,76,13,8,46,1,1,16,12
2026-08-06,00,Deutschland,Kinder,PICU,112,277,227,112,189,51,12,12,37,1,0,18,9
2026-08-07,00,Deutschland,Erwachsene,ERWACHSENE,745,10079,2124,4367,2053,377,84,82,195,5,0,130,53
2026-08-07,00,Deutschland,Kinder,NICU,143,912,522,137,416,76,14,7,46,1,1,15,11
2026-08-07,00,Deutschland,Kinder,PICU,112,289,211,112,183,51,13,12,36,1,0,18,10
2026-08-08,00,Deutschland,Erwachsene,ERWACHSENE,747,9896,2201,4323,2118,378,81,83,197,5,0,131,41
2026-08-08,00,Deutschland,Kinder,NICU,142,892,531,135,415,76,15,6,45,1,1,15,11
2026-08-08,00,Deutschland,Kinder,PICU,111,273,224,111,184,53,13,10,35,1,0,18,8
2026-08-09,00,Deutschland,Erwachsene,ERWACHSENE,747,9734,2348,4287,2216,368,87,85,199,7,0,136,48
2026-08-09,00,Deutschland,Kinder,NICU,140,860,545,129,422,74,16,7,43,1,1,17,10
2026-08-09,00,Deutschland,Kinder,PICU,110,268,223,108,181,53,13,11,33,1,0,19,8
2026-08-10,00,Deutschland,Erwachsene,ERWACHSENE,748,9850,2363,4363,2275,385,73,82,201,6,0,125,40
2026-08-10,00,Deutschland,Kinder,NICU,142,862,552,132,424,78,14,7,43,1,1,16,11
2026-08-10,00,Deutschland,Kinder,PICU,110,268,215,104,168,56,11,10,33,1,0,16,5
2026-08-11,00,Deutschland,Erwachsene,ERWACHSENE,751,10066,2216,4359,2128,381,80,79,204,6,0,128,43
2026-08-11,00,Deutschland,Kinder,NICU,143,894,536,139,411,79,13,7,44,1,1,15,11
2026-08-11,00,Deutschland,Kinder,PICU,111,282,205,107,165,55,10,12,34,1,0,15,6
2026-08-12,00,Deutschland,Erwachsene,ERWACHSENE,752,10140,2160,4390,2108,381,77,86,201,5,0,127,44
2026-08-12,00,Deutschland,Kinder,NICU,144,918,517,137,400,82,13,6,43,1,1,14,11
2026-08-12,00,Deutschland,Kinder,PICU,113,283,217,108,178,56,12,11,34,1,0,15,8
2026-08-13,00,Deutschland,Erwachsene,ERWACHSENE,745,9968,2226,4365,2140,373,83,83,199,6,0,129,48
2026-08-13,00,Deutschland,Kinder,NICU,143,893,524,137,417,83,12,7,41,1,1,14,11
2026-08-13,00,Deutschland,Kinder,PICU,112,284,206,103,171,58,11,11,32,1,0,15,7
2026-08-14,00,Deutschland,Erwachsene,ERWACHSENE,741,9925,2183,4368,2101,371,87,78,198,6,0,129,47
2026-08-14,00,Deutschland,Kinder,NICU,144,909,526,140,412,85,9,7,43,2,1,13,8
2026-08-14,00,Deutschland,Kinder,PICU,113,269,222,103,191,58,8,12,35,0,0,15,5
2026-08-15,00,Deutschland,Erwachsene,ERWACHSENE,746,9844,2234,4338,2149,369,91,77,201,6,0,134,48
2026-08-15,00,Deutschland,Kinder,NICU,144,888,542,145,420,86,10,6,42,2,1,14,8
2026-08-15,00,Deutschland,Kinder,PICU,114,271,221,107,184,61,8,10,35,0,0,15,3
2026-08-16,00,Deutschland,Erwachsene,ERWACHSENE,743,9711,2353,4321,2205,366,93,74,202,6,0,130,47
2026-08-16,00,Deutschland,Kinder,NICU,144,894,540,145,425,86,10,6,42,2,1,14,8
2026-08-16,00,Deutschland,Kinder,PICU,114,265,226,108,191,60,9,10,35,0,0,15,4
2026-08-17,00,Deutschland,Erwachsene,ERWACHSENE,742,9724,2342,4276,2236,365,82,86,202,6,0,131,51
2026-08-17,00,Deutschland,Kinder,NICU,142,881,523,144,392,84,10,7,41,2,1,13,8
2026-08-17,00,Deutschland,Kinder,PICU,112,260,228,102,187,59,8,9,36,0,0,13,3
2026-08-18,00,Deutschland,Erwachsene,ERWACHSENE,743,9793,2304,4277,2248,369,82,84,201,5,0,130,47
2026-08-18,00,Deutschland,Kinder,NICU,143,861,546,143,417,86,11,5,41,2,1,14,8
2026-08-18,00,Deutschland,Kinder,PICU,113,277,211,102,175,57,9,12,35,1,0,16,6
2026-08-19,00,Deutschland,Erwachsene,ERWACHSENE,742,9870,2254,4287,2173,362,87,85,201,6,0,135,53
2026-08-19,00,Deutschland,Kinder,NICU,143,865,547,141,417,85,10,7,41,2,1,15,9
2026-08-19,00,Deutschland,Kinder,PICU,113,283,202,104,167,57,8,12,36,1,0,16,6
2026-08-20,00,Deutschland,Erwachsene,ERWACHSENE,745,9847,2281,4266,2210,363,86,84,205,4,0,141,41
2026-08-20,00,Deutschland,Kinder,NICU,145,887,541,143,407,85,11,5,44,2,1,14,7
2026-08-20,00,Deutschland,Kinder,PICU,114,288,201,101,168,57,7,12,38,1,0,15,6
2026-08-21,00,Deutschland,Erwachsene,ERWACHSENE,743,9905,2237,4263,2184,365,83,86,204,4,0,136,47
2026-08-21,00,Deutschland,Kinder,NICU,144,861,554,137,423,83,11,5,45,1,1,13,6
2026-08-21,00,Deutschland,Kinder,PICU,113,273,211,100,169,55,7,12,39,1,0,15,6
2026-08-22,00,Deutschland,Erwachsene,ERWACHSENE,743,9733,2312,4302,2208,363,81,85,207,5,0,132,44
2026-08-22,00,Deutschland,Kinder,NICU,144,859,553,137,417,82,12,5,45,1,1,13,8
2026-08-22,00,Deutschland,Kinder,PICU,112,261,218,95,173,55,8,12,37,1,0,15,7
2026-08-23,00,Deutschland,Erwachsene,ERWACHSENE,739,9490,2453,4295,2317,355,88,79,210,5,0,134,46
2026-08-23,00,Deutschland,Kinder,NICU,144,872,540,140,420,82,12,5,45,2,1,13,8
2026-08-23,00,Deutschland,Kinder,PICU,113,263,221,100,179,54,8,12,39,1,0,16,7
2026-08-24,00,Deutschland,Erwachsene,ERWACHSENE,737,9512,2471,4299,2332,369,80,76,205,5,0,126,44
2026-08-24,00,Deutschland,Kinder,NICU,143,867,532,139,425,82,11,5,45,2,1,12,9
2026-08-24,00,Deutschland,Kinder,PICU,112,253,231,101,180,54,8,11,39,1,0,15,7
2026-08-25,00,Deutschland,Erwachsene,ERWACHSENE,738,9677,2404,4358,2328,367,84,75,205,5,0,126,44
2026-08-25,00,Deutschland,Kinder,NICU,144,875,531,140,419,84,11,4,45,2,1,12,8
2026-08-25,00,Deutschland,Kinder,PICU,114,274,240,101,186,55,9,11,39,1,0,16,7
2026-08-26,00,Deutschland,Erwachsene,ERWACHSENE,738,9721,2385,4334,2309,373,84,72,202,5,0,124,47
2026-08-26,00,Deutschland,Kinder,NICU,144,842,565,135,431,84,10,5,45,4,1,13,9
2026-08-26,00,Deutschland,Kinder,PICU,114,278,241,99,180,53,10,11,40,2,0,16,7
2026-08-27,00,Deutschland,Erwachsene,ERWACHSENE,738,9826,2290,4357,2206,369,86,74,202,6,0,117,55
2026-08-27,00,Deutschland,Kinder,NICU,143,845,557,133,423,84,9,5,45,3,1,12,8
2026-08-27,00,Deutschland,Kinder,PICU,113,278,237,104,179,52,10,11,40,1,0,16,6
2026-08-28,00,Deutschland,Erwachsene,ERWACHSENE,736,9826,2232,4346,2157,368,87,74,199,6,0,121,51
2026-08-28,00,Deutschland,Kinder,NICU,143,868,546,136,420,85,10,4,44,2,1,12,8
2026-08-28,00,Deutschland,Kinder,PICU,114,298,221,104,172,57,10,9,38,1,0,15,4
2026-08-29,00,Deutschland,Erwachsene,ERWACHSENE,739,9735,2305,4350,2166,364,89,70,209,6,0,127,47
2026-08-29,00,Deutschland,Kinder,NICU,144,852,568,135,427,84,12,4,44,2,1,14,7
2026-08-29,00,Deutschland,Kinder,PICU,115,306,222,104,168,54,12,10,39,1,0,18,6
2026-08-30,00,Deutschland,Erwachsene,ERWACHSENE,739,9600,2446,4350,2229,362,87,72,211,5,0,129,45
2026-08-30,00,Deutschland,Kinder,NICU,143,852,555,131,425,85,11,5,42,2,1,14,7
2026-08-30,00,Deutschland,Kinder,PICU,114,291,222,103,169,56,9,10,39,1,0,16,4
2026-08-31,00,Deutschland,Erwachsene,ERWACHSENE,739,9618,2479,4317,2354,373,80,73,206,6,0,124,43
2026-08-31,00,Deutschland,Kinder,NICU,143,851,535,134,417,80,12,7,44,1,1,15,9
2026-08-31,00,Deutschland,Kinder,PICU,114,279,233,102,174,56,9,10,39,1,0,17,5
2026-09-01,00,Deutschland,Erwachsene,ERWACHSENE,747,10035,2242,4358,2189,367,83,80,210,6,0,130,48
2026-09-01,00,Deutschland,Kinder,NICU,143,858,549,133,408,84,9,6,44,1,1,12,8
2026-09-01,00,Deutschland,Kinder,PICU,114,291,226,103,176,56,10,9,39,1,0,18,5
2026-09-02,00,Deutschland,Erwachsene,ERWACHSENE,745,10008,2273,4362,2216,372,82,77,207,6,0,127,47
2026-09-02,00,Deutschland,Kinder,NICU,144,861,555,134,411,84,9,7,44,1,1,12,9
2026-09-02,00,Deutschland,Kinder,PICU,114,302,214,102,164,59,8,9,38,1,0,16,3
2026-09-03,00,Deutschland,Erwachsene,ERWACHSENE,747,10023,2295,4349,2228,374,80,79,207,7,0,126,49
2026-09-03,00,Deutschland,Kinder,NICU,142,843,552,132,414,83,10,7,42,1,1,12,9
2026-09-03,00,Deutschland,Kinder,PICU,111,292,211,98,168,57,10,8,36,1,0,16,5
2026-09-04,00,Deutschland,Erwachsene,ERWACHSENE,746,10037,2233,4348,2159,376,80,76,207,6,0,128,46
2026-09-04,00,Deutschland,Kinder,NICU,141,815,555,133,417,81,9,8,43,1,1,13,8
2026-09-04,00,Deutschland,Kinder,PICU,109,267,204,99,168,56,8,9,36,1,0,14,5
2026-09-05,00,Deutschland,Erwachsene,ERWACHSENE,749,10001,2259,4384,2136,366,85,76,215,6,0,134,41
2026-09-05,00,Deutschland,Kinder,NICU,140,843,530,132,409,80,9,7,44,1,1,13,7
2026-09-05,00,Deutschland,Kinder,PICU,107,269,202,96,163,54,8,8,37,1,0,12,4
2026-09-06,00,Deutschland,Erwachsene,ERWACHSENE,742,9767,2387,4348,2205,365,84,75,211,4,0,135,39
2026-09-06,00,Deutschland,Kinder,NICU,140,833,541,131,426,79,10,6,45,1,1,13,7
2026-09-06,00,Deutschland,Kinder,PICU,107,267,208,94,170,53,8,8,38,1,0,13,5
2026-09-07,00,Deutschland,Erwachsene,ERWACHSENE,746,9790,2497,4390,2353,374,88,72,205,5,0,130,47
2026-09-07,00,Deutschland,Kinder,NICU,141,849,546,134,428,80,11,4,46,1,1,13,7
2026-09-07,00,Deutschland,Kinder,PICU,108,265,220,96,180,55,8,7,38,1,0,13,4
2026-09-08,00,Deutschland,Erwachsene,ERWACHSENE,749,10041,2313,4396,2217,361,100,74,207,4,0,139,48
2026-09-08,00,Deutschland,Kinder,NICU,141,839,558,146,438,83,9,4,45,1,1,12,6
2026-09-08,00,Deutschland,Kinder,PICU,110,302,220,112,179,55,9,8,38,1,0,15,5
2026-09-09,00,Deutschland,Erwachsene,ERWACHSENE,751,10139,2256,4401,2181,359,107,73,205,4,0,145,52
2026-09-09,00,Deutschland,Kinder,NICU,140,857,541,146,423,81,9,4,46,1,1,12,6
2026-09-09,00,Deutschland,Kinder,PICU,111,313,212,115,175,58,9,7,37,1,0,14,4
2026-09-10,00,Deutschland,Erwachsene,ERWACHSENE,749,10015,2328,4380,2255,367,100,73,202,4,0,143,47
2026-09-10,00,Deutschland,Kinder,NICU,139,840,547,144,416,81,9,4,45,1,1,12,5
2026-09-10,00,Deutschland,Kinder,PICU,110,288,231,114,186,57,8,8,37,1,0,13,5
2026-09-11,00,Deutschland,Erwachsene,ERWACHSENE,745,9907,2358,4364,2273,368,95,72,203,4,0,141,41
2026-09-11,00,Deutschland,Kinder,NICU,138,834,545,143,419,82,8,4,44,1,1,11,6
2026-09-11,00,Deutschland,Kinder,PICU,110,291,226,116,178,56,8,10,36,1,0,14,6
2026-09-12,00,Deutschland,Erwachsene,ERWACHSENE,745,9871,2344,4382,2259,370,91,72,205,4,0,133,41
2026-09-12,00,Deutschland,Kinder,NICU,141,851,545,148,416,86,8,5,42,1,1,12,6
2026-09-12,00,Deutschland,Kinder,PICU,112,290,234,120,174,57,8,12,35,1,0,17,6
2026-09-13,00,Deutschland,Erwachsene,ERWACHSENE,744,9724,2440,4400,2303,369,84,76,207,4,0,131,40
2026-09-13,00,Deutschland,Kinder,NICU,141,852,546,151,414,87,8,5,41,1,1,12,6
2026-09-13,00,Deutschland,Kinder,PICU,112,288,234,120,188,58,9,11,34,1,0,17,6
2026-09-14,00,Deutschland,Erwachsene,ERWACHSENE,744,9794,2454,4440,2332,366,94,71,206,6,1,131,48
2026-09-14,00,Deutschland,Kinder,NICU,140,853,531,145,403,85,9,5,41,1,1,13,6
2026-09-14,00,Deutschland,Kinder,PICU,111,280,240,116,179,59,8,10,34,1,0,16,5
2026-09-15,00,Deutschland,Erwachsene,ERWACHSENE,742,10073,2196,4436,2145,362,99,69,205,5,1,138,43
2026-09-15,00,Deutschland,Kinder,NICU,142,865,547,146,424,85,9,5,43,1,1,12,6
2026-09-15,00,Deutschland,Kinder,PICU,112,288,236,123,176,59,8,10,35,1,0,17,4
2026-09-16,00,Deutschland,Erwachsene,ERWACHSENE,740,10014,2204,4407,2188,362,96,70,205,6,0,129,48
2026-09-16,00,Deutschland,Kinder,NICU,142,858,552,140,415,85,11,3,43,1,1,12,5
2026-09-16,00,Deutschland,Kinder,PICU,112,299,217,115,167,57,9,11,35,1,0,18,5
2026-09-17,00,Deutschland,Erwachsene,ERWACHSENE,737,9977,2182,4394,2183,353,96,75,206,4,0,132,53
2026-09-17,00,Deutschland,Kinder,NICU,142,839,574,143,420,86,11,3,42,1,1,12,5
2026-09-17,00,Deutschland,Kinder,PICU,112,311,209,113,167,59,8,12,33,1,0,18,6
2026-09-18,00,Deutschland,Erwachsene,ERWACHSENE,731,9829,2087,4365,2099,348,101,67,208,6,0,130,53
2026-09-18,00,Deutschland,Kinder,NICU,142,831,579,140,419,89,9,3,41,1,1,10,6
2026-09-18,00,Deutschland,Kinder,PICU,112,312,210,107,162,58,9,12,33,1,0,19,5
2026-09-19,00,Deutschland,Erwachsene,ERWACHSENE,732,9747,2153,4368,2153,345,100,69,211,4,0,135,53
2026-09-19,00,Deutschland,Kinder,NICU,142,810,589,140,413,87,9,3,43,1,1,11,5
2026-09-19,00,Deutschland,Kinder,PICU,112,311,207,106,159,56,9,12,35,1,0,18,6
2026-09-20,00,Deutschland,Erwachsene,ERWACHSENE,729,9533,2297,4372,2232,351,99,61,211,4,0,126,48
2026-09-20,00,Deutschland,Kinder,NICU,142,832,569,138,416,87,9,4,42,1,1,12,5
2026-09-20,00,Deutschland,Kinder,PICU,112,299,217,110,166,57,10,10,35,1,0,17,6
2026-09-21,00,Deutschland,Erwachsene,ERWACHSENE,734,9748,2319,4377,2245,367,90,64,206,4,0,124,48
2026-09-21,00,Deutschland,Kinder,NICU,142,844,566,138,407,82,12,4,44,2,1,15,6
2026-09-21,00,Deutschland,Kinder,PICU,112,292,221,110,174,56,9,10,37,1,0,17,7
2026-09-22,00,Deutschland,Erwachsene,ERWACHSENE,736,9913,2240,4350,2195,357,97,69,208,3,0,129,52
2026-09-22,00,Deutschland,Kinder,NICU,142,847,558,139,402,81,11,5,45,1,1,14,8
2026-09-22,00,Deutschland,Kinder,PICU,113,300,222,111,178,55,11,9,38,1,0,17,8
2026-09-23,00,Deutschland,Erwachsene,ERWACHSENE,735,10002,2172,4345,2144,365,90,72,203,3,0,126,50
2026-09-23,00,Deutschland,Kinder,NICU,142,854,553,137,396,81,11,5,45,1,1,14,8
2026-09-23,00,Deutschland,Kinder,PICU,113,315,206,110,170,56,11,9,37,1,0,17,8
2026-09-24,00,Deutschland,Erwachsene,ERWACHSENE,735,9972,2231,4337,2157,359,93,70,208,3,0,128,52
2026-09-24,00,Deutschland,Kinder,NICU,142,839,569,137,407,81,11,5,45,1,1,14,6
2026-09-24,00,Deutschland,Kinder,PICU,113,302,223,108,175,57,10,9,37,1,0,16,7
2026-09-25,00,Deutschland,Erwachsene,ERWACHSENE,736,9989,2200,4322,2136,360,95,72,202,3,0,133,49
2026-09-25,00,Deutschland,Kinder,NICU,143,851,572,133,416,80,11,5,47,2,1,15,7
2026-09-25,00,Deutschland,Kinder,PICU,113,304,219,107,168,57,9,10,37,1,0,15,7
2026-09-26,00,Deutschland,Erwachsene,ERWACHSENE,735,9825,2242,4245,2182,357,96,74,201,4,1,137,50
2026-09-26,00,Deutschland,Kinder,NICU,142,844,561,133,415,81,11,5,45,1,1,15,6
2026-09-26,00,Deutschland,Kinder,PICU,112,298,226,105,172,56,10,10,36,1,0,15,8
2026-09-27,00,Deutschland,Erwachsene,ERWACHSENE,735,9780,2331,4355,2221,367,90,69,202,3,0,127,45
2026-09-27,00,Deutschland,Kinder,NICU,142,845,563,134,426,83,12,4,43,1,1,15,5
2026-09-27,00,Deutschland,Kinder,PICU,112,292,223,105,172,56,9,11,36,1,0,17,6
2026-09-28,00,Deutschland,Erwachsene,ERWACHSENE,736,9820,2336,4379,2225,366,86,75,202,4,0,123,53
2026-09-28,00,Deutschland,Kinder,NICU,142,868,547,135,415,86,10,4,42,1,1,13,5
2026-09-28,00,Deutschland,Kinder,PICU,112,294,226,105,176,56,9,12,35,1,0,18,6
2026-09-29,00,Deutschland,Erwachsene,ERWACHSENE,738,10093,2124,4366,2084,370,83,77,201,4,0,121,56
2026-09-29,00,Deutschland,Kinder,NICU,142,875,543,135,425,85,10,4,43,1,1,12,6
2026-09-29,00,Deutschland,Kinder,PICU,111,271,226,105,179,57,8,11,35,1,0,16,5
2026-09-30,00,Deutschland,Erwachsene,ERWACHSENE,740,10130,2104,4375,2067,374,76,81,202,4,0,117,59
2026-09-30,00,Deutschland,Kinder,NICU,141,862,546,135,420,84,11,5,41,1,1,14,8
2026-09-30,00,Deutschland,Kinder,PICU,110,274,215,105,169,55,8,12,35,1,0,16,6
2026-10-01,00,Deutschland,Erwachsene,ERWACHSENE,742,10237,2022,4386,1999,368,76,86,205,4,0,125,56
2026-10-01,00,Deutschland,Kinder,NICU,140,861,536,134,401,81,11,7,41,2,1,15,10
2026-10-01,00,Deutschland,Kinder,PICU,109,286,200,105,157,53,8,13,35,1,0,17,7
2026-10-02,00,Deutschland,Erwachsene,ERWACHSENE,738,10124,2059,4375,2047,356,82,84,209,4,0,128,61
2026-10-02,00,Deutschland,Kinder,NICU,139,882,500,132,386,79,11,7,42,2,1,15,10
2026-10-02,00,Deutschland,Kinder,PICU,110,286,198,103,147,52,8,12,38,1,0,16,6
2026-10-03,00,Deutschland,Erwachsene,ERWACHSENE,743,10129,2068,4407,2052,351,86,78,221,4,0,127,51
2026-10-03,00,Deutschland,Kinder,NICU,140,892,498,131,382,79,12,7,42,3,1,15,11
2026-10-03,00,Deutschland,Kinder,PICU,111,278,212,104,153,54,8,11,38,1,0,15,6
2026-10-04,00,Deutschland,Erwachsene,ERWACHSENE,742,9881,2278,4380,2164,357,87,69,222,4,0,124,43
2026-10-04,00,Deutschland,Kinder,NICU,140,859,527,131,382,79,12,7,42,3,1,15,11
2026-10-04,00,Deutschland,Kinder,PICU,110,283,201,101,150,53,7,12,38,1,0,15,6
2026-10-05,00,Deutschland,Erwachsene,ERWACHSENE,743,9955,2280,4385,2154,353,84,77,222,5,0,127,47
2026-10-05,00,Deutschland,Kinder,NICU,140,845,540,131,384,80,10,7,43,2,1,13,9
2026-10-05,00,Deutschland,Kinder,PICU,110,290,200,100,146,54,7,11,38,0,0,13,5
2026-10-06,00,Deutschland,Erwachsene,ERWACHSENE,746,10068,2255,4418,2149,359,81,79,220,4,0,127,50
2026-10-06,00,Deutschland,Kinder,NICU,141,858,545,137,389,81,10,8,42,1,1,14,8
2026-10-06,00,Deutschland,Kinder,PICU,112,327,198,108,154,53,12,11,36,1,0,17,8
2026-10-07,00,Deutschland,Erwachsene,ERWACHSENE,745,10243,2101,4408,2066,359,86,73,220,3,0,125,51
2026-10-07,00,Deutschland,Kinder,NICU,140,853,544,139,388,82,8,8,42,2,1,13,9
2026-10-07,00,Deutschland,Kinder,PICU,111,313,201,112,169,53,10,11,37,1,0,16,6
